spots,legs,eyes,arms,colour_green,stim_id,danger_true,block,trial_in_block,trial_within_subject,agent_id,w1_true,w2_true,w3_true,w4_true,w5_true,c_true,log_c_true,bias_true,prob_cat1,sim_response,correct,performance
0,0,0,0,1,17,0,1,1,1,1,0.2,0.2,0.2,0.2,0.2,0.5,-0.6931471805599453,0.5,0.5,1,0,0
1,0,1,1,1,30,1,1,2,2,1,0.2,0.2,0.2,0.2,0.2,0.5,-0.6931471805599453,0.5,0.5,0,0,0
0,0,1,1,1,29,0,1,3,3,1,0.2,0.2,0.2,0.2,0.2,0.5,-0.6931471805599453,0.5,0.5249791874789399,0,1,0.3333333333333333
1,0,1,0,0,6,1,1,4,4,1,0.2,0.2,0.2,0.2,0.2,0.5,-0.6931471805599453,0.5,0.52497918747894,0,0,0.25
0,1,1,1,0,15,0,1,5,5,1,0.2,0.2,0.2,0.2,0.2,0.5,-0.6931471805599453,0.5,0.4987520803857839,0,1,0.4
1,0,0,1,0,10,0,1,6,6,1,0.2,0.2,0.2,0.2,0.2,0.5,-0.6931471805599453,0.5,0.52497918747894,0,1,0.5
0,0,1,0,1,21,0,1,7,7,1,0.2,0.2,0.2,0.2,0.2,0.5,-0.6931471805599453,0.5,0.5041650329203535,0,1,0.5714285714285714
1,1,0,0,0,4,0,1,8,8,1,0.2,0.2,0.2,0.2,0.2,0.5,-0.6931471805599453,0.5,0.509959738845597,0,1,0.625
0,0,1,1,0,13,0,1,9,9,1,0.2,0.2,0.2,0.2,0.2,0.5,-0.6931471805599453,0.5,0.502768999962901,0,1,0.6666666666666666
1,1,1,1,0,16,1,1,10,10,1,0.2,0.2,0.2,0.2,0.2,0.5,-0.6931471805599453,0.5,0.5158606017978038,1,1,0.7
0,1,0,1,1,27,0,1,11,11,1,0.2,0.2,0.2,0.2,0.2,0.5,-0.6931471805599453,0.5,0.4734219323394058,1,0,0.6363636363636364
1,0,1,1,0,14,1,1,12,12,1,0.2,0.2,0.2,0.2,0.2,0.5,-0.6931471805599453,0.5,0.5358779395981598,1,1,0.6666666666666666
0,0,0,1,1,25,0,1,13,13,1,0.2,0.2,0.2,0.2,0.2,0.5,-0.6931471805599453,0.5,0.46844408390188375,1,0,0.6153846153846154
0,1,0,0,0,3,0,1,14,14,1,0.2,0.2,0.2,0.2,0.2,0.5,-0.6931471805599453,0.5,0.47015326600849844,1,0,0.5714285714285714
1,1,1,0,1,24,1,1,15,15,1,0.2,0.2,0.2,0.2,0.2,0.5,-0.6931471805599453,0.5,0.520854083665379,0,0,0.5333333333333333
1,1,1,1,1,32,1,1,16,16,1,0.2,0.2,0.2,0.2,0.2,0.5,-0.6931471805599453,0.5,0.5326249612240049,1,1,0.5625
0,0,0,0,0,1,0,1,17,17,1,0.2,0.2,0.2,0.2,0.2,0.5,-0.6931471805599453,0.5,0.4614233948716583,0,1,0.5882352941176471
1,0,0,0,0,2,0,1,18,18,1,0.2,0.2,0.2,0.2,0.2,0.5,-0.6931471805599453,0.5,0.4964192754395102,0,1,0.6111111111111112
0,1,1,1,1,31,0,1,19,19,1,0.2,0.2,0.2,0.2,0.2,0.5,-0.6931471805599453,0.5,0.5072951442948456,0,1,0.631578947368421
1,0,0,1,1,26,0,1,20,20,1,0.2,0.2,0.2,0.2,0.2,0.5,-0.6931471805599453,0.5,0.5047500144009265,0,1,0.65
0,1,1,0,1,23,0,1,21,21,1,0.2,0.2,0.2,0.2,0.2,0.5,-0.6931471805599453,0.5,0.4990200359157122,1,0,0.6190476190476191
1,0,0,0,1,18,0,1,22,22,1,0.2,0.2,0.2,0.2,0.2,0.5,-0.6931471805599453,0.5,0.49573480044187024,1,0,0.5909090909090909
0,0,1,0,0,5,0,1,23,23,1,0.2,0.2,0.2,0.2,0.2,0.5,-0.6931471805599453,0.5,0.49276715056697107,0,1,0.6086956521739131
0,1,1,0,0,7,0,1,24,24,1,0.2,0.2,0.2,0.2,0.2,0.5,-0.6931471805599453,0.5,0.4954963193397221,1,0,0.5833333333333334
1,1,1,0,0,8,1,1,25,25,1,0.2,0.2,0.2,0.2,0.2,0.5,-0.6931471805599453,0.5,0.5283997898933452,1,1,0.6
1,1,0,1,0,12,0,1,26,26,1,0.2,0.2,0.2,0.2,0.2,0.5,-0.6931471805599453,0.5,0.5128865688257126,1,0,0.5769230769230769
0,0,0,1,0,9,0,1,27,27,1,0.2,0.2,0.2,0.2,0.2,0.5,-0.6931471805599453,0.5,0.4684709789112174,1,0,0.5555555555555556
1,0,1,0,1,22,1,1,28,28,1,0.2,0.2,0.2,0.2,0.2,0.5,-0.6931471805599453,0.5,0.5253608960521361,0,0,0.5357142857142857
1,1,0,0,1,20,0,1,29,29,1,0.2,0.2,0.2,0.2,0.2,0.5,-0.6931471805599453,0.5,0.5058399191106845,1,0,0.5172413793103449
0,1,0,1,0,11,0,1,30,30,1,0.2,0.2,0.2,0.2,0.2,0.5,-0.6931471805599453,0.5,0.46953370336753864,0,1,0.5333333333333333
1,1,0,1,1,28,0,1,31,31,1,0.2,0.2,0.2,0.2,0.2,0.5,-0.6931471805599453,0.5,0.5028168312516271,0,1,0.5483870967741935
0,1,0,0,1,19,0,1,32,32,1,0.2,0.2,0.2,0.2,0.2,0.5,-0.6931471805599453,0.5,0.4690029952257251,0,1,0.5625
1,0,1,1,1,30,1,2,1,33,1,0.2,0.2,0.2,0.2,0.2,0.5,-0.6931471805599453,0.5,0.5330106284065985,1,1,0.5757575757575758
0,0,1,0,0,5,0,2,2,34,1,0.2,0.2,0.2,0.2,0.2,0.5,-0.6931471805599453,0.5,0.4977095358376002,0,1,0.5882352941176471
1,1,0,1,1,28,0,2,3,35,1,0.2,0.2,0.2,0.2,0.2,0.5,-0.6931471805599453,0.5,0.5027560956246213,0,1,0.6
1,1,1,0,1,24,1,2,4,36,1,0.2,0.2,0.2,0.2,0.2,0.5,-0.6931471805599453,0.5,0.5309813762085297,1,1,0.6111111111111112
0,1,1,0,0,7,0,2,5,37,1,0.2,0.2,0.2,0.2,0.2,0.5,-0.6931471805599453,0.5,0.4966970952730644,1,0,0.5945945945945946
0,1,0,1,0,11,0,2,6,38,1,0.2,0.2,0.2,0.2,0.2,0.5,-0.6931471805599453,0.5,0.46437870822224847,0,1,0.6052631578947368
1,1,0,0,1,20,0,2,7,39,1,0.2,0.2,0.2,0.2,0.2,0.5,-0.6931471805599453,0.5,0.5027010760287475,1,0,0.5897435897435898
0,1,1,1,0,15,0,2,8,40,1,0.2,0.2,0.2,0.2,0.2,0.5,-0.6931471805599453,0.5,0.4952449918934526,1,0,0.575
0,1,0,1,1,27,0,2,9,41,1,0.2,0.2,0.2,0.2,0.2,0.5,-0.6931471805599453,0.5,0.4687464807700199,0,1,0.5853658536585366
0,1,0,0,0,3,0,2,10,42,1,0.2,0.2,0.2,0.2,0.2,0.5,-0.6931471805599453,0.5,0.4624613752869135,0,1,0.5952380952380952
1,0,0,0,0,2,0,2,11,43,1,0.2,0.2,0.2,0.2,0.2,0.5,-0.6931471805599453,0.5,0.4990938943681142,1,0,0.5813953488372093
1,0,0,0,1,18,0,2,12,44,1,0.2,0.2,0.2,0.2,0.2,0.5,-0.6931471805599453,0.5,0.5040564948660482,0,1,0.5909090909090909
1,1,1,1,0,16,1,2,13,45,1,0.2,0.2,0.2,0.2,0.2,0.5,-0.6931471805599453,0.5,0.5287877031424992,1,1,0.6
1,0,1,0,0,6,1,2,14,46,1,0.2,0.2,0.2,0.2,0.2,0.5,-0.6931471805599453,0.5,0.5289718308743576,0,0,0.5869565217391305
0,0,1,0,1,21,0,2,15,47,1,0.2,0.2,0.2,0.2,0.2,0.5,-0.6931471805599453,0.5,0.5015713805697116,1,0,0.574468085106383
1,0,1,0,1,22,1,2,16,48,1,0.2,0.2,0.2,0.2,0.2,0.5,-0.6931471805599453,0.5,0.5326361695752121,0,0,0.5625
1,1,0,1,0,12,0,2,17,49,1,0.2,0.2,0.2,0.2,0.2,0.5,-0.6931471805599453,0.5,0.49611059673496466,0,1,0.5714285714285714
1,0,0,1,0,10,0,2,18,50,1,0.2,0.2,0.2,0.2,0.2,0.5,-0.6931471805599453,0.5,0.49904879880852865,0,1,0.58
0,1,0,0,1,19,0,2,19,51,1,0.2,0.2,0.2,0.2,0.2,0.5,-0.6931471805599453,0.5,0.46799126513369116,0,1,0.5882352941176471
0,0,0,1,1,25,0,2,20,52,1,0.2,0.2,0.2,0.2,0.2,0.5,-0.6931471805599453,0.5,0.4705737731898782,1,0,0.5769230769230769
0,0,0,0,1,17,0,2,21,53,1,0.2,0.2,0.2,0.2,0.2,0.5,-0.6931471805599453,0.5,0.4703743767567766,0,1,0.5849056603773585
1,1,0,0,0,4,0,2,22,54,1,0.2,0.2,0.2,0.2,0.2,0.5,-0.6931471805599453,0.5,0.49587831447820263,0,1,0.5925925925925926
0,1,1,1,1,31,0,2,23,55,1,0.2,0.2,0.2,0.2,0.2,0.5,-0.6931471805599453,0.5,0.5004143232478789,0,1,0.6
1,0,1,1,0,14,1,2,24,56,1,0.2,0.2,0.2,0.2,0.2,0.5,-0.6931471805599453,0.5,0.5338090382796493,1,1,0.6071428571428571
0,0,1,1,0,13,0,2,25,57,1,0.2,0.2,0.2,0.2,0.2,0.5,-0.6931471805599453,0.5,0.5041144943917908,0,1,0.6140350877192983
1,1,1,0,0,8,1,2,26,58,1,0.2,0.2,0.2,0.2,0.2,0.5,-0.6931471805599453,0.5,0.5295001395435663,0,0,0.603448275862069
0,0,0,1,0,9,0,2,27,59,1,0.2,0.2,0.2,0.2,0.2,0.5,-0.6931471805599453,0.5,0.46850090875279526,1,0,0.5932203389830508
1,1,1,1,1,32,1,2,28,60,1,0.2,0.2,0.2,0.2,0.2,0.5,-0.6931471805599453,0.5,0.530644522642756,1,1,0.6
1,0,0,1,1,26,0,2,29,61,1,0.2,0.2,0.2,0.2,0.2,0.5,-0.6931471805599453,0.5,0.4998385974840014,1,0,0.5901639344262295
0,0,0,0,0,1,0,2,30,62,1,0.2,0.2,0.2,0.2,0.2,0.5,-0.6931471805599453,0.5,0.4668074992606123,1,0,0.5806451612903226
0,1,1,0,1,23,0,2,31,63,1,0.2,0.2,0.2,0.2,0.2,0.5,-0.6931471805599453,0.5,0.5009061272371583,0,1,0.5873015873015873
0,0,1,1,1,29,0,2,32,64,1,0.2,0.2,0.2,0.2,0.2,0.5,-0.6931471805599453,0.5,0.5006342501126078,1,0,0.578125
1,1,0,1,0,12,0,3,1,65,1,0.2,0.2,0.2,0.2,0.2,0.5,-0.6931471805599453,0.5,0.4991673608793959,1,0,0.5692307692307692
0,1,1,0,0,7,0,3,2,66,1,0.2,0.2,0.2,0.2,0.2,0.5,-0.6931471805599453,0.5,0.4994505847270091,0,1,0.5757575757575758
1,0,1,0,0,6,1,3,3,67,1,0.2,0.2,0.2,0.2,0.2,0.5,-0.6931471805599453,0.5,0.5327102889881699,1,1,0.582089552238806
0,0,1,1,0,13,0,3,4,68,1,0.2,0.2,0.2,0.2,0.2,0.5,-0.6931471805599453,0.5,0.49992066984654626,0,1,0.5882352941176471
1,0,1,1,0,14,1,3,5,69,1,0.2,0.2,0.2,0.2,0.2,0.5,-0.6931471805599453,0.5,0.5324575381080925,0,0,0.5797101449275363
1,1,1,0,0,8,1,3,6,70,1,0.2,0.2,0.2,0.2,0.2,0.5,-0.6931471805599453,0.5,0.5316961689137372,1,1,0.5857142857142857
0,0,0,1,1,25,0,3,7,71,1,0.2,0.2,0.2,0.2,0.2,0.5,-0.6931471805599453,0.5,0.4656909918696909,1,0,0.5774647887323944
0,0,1,1,1,29,0,3,8,72,1,0.2,0.2,0.2,0.2,0.2,0.5,-0.6931471805599453,0.5,0.4967078172864956,0,1,0.5833333333333334
0,1,0,1,1,27,0,3,9,73,1,0.2,0.2,0.2,0.2,0.2,0.5,-0.6931471805599453,0.5,0.4633050181876545,1,0,0.5753424657534246
1,0,1,1,1,30,1,3,10,74,1,0.2,0.2,0.2,0.2,0.2,0.5,-0.6931471805599453,0.5,0.5301415820663528,1,1,0.581081081081081
0,1,0,1,0,11,0,3,11,75,1,0.2,0.2,0.2,0.2,0.2,0.5,-0.6931471805599453,0.5,0.4654485758016295,0,1,0.5866666666666667
0,1,0,0,0,3,0,3,12,76,1,0.2,0.2,0.2,0.2,0.2,0.5,-0.6931471805599453,0.5,0.4669234283225138,1,0,0.5789473684210527
1,0,0,0,0,2,0,3,13,77,1,0.2,0.2,0.2,0.2,0.2,0.5,-0.6931471805599453,0.5,0.5035571021195768,0,1,0.5844155844155844
1,1,1,0,1,24,1,3,14,78,1,0.2,0.2,0.2,0.2,0.2,0.5,-0.6931471805599453,0.5,0.5321233418813376,1,1,0.5897435897435898
1,0,1,0,1,22,1,3,15,79,1,0.2,0.2,0.2,0.2,0.2,0.5,-0.6931471805599453,0.5,0.5353921444149777,1,1,0.5949367088607594
1,0,0,0,1,18,0,3,16,80,1,0.2,0.2,0.2,0.2,0.2,0.5,-0.6931471805599453,0.5,0.5033996936853721,0,1,0.6
1,0,0,1,0,10,0,3,17,81,1,0.2,0.2,0.2,0.2,0.2,0.5,-0.6931471805599453,0.5,0.49848855316946655,1,0,0.5925925925925926
0,0,0,0,0,1,0,3,18,82,1,0.2,0.2,0.2,0.2,0.2,0.5,-0.6931471805599453,0.5,0.4684016868331911,1,0,0.5853658536585366
1,1,1,1,1,32,1,3,19,83,1,0.2,0.2,0.2,0.2,0.2,0.5,-0.6931471805599453,0.5,0.5319728133937396,1,1,0.5903614457831325
0,1,1,0,1,23,0,3,20,84,1,0.2,0.2,0.2,0.2,0.2,0.5,-0.6931471805599453,0.5,0.5018679802556876,1,0,0.5833333333333334
0,1,1,1,0,15,0,3,21,85,1,0.2,0.2,0.2,0.2,0.2,0.5,-0.6931471805599453,0.5,0.4968696502565709,1,0,0.5764705882352941
1,1,0,0,1,20,0,3,22,86,1,0.2,0.2,0.2,0.2,0.2,0.5,-0.6931471805599453,0.5,0.5014425608486776,1,0,0.5697674418604651
0,1,1,1,1,31,0,3,23,87,1,0.2,0.2,0.2,0.2,0.2,0.5,-0.6931471805599453,0.5,0.4988080869938803,0,1,0.5747126436781609
0,0,0,0,1,17,0,3,24,88,1,0.2,0.2,0.2,0.2,0.2,0.5,-0.6931471805599453,0.5,0.4692973627817551,1,0,0.5681818181818182
0,0,0,1,0,9,0,3,25,89,1,0.2,0.2,0.2,0.2,0.2,0.5,-0.6931471805599453,0.5,0.46562498558876886,0,1,0.5730337078651685
0,1,0,0,1,19,0,3,26,90,1,0.2,0.2,0.2,0.2,0.2,0.5,-0.6931471805599453,0.5,0.4673894679884204,1,0,0.5666666666666667
1,0,0,1,1,26,0,3,27,91,1,0.2,0.2,0.2,0.2,0.2,0.5,-0.6931471805599453,0.5,0.5003791843719645,0,1,0.5714285714285714
1,1,0,1,1,28,0,3,28,92,1,0.2,0.2,0.2,0.2,0.2,0.5,-0.6931471805599453,0.5,0.49845665993137206,0,1,0.5760869565217391
0,0,1,0,0,5,0,3,29,93,1,0.2,0.2,0.2,0.2,0.2,0.5,-0.6931471805599453,0.5,0.5010910858677403,1,0,0.5698924731182796
1,1,1,1,0,16,1,3,30,94,1,0.2,0.2,0.2,0.2,0.2,0.5,-0.6931471805599453,0.5,0.5311834683004978,1,1,0.574468085106383
0,0,1,0,1,21,0,3,31,95,1,0.2,0.2,0.2,0.2,0.2,0.5,-0.6931471805599453,0.5,0.4996306622150289,1,0,0.5684210526315789
1,1,0,0,0,4,0,3,32,96,1,0.2,0.2,0.2,0.2,0.2,0.5,-0.6931471805599453,0.5,0.5001374366023841,1,0,0.5625
1,1,0,1,0,12,0,1,1,1,2,0.2,0.2,0.2,0.2,0.2,0.5,-0.6931471805599453,0.5,0.5,0,1,1
1,1,1,0,0,8,1,1,2,2,2,0.2,0.2,0.2,0.2,0.2,0.5,-0.6931471805599453,0.5,0.5,1,1,1
0,1,0,1,0,11,0,1,3,3,2,0.2,0.2,0.2,0.2,0.2,0.5,-0.6931471805599453,0.5,0.45016600268752205,0,1,1
0,0,1,1,0,13,0,1,4,4,2,0.2,0.2,0.2,0.2,0.2,0.5,-0.6931471805599453,0.5,0.48719043370245985,1,0,0.75
0,1,0,0,1,19,0,1,5,5,2,0.2,0.2,0.2,0.2,0.2,0.5,-0.6931471805599453,0.5,0.49916736087939584,0,1,0.8
0,1,0,1,1,27,0,1,6,6,2,0.2,0.2,0.2,0.2,0.2,0.5,-0.6931471805599453,0.5,0.4431498907880898,0,1,0.8333333333333334
0,1,1,1,1,31,0,1,7,7,2,0.2,0.2,0.2,0.2,0.2,0.5,-0.6931471805599453,0.5,0.47452216866710567,0,1,0.8571428571428571
1,0,0,1,0,10,0,1,8,8,2,0.2,0.2,0.2,0.2,0.2,0.5,-0.6931471805599453,0.5,0.49013923868239584,1,0,0.75
1,0,0,0,1,18,0,1,9,9,2,0.2,0.2,0.2,0.2,0.2,0.5,-0.6931471805599453,0.5,0.5026982656067251,1,0,0.6666666666666666
1,0,0,0,0,2,0,1,10,10,2,0.2,0.2,0.2,0.2,0.2,0.5,-0.6931471805599453,0.5,0.5166489122586592,1,0,0.6
0,0,0,0,1,17,0,1,11,11,2,0.2,0.2,0.2,0.2,0.2,0.5,-0.6931471805599453,0.5,0.46004727600504386,1,0,0.5454545454545454
1,0,1,1,0,14,1,1,12,12,2,0.2,0.2,0.2,0.2,0.2,0.5,-0.6931471805599453,0.5,0.5180505971078626,0,0,0.5
0,0,0,1,1,25,0,1,13,13,2,0.2,0.2,0.2,0.2,0.2,0.5,-0.6931471805599453,0.5,0.4509066876710856,0,1,0.5384615384615384
1,1,1,1,1,32,1,1,14,14,2,0.2,0.2,0.2,0.2,0.2,0.5,-0.6931471805599453,0.5,0.519562546998462,1,1,0.5714285714285714
0,0,1,0,1,21,0,1,15,15,2,0.2,0.2,0.2,0.2,0.2,0.5,-0.6931471805599453,0.5,0.49160554619690033,0,1,0.6
1,1,0,0,0,4,0,1,16,16,2,0.2,0.2,0.2,0.2,0.2,0.5,-0.6931471805599453,0.5,0.5079384466446761,0,1,0.625
0,0,0,0,0,1,0,1,17,17,2,0.2,0.2,0.2,0.2,0.2,0.5,-0.6931471805599453,0.5,0.46260894227074423,0,1,0.6470588235294118
0,1,1,0,0,7,0,1,18,18,2,0.2,0.2,0.2,0.2,0.2,0.5,-0.6931471805599453,0.5,0.5098783363968112,0,1,0.6666666666666666
0,1,0,0,0,3,0,1,19,19,2,0.2,0.2,0.2,0.2,0.2,0.5,-0.6931471805599453,0.5,0.46859569600804846,0,1,0.6842105263157895
1,1,0,1,1,28,0,1,20,20,2,0.2,0.2,0.2,0.2,0.2,0.5,-0.6931471805599453,0.5,0.5056279058104852,0,1,0.7
1,0,1,0,0,6,1,1,21,21,2,0.2,0.2,0.2,0.2,0.2,0.5,-0.6931471805599453,0.5,0.5300017567897278,0,0,0.6666666666666666
1,0,1,0,1,22,1,1,22,22,2,0.2,0.2,0.2,0.2,0.2,0.5,-0.6931471805599453,0.5,0.5287304541647995,1,1,0.6818181818181818
0,0,0,1,0,9,0,1,23,23,2,0.2,0.2,0.2,0.2,0.2,0.5,-0.6931471805599453,0.5,0.46793319547409296,1,0,0.6521739130434783
1,0,1,1,1,30,1,1,24,24,2,0.2,0.2,0.2,0.2,0.2,0.5,-0.6931471805599453,0.5,0.534629709627843,0,0,0.625
0,0,1,0,0,5,0,1,25,25,2,0.2,0.2,0.2,0.2,0.2,0.5,-0.6931471805599453,0.5,0.5051040109100047,1,0,0.6
1,1,1,1,0,16,1,1,26,26,2,0.2,0.2,0.2,0.2,0.2,0.5,-0.6931471805599453,0.5,0.5300571721635923,0,0,0.5769230769230769
1,1,1,0,1,24,1,1,27,27,2,0.2,0.2,0.2,0.2,0.2,0.5,-0.6931471805599453,0.5,0.531667066476102,0,0,0.5555555555555556
0,1,1,0,1,23,0,1,28,28,2,0.2,0.2,0.2,0.2,0.2,0.5,-0.6931471805599453,0.5,0.5026276300403488,1,0,0.5357142857142857
0,1,1,1,0,15,0,1,29,29,2,0.2,0.2,0.2,0.2,0.2,0.5,-0.6931471805599453,0.5,0.49951881233046336,0,1,0.5517241379310345
1,0,0,1,1,26,0,1,30,30,2,0.2,0.2,0.2,0.2,0.2,0.5,-0.6931471805599453,0.5,0.503522624406506,0,1,0.5666666666666667
0,0,1,1,1,29,0,1,31,31,2,0.2,0.2,0.2,0.2,0.2,0.5,-0.6931471805599453,0.5,0.5006444927599123,0,1,0.5806451612903226
1,1,0,0,1,20,0,1,32,32,2,0.2,0.2,0.2,0.2,0.2,0.5,-0.6931471805599453,0.5,0.5021741372394589,0,1,0.59375
0,1,0,1,1,27,0,2,1,33,2,0.2,0.2,0.2,0.2,0.2,0.5,-0.6931471805599453,0.5,0.46643643198353063,1,0,0.5757575757575758
0,0,1,0,0,5,0,2,2,34,2,0.2,0.2,0.2,0.2,0.2,0.5,-0.6931471805599453,0.5,0.5006252369296589,1,0,0.5588235294117647
1,0,0,0,1,18,0,2,3,35,2,0.2,0.2,0.2,0.2,0.2,0.5,-0.6931471805599453,0.5,0.5002365769164108,0,1,0.5714285714285714
1,1,0,0,1,20,0,2,4,36,2,0.2,0.2,0.2,0.2,0.2,0.5,-0.6931471805599453,0.5,0.4986851374741319,1,0,0.5555555555555556
0,0,1,1,0,13,0,2,5,37,2,0.2,0.2,0.2,0.2,0.2,0.5,-0.6931471805599453,0.5,0.5016249139518912,0,1,0.5675675675675675
1,0,0,1,0,10,0,2,6,38,2,0.2,0.2,0.2,0.2,0.2,0.5,-0.6931471805599453,0.5,0.4998469967837411,0,1,0.5789473684210527
1,0,1,0,0,6,1,2,7,39,2,0.2,0.2,0.2,0.2,0.2,0.5,-0.6931471805599453,0.5,0.5311884346486336,1,1,0.5897435897435898
1,1,1,0,1,24,1,2,8,40,2,0.2,0.2,0.2,0.2,0.2,0.5,-0.6931471805599453,0.5,0.5315120105347321,1,1,0.6
0,0,0,1,1,25,0,2,9,41,2,0.2,0.2,0.2,0.2,0.2,0.5,-0.6931471805599453,0.5,0.46394313978816476,0,1,0.6097560975609756
1,1,0,0,0,4,0,2,10,42,2,0.2,0.2,0.2,0.2,0.2,0.5,-0.6931471805599453,0.5,0.5028194963825142,1,0,0.5952380952380952
0,0,1,0,1,21,0,2,11,43,2,0.2,0.2,0.2,0.2,0.2,0.5,-0.6931471805599453,0.5,0.5024347833704228,0,1,0.6046511627906976
0,0,0,1,0,9,0,2,12,44,2,0.2,0.2,0.2,0.2,0.2,0.5,-0.6931471805599453,0.5,0.4644060938037,1,0,0.5909090909090909
1,1,1,1,1,32,1,2,13,45,2,0.2,0.2,0.2,0.2,0.2,0.5,-0.6931471805599453,0.5,0.532048950685818,0,0,0.5777777777777777
0,1,1,0,1,23,0,2,14,46,2,0.2,0.2,0.2,0.2,0.2,0.5,-0.6931471805599453,0.5,0.5048899767501579,0,1,0.5869565217391305
1,0,1,0,1,22,1,2,15,47,2,0.2,0.2,0.2,0.2,0.2,0.5,-0.6931471805599453,0.5,0.5316888080195566,0,0,0.574468085106383
1,0,0,0,0,2,0,2,16,48,2,0.2,0.2,0.2,0.2,0.2,0.5,-0.6931471805599453,0.5,0.49841060262864245,0,1,0.5833333333333334
0,1,0,1,0,11,0,2,17,49,2,0.2,0.2,0.2,0.2,0.2,0.5,-0.6931471805599453,0.5,0.4650156727414012,1,0,0.5714285714285714
1,0,0,1,1,26,0,2,18,50,2,0.2,0.2,0.2,0.2,0.2,0.5,-0.6931471805599453,0.5,0.49812495579845256,0,1,0.58
1,0,1,1,1,30,1,2,19,51,2,0.2,0.2,0.2,0.2,0.2,0.5,-0.6931471805599453,0.5,0.5311896642251088,1,1,0.5882352941176471
1,1,1,1,0,16,1,2,20,52,2,0.2,0.2,0.2,0.2,0.2,0.5,-0.6931471805599453,0.5,0.5292206611369974,0,0,0.5769230769230769
1,1,0,1,0,12,0,2,21,53,2,0.2,0.2,0.2,0.2,0.2,0.5,-0.6931471805599453,0.5,0.49749513600946854,1,0,0.5660377358490566
0,1,0,0,1,19,0,2,22,54,2,0.2,0.2,0.2,0.2,0.2,0.5,-0.6931471805599453,0.5,0.47037504216719084,1,0,0.5555555555555556
1,1,0,1,1,28,0,2,23,55,2,0.2,0.2,0.2,0.2,0.2,0.5,-0.6931471805599453,0.5,0.49982083516529857,1,0,0.5454545454545454
0,0,0,0,0,1,0,2,24,56,2,0.2,0.2,0.2,0.2,0.2,0.5,-0.6931471805599453,0.5,0.46562291957044355,0,1,0.5535714285714286
0,1,1,1,1,31,0,2,25,57,2,0.2,0.2,0.2,0.2,0.2,0.5,-0.6931471805599453,0.5,0.5041144943917908,0,1,0.5614035087719298
0,0,1,1,1,29,0,2,26,58,2,0.2,0.2,0.2,0.2,0.2,0.5,-0.6931471805599453,0.5,0.5018038198957065,1,0,0.5517241379310345
0,0,0,0,1,17,0,2,27,59,2,0.2,0.2,0.2,0.2,0.2,0.5,-0.6931471805599453,0.5,0.4682439324071857,1,0,0.5423728813559322
0,1,1,1,0,15,0,2,28,60,2,0.2,0.2,0.2,0.2,0.2,0.5,-0.6931471805599453,0.5,0.5001096453664815,1,0,0.5333333333333333
1,1,1,0,0,8,1,2,29,61,2,0.2,0.2,0.2,0.2,0.2,0.5,-0.6931471805599453,0.5,0.532637625333106,1,1,0.5409836065573771
0,1,1,0,0,7,0,2,30,62,2,0.2,0.2,0.2,0.2,0.2,0.5,-0.6931471805599453,0.5,0.5023782865820982,1,0,0.532258064516129
1,0,1,1,0,14,1,2,31,63,2,0.2,0.2,0.2,0.2,0.2,0.5,-0.6931471805599453,0.5,0.5297768910711842,0,0,0.5238095238095238
0,1,0,0,0,3,0,2,32,64,2,0.2,0.2,0.2,0.2,0.2,0.5,-0.6931471805599453,0.5,0.46768889060253194,0,1,0.53125
0,1,1,0,1,23,0,3,1,65,2,0.2,0.2,0.2,0.2,0.2,0.5,-0.6931471805599453,0.5,0.4991673608793959,1,0,0.5230769230769231
1,0,1,0,1,22,1,3,2,66,2,0.2,0.2,0.2,0.2,0.2,0.5,-0.6931471805599453,0.5,0.5325961917971089,1,1,0.5303030303030303
0,0,0,1,1,25,0,3,3,67,2,0.2,0.2,0.2,0.2,0.2,0.5,-0.6931471805599453,0.5,0.46755782212793806,0,1,0.5373134328358209
0,0,1,1,0,13,0,3,4,68,2,0.2,0.2,0.2,0.2,0.2,0.5,-0.6931471805599453,0.5,0.498454758675729,1,0,0.5294117647058824
0,1,1,1,1,31,0,3,5,69,2,0.2,0.2,0.2,0.2,0.2,0.5,-0.6931471805599453,0.5,0.4972163548563828,1,0,0.5217391304347826
0,1,0,0,0,3,0,3,6,70,2,0.2,0.2,0.2,0.2,0.2,0.5,-0.6931471805599453,0.5,0.4668272978698379,0,1,0.5285714285714286
0,0,1,1,1,29,0,3,7,71,2,0.2,0.2,0.2,0.2,0.2,0.5,-0.6931471805599453,0.5,0.49817294742787466,1,0,0.5211267605633803
1,1,0,1,0,12,0,3,8,72,2,0.2,0.2,0.2,0.2,0.2,0.5,-0.6931471805599453,0.5,0.4989836057396159,1,0,0.5138888888888888
1,1,1,1,0,16,1,3,9,73,2,0.2,0.2,0.2,0.2,0.2,0.5,-0.6931471805599453,0.5,0.5300988758089926,0,0,0.5068493150684932
1,0,0,0,1,18,0,3,10,74,2,0.2,0.2,0.2,0.2,0.2,0.5,-0.6931471805599453,0.5,0.5015152692207526,0,1,0.5135135135135135
0,0,1,0,1,21,0,3,11,75,2,0.2,0.2,0.2,0.2,0.2,0.5,-0.6931471805599453,0.5,0.4984816602381219,0,1,0.52
1,1,1,0,0,8,1,3,12,76,2,0.2,0.2,0.2,0.2,0.2,0.5,-0.6931471805599453,0.5,0.5336119058669505,0,0,0.5131578947368421
0,1,0,1,1,27,0,3,13,77,2,0.2,0.2,0.2,0.2,0.2,0.5,-0.6931471805599453,0.5,0.46555036549545326,0,1,0.5194805194805194
0,0,1,0,0,5,0,3,14,78,2,0.2,0.2,0.2,0.2,0.2,0.5,-0.6931471805599453,0.5,0.49980292590220926,1,0,0.5128205128205128
1,0,0,1,1,26,0,3,15,79,2,0.2,0.2,0.2,0.2,0.2,0.5,-0.6931471805599453,0.5,0.49791351639457,1,0,0.5063291139240507
1,0,1,1,1,30,1,3,16,80,2,0.2,0.2,0.2,0.2,0.2,0.5,-0.6931471805599453,0.5,0.5289403061857004,0,0,0.5
0,1,1,1,0,15,0,3,17,81,2,0.2,0.2,0.2,0.2,0.2,0.5,-0.6931471805599453,0.5,0.4989282522378974,0,1,0.5061728395061729
0,1,1,0,0,7,0,3,18,82,2,0.2,0.2,0.2,0.2,0.2,0.5,-0.6931471805599453,0.5,0.4990370903825961,1,0,0.5
1,1,0,0,0,4,0,3,19,83,2,0.2,0.2,0.2,0.2,0.2,0.5,-0.6931471805599453,0.5,0.5020922532199079,1,0,0.4939759036144578
1,1,1,1,1,32,1,3,20,84,2,0.2,0.2,0.2,0.2,0.2,0.5,-0.6931471805599453,0.5,0.531590570395609,0,0,0.4880952380952381
0,1,0,0,1,19,0,3,21,85,2,0.2,0.2,0.2,0.2,0.2,0.5,-0.6931471805599453,0.5,0.46754204986616477,1,0,0.4823529411764706
1,0,0,0,0,2,0,3,22,86,2,0.2,0.2,0.2,0.2,0.2,0.5,-0.6931471805599453,0.5,0.4997113576328487,0,1,0.4883720930232558
0,0,0,0,1,17,0,3,23,87,2,0.2,0.2,0.2,0.2,0.2,0.5,-0.6931471805599453,0.5,0.4664117121238682,1,0,0.4827586206896552
0,0,0,1,0,9,0,3,24,88,2,0.2,0.2,0.2,0.2,0.2,0.5,-0.6931471805599453,0.5,0.4669624372450158,1,0,0.4772727272727273
1,0,1,0,0,6,1,3,25,89,2,0.2,0.2,0.2,0.2,0.2,0.5,-0.6931471805599453,0.5,0.5308735644243514,0,0,0.47191011235955055
1,0,0,1,0,10,0,3,26,90,2,0.2,0.2,0.2,0.2,0.2,0.5,-0.6931471805599453,0.5,0.5003104766250932,1,0,0.4666666666666667
1,1,0,0,1,20,0,3,27,91,2,0.2,0.2,0.2,0.2,0.2,0.5,-0.6931471805599453,0.5,0.5001676816189616,1,0,0.46153846153846156
1,0,1,1,0,14,1,3,28,92,2,0.2,0.2,0.2,0.2,0.2,0.5,-0.6931471805599453,0.5,0.5326108896794255,1,1,0.4673913043478261
0,0,0,0,0,1,0,3,29,93,2,0.2,0.2,0.2,0.2,0.2,0.5,-0.6931471805599453,0.5,0.46727713038955543,1,0,0.46236559139784944
0,1,0,1,0,11,0,3,30,94,2,0.2,0.2,0.2,0.2,0.2,0.5,-0.6931471805599453,0.5,0.46788473457184204,0,1,0.46808510638297873
1,1,0,1,1,28,0,3,31,95,2,0.2,0.2,0.2,0.2,0.2,0.5,-0.6931471805599453,0.5,0.499622364621048,1,0,0.4631578947368421
1,1,1,0,1,24,1,3,32,96,2,0.2,0.2,0.2,0.2,0.2,0.5,-0.6931471805599453,0.5,0.5313000279541226,0,0,0.4583333333333333
1,1,1,0,1,24,1,1,1,1,3,0.2,0.2,0.2,0.2,0.2,0.5,-0.6931471805599453,0.5,0.5,0,0,0
1,0,1,0,0,6,1,1,2,2,3,0.2,0.2,0.2,0.2,0.2,0.5,-0.6931471805599453,0.5,0.5,0,0,0
1,0,1,1,0,14,1,1,3,3,3,0.2,0.2,0.2,0.2,0.2,0.5,-0.6931471805599453,0.5,0.5,1,1,0.3333333333333333
1,0,0,0,1,18,0,1,4,4,3,0.2,0.2,0.2,0.2,0.2,0.5,-0.6931471805599453,0.5,0.5,0,1,0.5
0,0,0,0,0,1,0,1,5,5,3,0.2,0.2,0.2,0.2,0.2,0.5,-0.6931471805599453,0.5,0.4758514426122177,0,1,0.6
1,0,1,1,1,30,1,1,6,6,3,0.2,0.2,0.2,0.2,0.2,0.5,-0.6931471805599453,0.5,0.5323210634260117,0,0,0.5
0,0,1,1,0,13,0,1,7,7,3,0.2,0.2,0.2,0.2,0.2,0.5,-0.6931471805599453,0.5,0.5189410400136066,0,1,0.5714285714285714
1,0,0,0,0,2,0,1,8,8,3,0.2,0.2,0.2,0.2,0.2,0.5,-0.6931471805599453,0.5,0.48520610967260136,1,0,0.5
0,0,1,1,1,29,0,1,9,9,3,0.2,0.2,0.2,0.2,0.2,0.5,-0.6931471805599453,0.5,0.5118501071676889,0,1,0.5555555555555556
0,1,0,0,1,19,0,1,10,10,3,0.2,0.2,0.2,0.2,0.2,0.5,-0.6931471805599453,0.5,0.47709048495080286,0,1,0.6
0,1,1,1,0,15,0,1,11,11,3,0.2,0.2,0.2,0.2,0.2,0.5,-0.6931471805599453,0.5,0.5044075781016942,0,1,0.6363636363636364
1,1,1,0,0,8,1,1,12,12,3,0.2,0.2,0.2,0.2,0.2,0.5,-0.6931471805599453,0.5,0.5279876535958735,0,0,0.5833333333333334
1,1,0,0,0,4,0,1,13,13,3,0.2,0.2,0.2,0.2,0.2,0.5,-0.6931471805599453,0.5,0.5071523026952417,0,1,0.6153846153846154
0,1,0,1,0,11,0,1,14,14,3,0.2,0.2,0.2,0.2,0.2,0.5,-0.6931471805599453,0.5,0.46880996602893044,0,1,0.6428571428571429
1,1,1,1,1,32,1,1,15,15,3,0.2,0.2,0.2,0.2,0.2,0.5,-0.6931471805599453,0.5,0.53249039320542,1,1,0.6666666666666666
1,1,0,1,1,28,0,1,16,16,3,0.2,0.2,0.2,0.2,0.2,0.5,-0.6931471805599453,0.5,0.5073261573990304,0,1,0.6875
1,1,1,1,0,16,1,1,17,17,3,0.2,0.2,0.2,0.2,0.2,0.5,-0.6931471805599453,0.5,0.5290200233773819,0,0,0.6470588235294118
0,1,0,0,0,3,0,1,18,18,3,0.2,0.2,0.2,0.2,0.2,0.5,-0.6931471805599453,0.5,0.4665038103053167,1,0,0.6111111111111112
0,0,0,0,1,17,0,1,19,19,3,0.2,0.2,0.2,0.2,0.2,0.5,-0.6931471805599453,0.5,0.46347732278872394,0,1,0.631578947368421
0,0,0,1,1,25,0,1,20,20,3,0.2,0.2,0.2,0.2,0.2,0.5,-0.6931471805599453,0.5,0.467187836591455,1,0,0.6
0,1,1,0,1,23,0,1,21,21,3,0.2,0.2,0.2,0.2,0.2,0.5,-0.6931471805599453,0.5,0.5014381903793224,0,1,0.6190476190476191
0,0,1,0,1,21,0,1,22,22,3,0.2,0.2,0.2,0.2,0.2,0.5,-0.6931471805599453,0.5,0.49209626137233037,1,0,0.5909090909090909
0,1,0,1,1,27,0,1,23,23,3,0.2,0.2,0.2,0.2,0.2,0.5,-0.6931471805599453,0.5,0.46930905438993076,0,1,0.6086956521739131
0,1,1,0,0,7,0,1,24,24,3,0.2,0.2,0.2,0.2,0.2,0.5,-0.6931471805599453,0.5,0.4999996317811491,1,0,0.5833333333333334
1,0,1,0,1,22,1,1,25,25,3,0.2,0.2,0.2,0.2,0.2,0.5,-0.6931471805599453,0.5,0.5269549074659019,1,1,0.6
1,0,0,1,1,26,0,1,26,26,3,0.2,0.2,0.2,0.2,0.2,0.5,-0.6931471805599453,0.5,0.5045081318176172,1,0,0.5769230769230769
0,1,1,1,1,31,0,1,27,27,3,0.2,0.2,0.2,0.2,0.2,0.5,-0.6931471805599453,0.5,0.4978884584670824,1,0,0.5555555555555556
1,0,0,1,0,10,0,1,28,28,3,0.2,0.2,0.2,0.2,0.2,0.5,-0.6931471805599453,0.5,0.5054464549819234,0,1,0.5714285714285714
1,1,0,0,1,20,0,1,29,29,3,0.2,0.2,0.2,0.2,0.2,0.5,-0.6931471805599453,0.5,0.49951881233046336,1,0,0.5517241379310345
1,1,0,1,0,12,0,1,30,30,3,0.2,0.2,0.2,0.2,0.2,0.5,-0.6931471805599453,0.5,0.5012409317144366,0,1,0.5666666666666667
0,0,0,1,0,9,0,1,31,31,3,0.2,0.2,0.2,0.2,0.2,0.5,-0.6931471805599453,0.5,0.46925613801380733,1,0,0.5483870967741935
0,0,1,0,0,5,0,1,32,32,3,0.2,0.2,0.2,0.2,0.2,0.5,-0.6931471805599453,0.5,0.5021741372394589,1,0,0.53125
0,0,0,1,0,9,0,2,1,33,3,0.2,0.2,0.2,0.2,0.2,0.5,-0.6931471805599453,0.5,0.46643643198353063,0,1,0.5454545454545454
0,0,1,1,1,29,0,2,2,34,3,0.2,0.2,0.2,0.2,0.2,0.5,-0.6931471805599453,0.5,0.49872919276662925,1,0,0.5294117647058824
0,0,1,0,1,21,0,2,3,35,3,0.2,0.2,0.2,0.2,0.2,0.5,-0.6931471805599453,0.5,0.4982253166944516,0,1,0.5428571428571428
1,0,0,0,0,2,0,2,4,36,3,0.2,0.2,0.2,0.2,0.2,0.5,-0.6931471805599453,0.5,0.5006252000779242,0,1,0.5555555555555556
1,1,1,0,0,8,1,2,5,37,3,0.2,0.2,0.2,0.2,0.2,0.5,-0.6931471805599453,0.5,0.5345125513716839,0,0,0.5405405405405406
0,0,1,1,0,13,0,2,6,38,3,0.2,0.2,0.2,0.2,0.2,0.5,-0.6931471805599453,0.5,0.49508376566288553,1,0,0.5263157894736842
1,1,1,1,0,16,1,2,7,39,3,0.2,0.2,0.2,0.2,0.2,0.5,-0.6931471805599453,0.5,0.5351465046886412,1,1,0.5384615384615384
1,0,1,0,1,22,1,2,8,40,3,0.2,0.2,0.2,0.2,0.2,0.5,-0.6931471805599453,0.5,0.5262005170664907,0,0,0.525
0,0,1,0,0,5,0,2,9,41,3,0.2,0.2,0.2,0.2,0.2,0.5,-0.6931471805599453,0.5,0.496373193009636,0,1,0.5365853658536586
1,0,0,1,1,26,0,2,10,42,3,0.2,0.2,0.2,0.2,0.2,0.5,-0.6931471805599453,0.5,0.4968341797341031,1,0,0.5238095238095238
0,1,0,1,1,27,0,2,11,43,3,0.2,0.2,0.2,0.2,0.2,0.5,-0.6931471805599453,0.5,0.46899107633273746,1,0,0.5116279069767442
1,1,0,1,1,28,0,2,12,44,3,0.2,0.2,0.2,0.2,0.2,0.5,-0.6931471805599453,0.5,0.5008207104561735,1,0,0.5
1,1,0,1,0,12,0,2,13,45,3,0.2,0.2,0.2,0.2,0.2,0.5,-0.6931471805599453,0.5,0.5024336777106578,0,1,0.5111111111111111
0,1,0,0,1,19,0,2,14,46,3,0.2,0.2,0.2,0.2,0.2,0.5,-0.6931471805599453,0.5,0.4713511956947866,1,0,0.5
0,0,0,1,1,25,0,2,15,47,3,0.2,0.2,0.2,0.2,0.2,0.5,-0.6931471805599453,0.5,0.46118695001275634,1,0,0.48936170212765956
1,0,1,0,0,6,1,2,16,48,3,0.2,0.2,0.2,0.2,0.2,0.5,-0.6931471805599453,0.5,0.5344718446111275,1,1,0.5
0,1,1,0,1,23,0,2,17,49,3,0.2,0.2,0.2,0.2,0.2,0.5,-0.6931471805599453,0.5,0.5011147439816098,0,1,0.5102040816326531
0,1,1,1,1,31,0,2,18,50,3,0.2,0.2,0.2,0.2,0.2,0.5,-0.6931471805599453,0.5,0.49340964946126953,0,1,0.52
1,1,1,1,1,32,1,2,19,51,3,0.2,0.2,0.2,0.2,0.2,0.5,-0.6931471805599453,0.5,0.5264091378268343,0,0,0.5098039215686274
0,0,0,0,1,17,0,2,20,52,3,0.2,0.2,0.2,0.2,0.2,0.5,-0.6931471805599453,0.5,0.4655389522837793,1,0,0.5
1,0,1,1,1,30,1,2,21,53,3,0.2,0.2,0.2,0.2,0.2,0.5,-0.6931471805599453,0.5,0.5266731442974355,1,1,0.5094339622641509
1,1,0,0,0,4,0,2,22,54,3,0.2,0.2,0.2,0.2,0.2,0.5,-0.6931471805599453,0.5,0.5040850427990259,0,1,0.5185185185185185
1,0,0,1,0,10,0,2,23,55,3,0.2,0.2,0.2,0.2,0.2,0.5,-0.6931471805599453,0.5,0.49949256475263604,0,1,0.5272727272727272
0,1,1,1,0,15,0,2,24,56,3,0.2,0.2,0.2,0.2,0.2,0.5,-0.6931471805599453,0.5,0.5004701772422142,1,0,0.5178571428571429
0,1,0,1,0,11,0,2,25,57,3,0.2,0.2,0.2,0.2,0.2,0.5,-0.6931471805599453,0.5,0.4672487723338852,1,0,0.5087719298245614
1,0,1,1,0,14,1,2,26,58,3,0.2,0.2,0.2,0.2,0.2,0.5,-0.6931471805599453,0.5,0.5310551954389227,0,0,0.5
0,1,0,0,0,3,0,2,27,59,3,0.2,0.2,0.2,0.2,0.2,0.5,-0.6931471805599453,0.5,0.4679754496284703,1,0,0.4915254237288136
0,1,1,0,0,7,0,2,28,60,3,0.2,0.2,0.2,0.2,0.2,0.5,-0.6931471805599453,0.5,0.4990483869455578,1,0,0.48333333333333334
1,1,0,0,1,20,0,2,29,61,3,0.2,0.2,0.2,0.2,0.2,0.5,-0.6931471805599453,0.5,0.49861026271783376,1,0,0.47540983606557374
1,0,0,0,1,18,0,2,30,62,3,0.2,0.2,0.2,0.2,0.2,0.5,-0.6931471805599453,0.5,0.5001159165452317,1,0,0.46774193548387094
0,0,0,0,0,1,0,2,31,63,3,0.2,0.2,0.2,0.2,0.2,0.5,-0.6931471805599453,0.5,0.4685559924491182,1,0,0.4603174603174603
1,1,1,0,1,24,1,2,32,64,3,0.2,0.2,0.2,0.2,0.2,0.5,-0.6931471805599453,0.5,0.5303825734895371,0,0,0.453125
0,1,0,0,0,3,0,3,1,65,3,0.2,0.2,0.2,0.2,0.2,0.5,-0.6931471805599453,0.5,0.46643643198353063,0,1,0.46153846153846156
1,0,1,0,1,22,1,3,2,66,3,0.2,0.2,0.2,0.2,0.2,0.5,-0.6931471805599453,0.5,0.5335924987764209,0,0,0.45454545454545453
0,1,0,1,1,27,0,3,3,67,3,0.2,0.2,0.2,0.2,0.2,0.5,-0.6931471805599453,0.5,0.4656090040964748,1,0,0.44776119402985076
1,0,1,1,0,14,1,3,4,68,3,0.2,0.2,0.2,0.2,0.2,0.5,-0.6931471805599453,0.5,0.5333850678040479,0,0,0.4411764705882353
0,0,0,1,1,25,0,3,5,69,3,0.2,0.2,0.2,0.2,0.2,0.5,-0.6931471805599453,0.5,0.4675737240568992,0,1,0.4492753623188406
0,0,0,0,0,1,0,3,6,70,3,0.2,0.2,0.2,0.2,0.2,0.5,-0.6931471805599453,0.5,0.46751915594121585,0,1,0.45714285714285713
1,1,0,1,0,12,0,3,7,71,3,0.2,0.2,0.2,0.2,0.2,0.5,-0.6931471805599453,0.5,0.4979538021662434,1,0,0.4507042253521127
0,0,1,1,0,13,0,3,8,72,3,0.2,0.2,0.2,0.2,0.2,0.5,-0.6931471805599453,0.5,0.5009952818855364,1,0,0.4444444444444444
1,0,0,0,0,2,0,3,9,73,3,0.2,0.2,0.2,0.2,0.2,0.5,-0.6931471805599453,0.5,0.500548192527804,1,0,0.4383561643835616
1,1,0,0,1,20,0,3,10,74,3,0.2,0.2,0.2,0.2,0.2,0.5,-0.6931471805599453,0.5,0.49858049864363835,0,1,0.44594594594594594
1,1,1,0,0,8,1,3,11,75,3,0.2,0.2,0.2,0.2,0.2,0.5,-0.6931471805599453,0.5,0.5316882422098816,0,0,0.44
0,1,1,1,0,15,0,3,12,76,3,0.2,0.2,0.2,0.2,0.2,0.5,-0.6931471805599453,0.5,0.49905769384674864,1,0,0.4342105263157895
1,1,1,1,1,32,1,3,13,77,3,0.2,0.2,0.2,0.2,0.2,0.5,-0.6931471805599453,0.5,0.5315726547544241,1,1,0.44155844155844154
1,0,0,1,0,10,0,3,14,78,3,0.2,0.2,0.2,0.2,0.2,0.5,-0.6931471805599453,0.5,0.49822399796073985,0,1,0.44871794871794873
0,1,0,0,1,19,0,3,15,79,3,0.2,0.2,0.2,0.2,0.2,0.5,-0.6931471805599453,0.5,0.46736670396777935,0,1,0.45569620253164556
1,1,0,0,0,4,0,3,16,80,3,0.2,0.2,0.2,0.2,0.2,0.5,-0.6931471805599453,0.5,0.49771839228058007,1,0,0.45
1,0,0,0,1,18,0,3,17,81,3,0.2,0.2,0.2,0.2,0.2,0.5,-0.6931471805599453,0.5,0.49922336465073464,1,0,0.4444444444444444
0,1,0,1,0,11,0,3,18,82,3,0.2,0.2,0.2,0.2,0.2,0.5,-0.6931471805599453,0.5,0.46559975379663665,1,0,0.43902439024390244
0,0,1,0,0,5,0,3,19,83,3,0.2,0.2,0.2,0.2,0.2,0.5,-0.6931471805599453,0.5,0.5004958517019554,1,0,0.43373493975903615
0,1,1,0,1,23,0,3,20,84,3,0.2,0.2,0.2,0.2,0.2,0.5,-0.6931471805599453,0.5,0.50106273192167,0,1,0.44047619047619047
1,0,0,1,1,26,0,3,21,85,3,0.2,0.2,0.2,0.2,0.2,0.5,-0.6931471805599453,0.5,0.5000318545579308,1,0,0.43529411764705883
1,0,1,1,1,30,1,3,22,86,3,0.2,0.2,0.2,0.2,0.2,0.5,-0.6931471805599453,0.5,0.5340917479491648,0,0,0.43023255813953487
0,1,1,1,1,31,0,3,23,87,3,0.2,0.2,0.2,0.2,0.2,0.5,-0.6931471805599453,0.5,0.5014699268804926,0,1,0.4367816091954023
0,0,0,1,0,9,0,3,24,88,3,0.2,0.2,0.2,0.2,0.2,0.5,-0.6931471805599453,0.5,0.46702667513261403,0,1,0.4431818181818182
0,1,1,0,0,7,0,3,25,89,3,0.2,0.2,0.2,0.2,0.2,0.5,-0.6931471805599453,0.5,0.4977043096247844,1,0,0.43820224719101125
1,1,0,1,1,28,0,3,26,90,3,0.2,0.2,0.2,0.2,0.2,0.5,-0.6931471805599453,0.5,0.4998047469164086,1,0,0.43333333333333335
1,0,1,0,0,6,1,3,27,91,3,0.2,0.2,0.2,0.2,0.2,0.5,-0.6931471805599453,0.5,0.5325246623228217,0,0,0.42857142857142855
0,0,1,0,1,21,0,3,28,92,3,0.2,0.2,0.2,0.2,0.2,0.5,-0.6931471805599453,0.5,0.5023650728366493,1,0,0.42391304347826086
0,0,0,0,1,17,0,3,29,93,3,0.2,0.2,0.2,0.2,0.2,0.5,-0.6931471805599453,0.5,0.46839370149510545,1,0,0.41935483870967744
1,1,1,1,0,16,1,3,30,94,3,0.2,0.2,0.2,0.2,0.2,0.5,-0.6931471805599453,0.5,0.531743194041111,0,0,0.4148936170212766
1,1,1,0,1,24,1,3,31,95,3,0.2,0.2,0.2,0.2,0.2,0.5,-0.6931471805599453,0.5,0.5312253891459283,0,0,0.4105263157894737
0,0,1,1,1,29,0,3,32,96,3,0.2,0.2,0.2,0.2,0.2,0.5,-0.6931471805599453,0.5,0.5001374366023841,1,0,0.40625
0,0,1,1,0,13,0,1,1,1,4,0.2,0.2,0.2,0.2,0.2,0.5,-0.6931471805599453,0.5,0.5,0,1,1
0,0,0,1,1,25,0,1,2,2,4,0.2,0.2,0.2,0.2,0.2,0.5,-0.6931471805599453,0.5,0.5,1,0,0.5
0,1,0,1,0,11,0,1,3,3,4,0.2,0.2,0.2,0.2,0.2,0.5,-0.6931471805599453,0.5,0.5,1,0,0.3333333333333333
0,1,1,0,1,23,0,1,4,4,4,0.2,0.2,0.2,0.2,0.2,0.5,-0.6931471805599453,0.5,0.5,1,0,0.25
0,1,0,0,0,3,0,1,5,5,4,0.2,0.2,0.2,0.2,0.2,0.5,-0.6931471805599453,0.5,0.5,0,1,0.4
0,0,1,0,1,21,0,1,6,6,4,0.2,0.2,0.2,0.2,0.2,0.5,-0.6931471805599453,0.5,0.5,0,1,0.5
1,0,0,1,0,10,0,1,7,7,4,0.2,0.2,0.2,0.2,0.2,0.5,-0.6931471805599453,0.5,0.5,1,0,0.42857142857142855
1,0,0,0,0,2,0,1,8,8,4,0.2,0.2,0.2,0.2,0.2,0.5,-0.6931471805599453,0.5,0.5,1,0,0.375
1,1,1,1,0,16,1,1,9,9,4,0.2,0.2,0.2,0.2,0.2,0.5,-0.6931471805599453,0.5,0.5,0,0,0.3333333333333333
1,1,1,0,1,24,1,1,10,10,4,0.2,0.2,0.2,0.2,0.2,0.5,-0.6931471805599453,0.5,0.5266702951834782,1,1,0.4
0,1,0,0,1,19,0,1,11,11,4,0.2,0.2,0.2,0.2,0.2,0.5,-0.6931471805599453,0.5,0.48410528295675676,1,0,0.36363636363636365
1,1,0,0,0,4,0,1,12,12,4,0.2,0.2,0.2,0.2,0.2,0.5,-0.6931471805599453,0.5,0.5121967851585009,1,0,0.3333333333333333
1,0,0,0,1,18,0,1,13,13,4,0.2,0.2,0.2,0.2,0.2,0.5,-0.6931471805599453,0.5,0.48770099609557227,1,0,0.3076923076923077
0,0,1,0,0,5,0,1,14,14,4,0.2,0.2,0.2,0.2,0.2,0.5,-0.6931471805599453,0.5,0.48333975600629814,0,1,0.35714285714285715
0,0,0,0,1,17,0,1,15,15,4,0.2,0.2,0.2,0.2,0.2,0.5,-0.6931471805599453,0.5,0.45057719365304433,0,1,0.4
0,0,0,0,0,1,0,1,16,16,4,0.2,0.2,0.2,0.2,0.2,0.5,-0.6931471805599453,0.5,0.4440523391899735,0,1,0.4375
1,0,1,0,0,6,1,1,17,17,4,0.2,0.2,0.2,0.2,0.2,0.5,-0.6931471805599453,0.5,0.5113025930895139,0,0,0.4117647058823529
1,1,0,0,1,20,0,1,18,18,4,0.2,0.2,0.2,0.2,0.2,0.5,-0.6931471805599453,0.5,0.503765753240403,0,1,0.4444444444444444
1,0,1,1,0,14,1,1,19,19,4,0.2,0.2,0.2,0.2,0.2,0.5,-0.6931471805599453,0.5,0.5328553323646373,1,1,0.47368421052631576
1,1,1,0,0,8,1,1,20,20,4,0.2,0.2,0.2,0.2,0.2,0.5,-0.6931471805599453,0.5,0.5361905899086252,1,1,0.5
1,0,1,1,1,30,1,1,21,21,4,0.2,0.2,0.2,0.2,0.2,0.5,-0.6931471805599453,0.5,0.5260780384880438,1,1,0.5238095238095238
1,0,0,1,1,26,0,1,22,22,4,0.2,0.2,0.2,0.2,0.2,0.5,-0.6931471805599453,0.5,0.49815005865539885,1,0,0.5
0,0,1,1,1,29,0,1,23,23,4,0.2,0.2,0.2,0.2,0.2,0.5,-0.6931471805599453,0.5,0.4999843734714656,1,0,0.4782608695652174
0,1,1,1,1,31,0,1,24,24,4,0.2,0.2,0.2,0.2,0.2,0.5,-0.6931471805599453,0.5,0.5031055999842199,0,1,0.5
1,1,1,1,1,32,1,1,25,25,4,0.2,0.2,0.2,0.2,0.2,0.5,-0.6931471805599453,0.5,0.5328583026305095,0,0,0.48
0,1,1,1,0,15,0,1,26,26,4,0.2,0.2,0.2,0.2,0.2,0.5,-0.6931471805599453,0.5,0.5113137965728003,0,1,0.5
1,1,0,1,0,12,0,1,27,27,4,0.2,0.2,0.2,0.2,0.2,0.5,-0.6931471805599453,0.5,0.5103428810552819,1,0,0.48148148148148145
0,1,0,1,1,27,0,1,28,28,4,0.2,0.2,0.2,0.2,0.2,0.5,-0.6931471805599453,0.5,0.4718229526103661,0,1,0.5
1,0,1,0,1,22,1,1,29,29,4,0.2,0.2,0.2,0.2,0.2,0.5,-0.6931471805599453,0.5,0.525485865822563,1,1,0.5172413793103449
1,1,0,1,1,28,0,1,30,30,4,0.2,0.2,0.2,0.2,0.2,0.5,-0.6931471805599453,0.5,0.5000513484345298,1,0,0.5
0,1,1,0,0,7,0,1,31,31,4,0.2,0.2,0.2,0.2,0.2,0.5,-0.6931471805599453,0.5,0.5016740534893058,1,0,0.4838709677419355
0,0,0,1,0,9,0,1,32,32,4,0.2,0.2,0.2,0.2,0.2,0.5,-0.6931471805599453,0.5,0.4690029952257251,0,1,0.5
1,1,0,1,0,12,0,2,1,33,4,0.2,0.2,0.2,0.2,0.2,0.5,-0.6931471805599453,0.5,0.4991673608793959,1,0,0.48484848484848486
1,0,1,0,1,22,1,2,2,34,4,0.2,0.2,0.2,0.2,0.2,0.5,-0.6931471805599453,0.5,0.5341522907945249,0,0,0.47058823529411764
0,1,1,1,1,31,0,2,3,35,4,0.2,0.2,0.2,0.2,0.2,0.5,-0.6931471805599453,0.5,0.4982649487988168,1,0,0.45714285714285713
0,0,1,1,1,29,0,2,4,36,4,0.2,0.2,0.2,0.2,0.2,0.5,-0.6931471805599453,0.5,0.5003992975682116,0,1,0.4722222222222222
1,0,0,1,0,10,0,2,5,37,4,0.2,0.2,0.2,0.2,0.2,0.5,-0.6931471805599453,0.5,0.4981469973577691,1,0,0.4594594594594595
0,0,0,0,0,1,0,2,6,38,4,0.2,0.2,0.2,0.2,0.2,0.5,-0.6931471805599453,0.5,0.4706818178317965,0,1,0.47368421052631576
0,1,1,0,0,7,0,2,7,39,4,0.2,0.2,0.2,0.2,0.2,0.5,-0.6931471805599453,0.5,0.4991673291107019,0,1,0.48717948717948717
1,1,0,0,0,4,0,2,8,40,4,0.2,0.2,0.2,0.2,0.2,0.5,-0.6931471805599453,0.5,0.49843433618067023,1,0,0.475
0,1,1,0,1,23,0,2,9,41,4,0.2,0.2,0.2,0.2,0.2,0.5,-0.6931471805599453,0.5,0.5015447043480801,1,0,0.4634146341463415
0,1,0,1,0,11,0,2,10,42,4,0.2,0.2,0.2,0.2,0.2,0.5,-0.6931471805599453,0.5,0.46239827039576237,0,1,0.47619047619047616
1,1,1,0,1,24,1,2,11,43,4,0.2,0.2,0.2,0.2,0.2,0.5,-0.6931471805599453,0.5,0.5339053918501183,0,0,0.46511627906976744
0,0,1,0,0,5,0,2,12,44,4,0.2,0.2,0.2,0.2,0.2,0.5,-0.6931471805599453,0.5,0.4988327595020103,0,1,0.4772727272727273
1,1,1,1,0,16,1,2,13,45,4,0.2,0.2,0.2,0.2,0.2,0.5,-0.6931471805599453,0.5,0.52501032823429294,1,1,0.4888888888888889
1,1,1,0,0,8,1,2,14,46,4,0.2,0.2,0.2,0.2,0.2,0.5,-0.6931471805599453,0.5,0.5307932850166595,1,1,0.5
1,0,0,0,0,2,0,2,15,47,4,0.2,0.2,0.2,0.2,0.2,0.5,-0.6931471805599453,0.5,0.49954640275135004,1,0,0.48936170212765956
0,1,0,0,1,19,0,2,16,48,4,0.2,0.2,0.2,0.2,0.2,0.5,-0.6931471805599453,0.5,0.4729215665128602,0,1,0.5
0,0,0,0,1,17,0,2,17,49,4,0.2,0.2,0.2,0.2,0.2,0.5,-0.6931471805599453,0.5,0.46879412609265814,0,1,0.5102040816326531
1,0,1,1,0,14,1,2,18,50,4,0.2,0.2,0.2,0.2,0.2,0.5,-0.6931471805599453,0.5,0.5289089734099184,1,1,0.52
1,1,0,1,1,28,0,2,19,51,4,0.2,0.2,0.2,0.2,0.2,0.5,-0.6931471805599453,0.5,0.5004543479641063,0,1,0.5294117647058824
0,0,0,1,1,25,0,2,20,52,4,0.2,0.2,0.2,0.2,0.2,0.5,-0.6931471805599453,0.5,0.4659551676294649,0,1,0.5384615384615384
0,0,1,0,1,21,0,2,21,53,4,0.2,0.2,0.2,0.2,0.2,0.5,-0.6931471805599453,0.5,0.4985427551788382,1,0,0.5283018867924528
1,1,1,1,1,32,1,2,22,54,4,0.2,0.2,0.2,0.2,0.2,0.5,-0.6931471805599453,0.5,0.5321582037897945,1,1,0.5370370370370371
0,1,0,1,1,27,0,2,23,55,4,0.2,0.2,0.2,0.2,0.2,0.5,-0.6931471805599453,0.5,0.4689108692040828,1,0,0.5272727272727272
1,1,0,0,1,20,0,2,24,56,4,0.2,0.2,0.2,0.2,0.2,0.5,-0.6931471805599453,0.5,0.5010225975843695,0,1,0.5357142857142857
1,0,0,1,1,26,0,2,25,57,4,0.2,0.2,0.2,0.2,0.2,0.5,-0.6931471805599453,0.5,0.49803511122557603,0,1,0.543859649122807
0,1,0,0,0,3,0,2,26,58,4,0.2,0.2,0.2,0.2,0.2,0.5,-0.6931471805599453,0.5,0.4686491534778015,1,0,0.5344827586206896
1,0,0,0,1,18,0,2,27,59,4,0.2,0.2,0.2,0.2,0.2,0.5,-0.6931471805599453,0.5,0.49660566264792866,0,1,0.5423728813559322
1,0,1,0,0,6,1,2,28,60,4,0.2,0.2,0.2,0.2,0.2,0.5,-0.6931471805599453,0.5,0.531349843500664,0,0,0.5333333333333333
0,0,1,1,0,13,0,2,29,61,4,0.2,0.2,0.2,0.2,0.2,0.5,-0.6931471805599453,0.5,0.5016329471120516,0,1,0.5409836065573771
0,0,0,1,0,9,0,2,30,62,4,0.2,0.2,0.2,0.2,0.2,0.5,-0.6931471805599453,0.5,0.46699389736036995,1,0,0.532258064516129
0,1,1,1,0,15,0,2,31,63,4,0.2,0.2,0.2,0.2,0.2,0.5,-0.6931471805599453,0.5,0.5015048868843761,0,1,0.5396825396825397
1,0,1,1,1,30,1,2,32,64,4,0.2,0.2,0.2,0.2,0.2,0.5,-0.6931471805599453,0.5,0.5303825734895371,0,0,0.53125
1,0,1,1,0,14,1,3,1,65,4,0.2,0.2,0.2,0.2,0.2,0.5,-0.6931471805599453,0.5,0.5330106284065985,1,1,0.5384615384615384
1,0,0,1,0,10,0,3,2,66,4,0.2,0.2,0.2,0.2,0.2,0.5,-0.6931471805599453,0.5,0.5014726841831784,1,0,0.5303030303030303
0,1,1,1,0,15,0,3,3,67,4,0.2,0.2,0.2,0.2,0.2,0.5,-0.6931471805599453,0.5,0.5001457618805538,0,1,0.5373134328358209
1,1,1,0,0,8,1,3,4,68,4,0.2,0.2,0.2,0.2,0.2,0.5,-0.6931471805599453,0.5,0.5319427721330245,0,0,0.5294117647058824
1,1,0,1,0,12,0,3,5,69,4,0.2,0.2,0.2,0.2,0.2,0.5,-0.6931471805599453,0.5,0.4994933290552996,0,1,0.5362318840579711
1,1,1,1,0,16,1,3,6,70,4,0.2,0.2,0.2,0.2,0.2,0.5,-0.6931471805599453,0.5,0.5320209975964062,0,0,0.5285714285714286
1,1,0,0,0,4,0,3,7,71,4,0.2,0.2,0.2,0.2,0.2,0.5,-0.6931471805599453,0.5,0.5004706948997427,1,0,0.5211267605633803
1,0,1,0,1,22,1,3,8,72,4,0.2,0.2,0.2,0.2,0.2,0.5,-0.6931471805599453,0.5,0.5310533736259996,1,1,0.5277777777777778
0,0,0,1,0,9,0,3,9,73,4,0.2,0.2,0.2,0.2,0.2,0.5,-0.6931471805599453,0.5,0.46740442135864596,1,0,0.5205479452054794
0,0,1,0,1,21,0,3,10,74,4,0.2,0.2,0.2,0.2,0.2,0.5,-0.6931471805599453,0.5,0.5010255596772152,0,1,0.527027027027027
1,1,1,0,1,24,1,3,11,75,4,0.2,0.2,0.2,0.2,0.2,0.5,-0.6931471805599453,0.5,0.5326492378876825,1,1,0.5333333333333333
1,1,0,1,1,28,0,3,12,76,4,0.2,0.2,0.2,0.2,0.2,0.5,-0.6931471805599453,0.5,0.49849378033615144,0,1,0.5394736842105263
1,1,0,0,1,20,0,3,13,77,4,0.2,0.2,0.2,0.2,0.2,0.5,-0.6931471805599453,0.5,0.500078728080675,1,0,0.5324675324675324
0,0,0,1,1,25,0,3,14,78,4,0.2,0.2,0.2,0.2,0.2,0.5,-0.6931471805599453,0.5,0.4658297449353473,1,0,0.5256410256410257
1,1,1,1,1,32,1,3,15,79,4,0.2,0.2,0.2,0.2,0.2,0.5,-0.6931471805599453,0.5,0.5312212203256826,0,0,0.5189873417721519
0,0,1,1,1,29,0,3,16,80,4,0.2,0.2,0.2,0.2,0.2,0.5,-0.6931471805599453,0.5,0.4989952750474833,0,1,0.525
1,0,1,1,1,30,1,3,17,81,4,0.2,0.2,0.2,0.2,0.2,0.5,-0.6931471805599453,0.5,0.5304371949162403,1,1,0.5308641975308642
1,0,0,1,1,26,0,3,18,82,4,0.2,0.2,0.2,0.2,0.2,0.5,-0.6931471805599453,0.5,0.49810287730091324,0,1,0.5365853658536586
0,0,1,0,0,5,0,3,19,83,4,0.2,0.2,0.2,0.2,0.2,0.5,-0.6931471805599453,0.5,0.49976551645495615,0,1,0.54216867469879515
0,1,1,1,1,31,0,3,20,84,4,0.2,0.2,0.2,0.2,0.2,0.5,-0.6931471805599453,0.5,0.5012508979105641,1,0,0.5357142857142857
1,0,0,0,1,18,0,3,21,85,4,0.2,0.2,0.2,0.2,0.2,0.5,-0.6931471805599453,0.5,0.49892877064084706,1,0,0.5294117647058824
0,1,0,0,0,3,0,3,22,86,4,0.2,0.2,0.2,0.2,0.2,0.5,-0.6931471805599453,0.5,0.4686367647065024,0,1,0.5348837209302325
0,1,1,0,1,23,0,3,23,87,4,0.2,0.2,0.2,0.2,0.2,0.5,-0.6931471805599453,0.5,0.5011608003670115,1,0,0.5287356321839081
0,0,0,0,0,1,0,3,24,88,4,0.2,0.2,0.2,0.2,0.2,0.5,-0.6931471805599453,0.5,0.46642574040370693,1,0,0.5227272727272727
1,0,1,0,0,6,1,3,25,89,4,0.2,0.2,0.2,0.2,0.2,0.5,-0.6931471805599453,0.5,0.5309550077755586,0,0,0.5168539325842697
0,0,1,1,0,13,0,3,26,90,4,0.2,0.2,0.2,0.2,0.2,0.5,-0.6931471805599453,0.5,0.499363104962543,0,1,0.5222222222222223
0,1,0,1,1,27,0,3,27,91,4,0.2,0.2,0.2,0.2,0.2,0.5,-0.6931471805599453,0.5,0.46729907049951425,1,0,0.5164835164835165
1,0,0,0,0,2,0,3,28,92,4,0.2,0.2,0.2,0.2,0.2,0.5,-0.6931471805599453,0.5,0.49973659606957394,1,0,0.5108695652173914
0,0,0,0,1,17,0,3,29,93,4,0.2,0.2,0.2,0.2,0.2,0.5,-0.6931471805599453,0.5,0.46711569073819825,1,0,0.5053763440860215
0,1,0,0,1,19,0,3,30,94,4,0.2,0.2,0.2,0.2,0.2,0.5,-0.6931471805599453,0.5,0.467374745417128,0,1,0.5106382978723404
0,1,0,1,0,11,0,3,31,95,4,0.2,0.2,0.2,0.2,0.2,0.5,-0.6931471805599453,0.5,0.4673189669469452,0,1,0.5157894736842106
0,1,1,0,0,7,0,3,32,96,4,0.2,0.2,0.2,0.2,0.2,0.5,-0.6931471805599453,0.5,0.5001374366023841,0,1,0.5208333333333334
1,0,0,0,1,18,0,1,1,1,5,0.2,0.2,0.2,0.2,0.2,0.5,-0.6931471805599453,0.5,0.5,0,1,1
0,0,0,1,0,9,0,1,2,2,5,0.2,0.2,0.2,0.2,0.2,0.5,-0.6931471805599453,0.5,0.5,0,1,1
0,1,1,1,0,15,0,1,3,3,5,0.2,0.2,0.2,0.2,0.2,0.5,-0.6931471805599453,0.5,0.5,0,1,1
0,1,0,1,1,27,0,1,4,4,5,0.2,0.2,0.2,0.2,0.2,0.5,-0.6931471805599453,0.5,0.5,1,0,0.75
1,0,1,1,0,14,1,1,5,5,5,0.2,0.2,0.2,0.2,0.2,0.5,-0.6931471805599453,0.5,0.5,0,0,0.6
1,0,1,1,1,30,1,1,6,6,5,0.2,0.2,0.2,0.2,0.2,0.5,-0.6931471805599453,0.5,0.5434022379167394,0,0,0.5
1,0,0,1,0,10,0,1,7,7,5,0.2,0.2,0.2,0.2,0.2,0.5,-0.6931471805599453,0.5,0.5181839544453435,1,0,0.42857142857142855
0,1,1,1,1,31,0,1,8,8,5,0.2,0.2,0.2,0.2,0.2,0.5,-0.6931471805599453,0.5,0.5004967445460501,1,0,0.375
1,1,0,0,0,4,0,1,9,9,5,0.2,0.2,0.2,0.2,0.2,0.5,-0.6931471805599453,0.5,0.4830651965945847,1,0,0.3333333333333333
0,0,1,0,0,5,0,1,10,10,5,0.2,0.2,0.2,0.2,0.2,0.5,-0.6931471805599453,0.5,0.5087314131641091,1,0,0.3
1,1,1,1,0,16,1,1,11,11,5,0.2,0.2,0.2,0.2,0.2,0.5,-0.6931471805599453,0.5,0.5243559683938822,0,0,0.2727272727272727
0,0,1,1,0,13,0,1,12,12,5,0.2,0.2,0.2,0.2,0.2,0.5,-0.6931471805599453,0.5,0.5130944695322766,1,0,0.25
0,1,1,0,1,23,0,1,13,13,5,0.2,0.2,0.2,0.2,0.2,0.5,-0.6931471805599453,0.5,0.4848130305206121,1,0,0.23076923076923078
0,1,0,0,1,19,0,1,14,14,5,0.2,0.2,0.2,0.2,0.2,0.5,-0.6931471805599453,0.5,0.45326688161959716,0,1,0.2857142857142857
0,1,0,1,0,11,0,1,15,15,5,0.2,0.2,0.2,0.2,0.2,0.5,-0.6931471805599453,0.5,0.4771264598178883,1,0,0.26666666666666666
1,1,0,1,0,12,0,1,16,16,5,0.2,0.2,0.2,0.2,0.2,0.5,-0.6931471805599453,0.5,0.5099039118888776,1,0,0.25
1,1,0,1,1,28,0,1,17,17,5,0.2,0.2,0.2,0.2,0.2,0.5,-0.6931471805599453,0.5,0.5020585836038906,0,1,0.29411764705882354
0,0,1,1,1,29,0,1,18,18,5,0.2,0.2,0.2,0.2,0.2,0.5,-0.6931471805599453,0.5,0.5137638277501099,1,0,0.2777777777777778
1,0,1,0,0,6,1,1,19,19,5,0.2,0.2,0.2,0.2,0.2,0.5,-0.6931471805599453,0.5,0.5322367818341617,1,1,0.3157894736842105
1,0,1,0,1,22,1,1,20,20,5,0.2,0.2,0.2,0.2,0.2,0.5,-0.6931471805599453,0.5,0.5324683373976592,1,1,0.35
1,1,1,0,1,24,1,1,21,21,5,0.2,0.2,0.2,0.2,0.2,0.5,-0.6931471805599453,0.5,0.5208559763421139,0,0,0.3333333333333333
1,1,0,0,1,20,0,1,22,22,5,0.2,0.2,0.2,0.2,0.2,0.5,-0.6931471805599453,0.5,0.49902817289046625,0,1,0.36363636363636365
0,1,1,0,0,7,0,1,23,23,5,0.2,0.2,0.2,0.2,0.2,0.5,-0.6931471805599453,0.5,0.4952679296861812,0,1,0.391304347826087
1,0,0,0,0,2,0,1,24,24,5,0.2,0.2,0.2,0.2,0.2,0.5,-0.6931471805599453,0.5,0.509795489087256,1,0,0.375
1,1,1,1,1,32,1,1,25,25,5,0.2,0.2,0.2,0.2,0.2,0.5,-0.6931471805599453,0.5,0.5232836109629256,0,0,0.36
0,0,1,0,1,21,0,1,26,26,5,0.2,0.2,0.2,0.2,0.2,0.5,-0.6931471805599453,0.5,0.506723225149817,0,1,0.38461538461538464
0,0,0,0,0,1,0,1,27,27,5,0.2,0.2,0.2,0.2,0.2,0.5,-0.6931471805599453,0.5,0.4700434313811207,0,1,0.4074074074074074
1,0,0,1,1,26,0,1,28,28,5,0.2,0.2,0.2,0.2,0.2,0.5,-0.6931471805599453,0.5,0.5083277330111357,0,1,0.42857142857142855
1,1,1,0,0,8,1,1,29,29,5,0.2,0.2,0.2,0.2,0.2,0.5,-0.6931471805599453,0.5,0.5246095444919818,0,0,0.41379310344827586
0,0,0,1,1,25,0,1,30,30,5,0.2,0.2,0.2,0.2,0.2,0.5,-0.6931471805599453,0.5,0.46965535134145586,1,0,0.4
0,0,0,0,1,17,0,1,31,31,5,0.2,0.2,0.2,0.2,0.2,0.5,-0.6931471805599453,0.5,0.46925613801380733,0,1,0.41935483870967744
0,1,0,0,0,3,0,1,32,32,5,0.2,0.2,0.2,0.2,0.2,0.5,-0.6931471805599453,0.5,0.4690029952257251,0,1,0.4375
0,0,0,1,0,9,0,2,1,33,5,0.2,0.2,0.2,0.2,0.2,0.5,-0.6931471805599453,0.5,0.46643643198353063,1,0,0.42424242424242425
0,1,0,0,1,19,0,2,2,34,5,0.2,0.2,0.2,0.2,0.2,0.5,-0.6931471805599453,0.5,0.46727841234323597,1,0,0.4117647058823529
1,0,1,1,0,14,1,2,3,35,5,0.2,0.2,0.2,0.2,0.2,0.5,-0.6931471805599453,0.5,0.5341335284541902,1,1,0.42857142857142855
1,0,0,0,1,18,0,2,4,36,5,0.2,0.2,0.2,0.2,0.2,0.5,-0.6931471805599453,0.5,0.49782133859938776,1,0,0.4166666666666667
0,1,1,0,1,23,0,2,5,37,5,0.2,0.2,0.2,0.2,0.2,0.5,-0.6931471805599453,0.5,0.49561458970160516,0,1,0.43243243243243246
1,1,0,1,1,28,0,2,6,38,5,0.2,0.2,0.2,0.2,0.2,0.5,-0.6931471805599453,0.5,0.49791720952436586,1,0,0.42105263157894735
0,1,0,0,0,3,0,2,7,39,5,0.2,0.2,0.2,0.2,0.2,0.5,-0.6931471805599453,0.5,0.46521580724171346,0,1,0.4358974358974359
1,0,0,1,1,26,0,2,8,40,5,0.2,0.2,0.2,0.2,0.2,0.5,-0.6931471805599453,0.5,0.5004378134493255,0,1,0.45
0,1,0,1,0,11,0,2,9,41,5,0.2,0.2,0.2,0.2,0.2,0.5,-0.6931471805599453,0.5,0.46838649968631674,0,1,0.4634146341463415
1,1,0,1,0,12,0,2,10,42,5,0.2,0.2,0.2,0.2,0.2,0.5,-0.6931471805599453,0.5,0.49905697641139596,1,0,0.4523809523809524
1,0,1,0,1,22,1,2,11,43,5,0.2,0.2,0.2,0.2,0.2,0.5,-0.6931471805599453,0.5,0.5332683000961924,0,0,0.4418604651162791
0,1,1,1,0,15,0,2,12,44,5,0.2,0.2,0.2,0.2,0.2,0.5,-0.6931471805599453,0.5,0.4979456859288925,1,0,0.4318181818181818
0,0,1,1,1,29,0,2,13,45,5,0.2,0.2,0.2,0.2,0.2,0.5,-0.6931471805599453,0.5,0.5040150241446453,0,1,0.4444444444444444
1,0,0,0,0,2,0,2,14,46,5,0.2,0.2,0.2,0.2,0.2,0.5,-0.6931471805599453,0.5,0.5034841021268798,1,0,0.43478260869565216
1,1,1,0,1,24,1,2,15,47,5,0.2,0.2,0.2,0.2,0.2,0.5,-0.6931471805599453,0.5,0.5306327839670358,0,0,0.425531914893617
1,0,0,1,0,10,0,2,16,48,5,0.2,0.2,0.2,0.2,0.2,0.5,-0.6931471805599453,0.5,0.4968793059098812,1,0,0.4166666666666667
0,0,1,1,0,13,0,2,17,49,5,0.2,0.2,0.2,0.2,0.2,0.5,-0.6931471805599453,0.5,0.49943340041887313,0,1,0.42857142857142855
0,0,1,0,1,21,0,2,18,50,5,0.2,0.2,0.2,0.2,0.2,0.5,-0.6931471805599453,0.5,0.5059293445682002,1,0,0.42
0,1,1,1,1,31,0,2,19,51,5,0.2,0.2,0.2,0.2,0.2,0.5,-0.6931471805599453,0.5,0.49824065370063403,1,0,0.4117647058823529
0,0,0,1,1,25,0,2,20,52,5,0.2,0.2,0.2,0.2,0.2,0.5,-0.6931471805599453,0.5,0.4672208593564572,1,0,0.40384615384615385
1,0,1,0,0,6,1,2,21,53,5,0.2,0.2,0.2,0.2,0.2,0.5,-0.6931471805599453,0.5,0.5351779866221881,1,1,0.41509433962264153
1,1,1,1,1,32,1,2,22,54,5,0.2,0.2,0.2,0.2,0.2,0.5,-0.6931471805599453,0.5,0.5269704503770812,0,0,0.4074074074074074
0,0,0,0,1,17,0,2,23,55,5,0.2,0.2,0.2,0.2,0.2,0.5,-0.6931471805599453,0.5,0.47059122171301615,1,0,0.4
1,1,1,0,0,8,1,2,24,56,5,0.2,0.2,0.2,0.2,0.2,0.5,-0.6931471805599453,0.5,0.5343065221858987,0,0,0.39285714285714285
0,1,0,1,1,27,0,2,25,57,5,0.2,0.2,0.2,0.2,0.2,0.5,-0.6931471805599453,0.5,0.46370166534418916,1,0,0.38596491228070173
0,0,1,0,0,5,0,2,26,58,5,0.2,0.2,0.2,0.2,0.2,0.5,-0.6931471805599453,0.5,0.5032566163084317,1,0,0.3793103448275862
0,1,1,0,0,7,0,2,27,59,5,0.2,0.2,0.2,0.2,0.2,0.5,-0.6931471805599453,0.5,0.5026126952210177,0,1,0.3898305084745763
1,1,1,1,0,16,1,2,28,60,5,0.2,0.2,0.2,0.2,0.2,0.5,-0.6931471805599453,0.5,0.5308345012850386,1,1,0.4
1,0,1,1,1,30,1,2,29,61,5,0.2,0.2,0.2,0.2,0.2,0.5,-0.6931471805599453,0.5,0.5290017214064139,1,1,0.4098360655737705
1,1,0,0,1,20,0,2,30,62,5,0.2,0.2,0.2,0.2,0.2,0.5,-0.6931471805599453,0.5,0.5012489216297322,0,1,0.41935483870967744
0,0,0,0,0,1,0,2,31,63,5,0.2,0.2,0.2,0.2,0.2,0.5,-0.6931471805599453,0.5,0.4677807470416322,1,0,0.4126984126984127
1,1,0,0,0,4,0,2,32,64,5,0.2,0.2,0.2,0.2,0.2,0.5,-0.6931471805599453,0.5,0.5006342501126078,1,0,0.40625
0,1,0,1,1,27,0,3,1,65,5,0.2,0.2,0.2,0.2,0.2,0.5,-0.6931471805599453,0.5,0.46643643198353063,0,1,0.4153846153846154
1,0,1,0,0,6,1,3,2,66,5,0.2,0.2,0.2,0.2,0.2,0.5,-0.6931471805599453,0.5,0.5340218743678518,0,0,0.4090909090909091
1,0,1,0,1,22,1,3,3,67,5,0.2,0.2,0.2,0.2,0.2,0.5,-0.6931471805599453,0.5,0.5342844731630687,1,1,0.417910447761194
0,1,1,0,0,7,0,3,4,68,5,0.2,0.2,0.2,0.2,0.2,0.5,-0.6931471805599453,0.5,0.499381246339523,1,0,0.4117647058823529
1,1,1,0,1,24,1,3,5,69,5,0.2,0.2,0.2,0.2,0.2,0.5,-0.6931471805599453,0.5,0.5326412466384634,0,0,0.4057971014492754
1,0,0,0,1,18,0,3,6,70,5,0.2,0.2,0.2,0.2,0.2,0.5,-0.6931471805599453,0.5,0.5034696568450929,1,0,0.4
1,1,1,1,1,32,1,3,7,71,5,0.2,0.2,0.2,0.2,0.2,0.5,-0.6931471805599453,0.5,0.530879451525711,0,0,0.39436619718309857
1,0,0,1,0,10,0,3,8,72,5,0.2,0.2,0.2,0.2,0.2,0.5,-0.6931471805599453,0.5,0.49742763981887506,1,0,0.3888888888888889
1,1,0,1,1,28,0,3,9,73,5,0.2,0.2,0.2,0.2,0.2,0.5,-0.6931471805599453,0.5,0.4988310770001727,1,0,0.3835616438356164
0,0,0,0,0,1,0,3,10,74,5,0.2,0.2,0.2,0.2,0.2,0.5,-0.6931471805599453,0.5,0.46759784521636844,0,1,0.3918918918918919
1,0,0,0,0,2,0,3,11,75,5,0.2,0.2,0.2,0.2,0.2,0.5,-0.6931471805599453,0.5,0.49834673419426284,1,0,0.38666666666666666
1,0,1,1,1,30,1,3,12,76,5,0.2,0.2,0.2,0.2,0.2,0.5,-0.6931471805599453,0.5,0.5330061426035946,1,1,0.39473684210526316
0,0,1,1,0,13,0,3,13,77,5,0.2,0.2,0.2,0.2,0.2,0.5,-0.6931471805599453,0.5,0.49857616696789786,1,0,0.38961038961038963
0,1,0,0,0,3,0,3,14,78,5,0.2,0.2,0.2,0.2,0.2,0.5,-0.6931471805599453,0.5,0.4649671498023855,0,1,0.3974358974358974
0,0,0,1,0,9,0,3,15,79,5,0.2,0.2,0.2,0.2,0.2,0.5,-0.6931471805599453,0.5,0.4640252242130723,0,1,0.4050632911392405
1,1,1,0,0,8,1,3,16,80,5,0.2,0.2,0.2,0.2,0.2,0.5,-0.6931471805599453,0.5,0.531095458608623,0,0,0.4
1,0,1,1,0,14,1,3,17,81,5,0.2,0.2,0.2,0.2,0.2,0.5,-0.6931471805599453,0.5,0.5296524965135484,0,0,0.3950617283950617
0,1,1,1,0,15,0,3,18,82,5,0.2,0.2,0.2,0.2,0.2,0.5,-0.6931471805599453,0.5,0.4978795806143911,0,1,0.4024390243902439
1,1,0,1,0,12,0,3,19,83,5,0.2,0.2,0.2,0.2,0.2,0.5,-0.6931471805599453,0.5,0.4961622353815315,0,1,0.40963855421686746
1,1,0,0,0,4,0,3,20,84,5,0.2,0.2,0.2,0.2,0.2,0.5,-0.6931471805599453,0.5,0.49712206266191233,0,1,0.4166666666666667
1,1,1,1,0,16,1,3,21,85,5,0.2,0.2,0.2,0.2,0.2,0.5,-0.6931471805599453,0.5,0.5293271409750092,0,0,0.4117647058823529
1,0,0,1,1,26,0,3,22,86,5,0.2,0.2,0.2,0.2,0.2,0.5,-0.6931471805599453,0.5,0.49936220578153984,1,0,0.4069767441860465
0,0,1,0,1,21,0,3,23,87,5,0.2,0.2,0.2,0.2,0.2,0.5,-0.6931471805599453,0.5,0.5024968513906484,0,1,0.41379310344827586
0,0,0,0,1,17,0,3,24,88,5,0.2,0.2,0.2,0.2,0.2,0.5,-0.6931471805599453,0.5,0.4678274180311101,0,1,0.42045454545454547
0,0,1,1,1,29,0,3,25,89,5,0.2,0.2,0.2,0.2,0.2,0.5,-0.6931471805599453,0.5,0.500788351501396,1,0,0.4157303370786517
0,1,0,0,1,19,0,3,26,90,5,0.2,0.2,0.2,0.2,0.2,0.5,-0.6931471805599453,0.5,0.4680640963953905,1,0,0.4111111111111111
0,1,1,1,1,31,0,3,27,91,5,0.2,0.2,0.2,0.2,0.2,0.5,-0.6931471805599453,0.5,0.5007075348071838,1,0,0.4065934065934066
0,1,0,1,0,11,0,3,28,92,5,0.2,0.2,0.2,0.2,0.2,0.5,-0.6931471805599453,0.5,0.4664159260120838,0,1,0.41304347826086957
0,0,0,1,1,25,0,3,29,93,5,0.2,0.2,0.2,0.2,0.2,0.5,-0.6931471805599453,0.5,0.46637281086642024,0,1,0.41935483870967744
0,0,1,0,0,5,0,3,30,94,5,0.2,0.2,0.2,0.2,0.2,0.5,-0.6931471805599453,0.5,0.4997966292079912,1,0,0.4148936170212766
1,1,0,0,1,20,0,3,31,95,5,0.2,0.2,0.2,0.2,0.2,0.5,-0.6931471805599453,0.5,0.5003086157871673,0,1,0.42105263157894735
0,1,1,0,1,23,0,3,32,96,5,0.2,0.2,0.2,0.2,0.2,0.5,-0.6931471805599453,0.5,0.5001374366023841,0,1,0.4270833333333333
1,0,1,1,0,14,1,1,1,1,6,0.2,0.2,0.2,0.2,0.2,1,0,0.5,0.5,0,0,0
0,1,1,1,1,31,0,1,2,2,6,0.2,0.2,0.2,0.2,0.2,1,0,0.5,0.5,0,1,0.5
0,0,1,0,1,21,0,1,3,3,6,0.2,0.2,0.2,0.2,0.2,1,0,0.5,0.4501660026875221,0,1,0.6666666666666666
0,0,1,1,0,13,0,1,4,4,6,0.2,0.2,0.2,0.2,0.2,1,0,0.5,0.549833997312478,1,0,0.5
1,0,1,1,1,30,1,1,5,5,6,0.2,0.2,0.2,0.2,0.2,1,0,0.5,0.549833997312478,0,0,0.4
1,0,1,0,1,22,1,1,6,6,6,0.2,0.2,0.2,0.2,0.2,1,0,0.5,0.538220181579763,1,1,0.5
1,1,0,1,1,28,0,1,7,7,6,0.2,0.2,0.2,0.2,0.2,1,0,0.5,0.5298127115555844,1,0,0.42857142857142855
1,0,0,1,0,10,0,1,8,8,6,0.2,0.2,0.2,0.2,0.2,1,0,0.5,0.5482050754568243,1,0,0.375
0,1,0,0,0,3,0,1,9,9,6,0.2,0.2,0.2,0.2,0.2,1,0,0.5,0.4347921122033953,0,1,0.4444444444444444
0,0,0,1,1,25,0,1,10,10,6,0.2,0.2,0.2,0.2,0.2,1,0,0.5,0.4754901427308544,1,0,0.4
0,0,0,0,1,17,0,1,11,11,6,0.2,0.2,0.2,0.2,0.2,1,0,0.5,0.46367640678997935,0,1,0.45454545454545453
1,0,0,0,1,18,0,1,12,12,6,0.2,0.2,0.2,0.2,0.2,1,0,0.5,0.5234458498569045,1,0,0.4166666666666667
0,1,1,1,0,15,0,1,13,13,6,0.2,0.2,0.2,0.2,0.2,1,0,0.5,0.4847537188727698,0,1,0.46153846153846156
0,1,1,0,1,23,0,1,14,14,6,0.2,0.2,0.2,0.2,0.2,1,0,0.5,0.4723941411164574,0,1,0.5
1,0,0,0,0,2,0,1,15,15,6,0.2,0.2,0.2,0.2,0.2,1,0,0.5,0.518256609643892,1,0,0.4666666666666667
1,1,1,0,1,24,1,1,16,16,6,0.2,0.2,0.2,0.2,0.2,1,0,0.5,0.5364668534460459,1,1,0.5
1,1,1,1,0,16,1,1,17,17,6,0.2,0.2,0.2,0.2,0.2,1,0,0.5,0.5421113994684916,0,0,0.47058823529411764
1,0,0,1,1,26,0,1,18,18,6,0.2,0.2,0.2,0.2,0.2,1,0,0.5,0.5067026657572392,0,1,0.5
1,1,0,0,1,20,0,1,19,19,6,0.2,0.2,0.2,0.2,0.2,1,0,0.5,0.4966056008752974,1,0,0.47368421052631576
0,0,1,1,1,29,0,1,20,20,6,0.2,0.2,0.2,0.2,0.2,1,0,0.5,0.504675057601482,1,0,0.45
0,0,1,0,0,5,0,1,21,21,6,0.2,0.2,0.2,0.2,0.2,1,0,0.5,0.49557744609742393,1,0,0.42857142857142855
0,1,1,0,0,7,0,1,22,22,6,0.2,0.2,0.2,0.2,0.2,1,0,0.5,0.48925086828396464,1,0,0.4090909090909091
0,0,0,0,0,1,0,1,23,23,6,0.2,0.2,0.2,0.2,0.2,1,0,0.5,0.431847968553908,0,1,0.43478260869565216
1,1,0,0,0,4,0,1,24,24,6,0.2,0.2,0.2,0.2,0.2,1,0,0.5,0.49238092506588876,0,1,0.4583333333333333
1,1,1,1,1,32,1,1,25,25,6,0.2,0.2,0.2,0.2,0.2,1,0,0.5,0.5674960225697767,1,1,0.48
0,0,0,1,0,9,0,1,26,26,6,0.2,0.2,0.2,0.2,0.2,1,0,0.5,0.4414388942754842,1,0,0.46153846153846156
0,1,0,1,1,27,0,1,27,27,6,0.2,0.2,0.2,0.2,0.2,1,0,0.5,0.4604537012285697,0,1,0.48148148148148145
1,1,1,0,0,8,1,1,28,28,6,0.2,0.2,0.2,0.2,0.2,1,0,0.5,0.548025408629633,1,1,0.5
0,1,0,1,0,11,0,1,29,29,6,0.2,0.2,0.2,0.2,0.2,1,0,0.5,0.4455408965745389,1,0,0.4827586206896552
1,1,0,1,0,12,0,1,30,30,6,0.2,0.2,0.2,0.2,0.2,1,0,0.5,0.5060693690392729,0,1,0.5
1,0,1,0,0,6,1,1,31,31,6,0.2,0.2,0.2,0.2,0.2,1,0,0.5,0.5509242814376948,1,1,0.5161290322580645
0,1,0,0,1,19,0,1,32,32,6,0.2,0.2,0.2,0.2,0.2,1,0,0.5,0.4381518188254009,1,0,0.5
0,1,0,0,0,3,0,2,1,33,6,0.2,0.2,0.2,0.2,0.2,1,0,0.5,0.4326113876930378,0,1,0.5151515151515151
0,1,0,1,0,11,0,2,2,34,6,0.2,0.2,0.2,0.2,0.2,1,0,0.5,0.4302832881296837,0,1,0.5294117647058824
0,1,1,1,0,15,0,2,3,35,6,0.2,0.2,0.2,0.2,0.2,1,0,0.5,0.4929881210540244,0,1,0.5428571428571428
0,0,0,1,1,25,0,2,4,36,6,0.2,0.2,0.2,0.2,0.2,1,0,0.5,0.43559399671014976,1,0,0.5277777777777778
0,0,1,0,1,21,0,2,5,37,6,0.2,0.2,0.2,0.2,0.2,1,0,0.5,0.5006938533931916,0,1,0.5405405405405406
1,1,0,1,0,12,0,2,6,38,6,0.2,0.2,0.2,0.2,0.2,1,0,0.5,0.49727991691345014,1,0,0.5263157894736842
1,0,0,0,1,18,0,2,7,39,6,0.2,0.2,0.2,0.2,0.2,1,0,0.5,0.503282612047071,1,0,0.5128205128205128
1,0,0,1,0,10,0,2,8,40,6,0.2,0.2,0.2,0.2,0.2,1,0,0.5,0.4965586903317953,1,0,0.5
1,1,1,1,0,16,1,2,9,41,6,0.2,0.2,0.2,0.2,0.2,1,0,0.5,0.5619470088404328,0,0,0.4878048780487805
0,0,1,1,0,13,0,2,10,42,6,0.2,0.2,0.2,0.2,0.2,1,0,0.5,0.49843531878447594,1,0,0.47619047619047616
1,1,1,0,0,8,1,2,11,43,6,0.2,0.2,0.2,0.2,0.2,1,0,0.5,0.5686922442621718,1,1,0.4883720930232558
0,0,0,1,0,9,0,2,12,44,6,0.2,0.2,0.2,0.2,0.2,1,0,0.5,0.4273025695792908,1,0,0.4772727272727273
1,1,1,0,1,24,1,2,13,45,6,0.2,0.2,0.2,0.2,0.2,1,0,0.5,0.5727366385438822,0,0,0.4666666666666667
0,1,1,0,1,23,0,2,14,46,6,0.2,0.2,0.2,0.2,0.2,1,0,0.5,0.5110140762598231,1,0,0.45652173913043476
1,1,0,1,1,28,0,2,15,47,6,0.2,0.2,0.2,0.2,0.2,1,0,0.5,0.5013391121879989,1,0,0.44680851063829785
0,0,0,0,1,17,0,2,16,48,6,0.2,0.2,0.2,0.2,0.2,1,0,0.5,0.42992480868251115,0,1,0.4583333333333333
0,1,0,0,1,19,0,2,17,49,6,0.2,0.2,0.2,0.2,0.2,1,0,0.5,0.44189121338143306,0,1,0.46938775510204084
0,1,0,1,1,27,0,2,18,50,6,0.2,0.2,0.2,0.2,0.2,1,0,0.5,0.43184463667992923,0,1,0.48
0,0,1,1,1,29,0,2,19,51,6,0.2,0.2,0.2,0.2,0.2,1,0,0.5,0.48441148298628545,1,0,0.47058823529411764
1,1,0,0,0,4,0,2,20,52,6,0.2,0.2,0.2,0.2,0.2,1,0,0.5,0.5133500888308676,1,0,0.46153846153846156
1,0,1,0,0,6,1,2,21,53,6,0.2,0.2,0.2,0.2,0.2,1,0,0.5,0.5672984128554146,1,1,0.4716981132075472
0,0,0,0,0,1,0,2,22,54,6,0.2,0.2,0.2,0.2,0.2,1,0,0.5,0.4387685093210991,0,1,0.48148148148148145
1,0,0,0,0,2,0,2,23,55,6,0.2,0.2,0.2,0.2,0.2,1,0,0.5,0.5025999521379397,0,1,0.4909090909090909
1,0,1,1,0,14,1,2,24,56,6,0.2,0.2,0.2,0.2,0.2,1,0,0.5,0.5609980521751612,0,0,0.48214285714285715
0,0,1,0,0,5,0,2,25,57,6,0.2,0.2,0.2,0.2,0.2,1,0,0.5,0.5035643297314264,1,0,0.47368421052631576
1,0,1,1,1,30,1,2,26,58,6,0.2,0.2,0.2,0.2,0.2,1,0,0.5,0.5570881432825521,1,1,0.4827586206896552
1,1,1,1,1,32,1,2,27,59,6,0.2,0.2,0.2,0.2,0.2,1,0,0.5,0.5651307039411715,1,1,0.4915254237288136
0,1,1,1,1,31,0,2,28,60,6,0.2,0.2,0.2,0.2,0.2,1,0,0.5,0.5009732346468524,1,0,0.48333333333333334
1,0,0,1,1,26,0,2,29,61,6,0.2,0.2,0.2,0.2,0.2,1,0,0.5,0.49668078186206316,0,1,0.4918032786885246
0,1,1,0,0,7,0,2,30,62,6,0.2,0.2,0.2,0.2,0.2,1,0,0.5,0.5011169383458308,1,0,0.4838709677419355
1,1,0,0,1,20,0,2,31,63,6,0.2,0.2,0.2,0.2,0.2,1,0,0.5,0.49842123783941966,0,1,0.49206349206349204
1,0,1,0,1,22,1,2,32,64,6,0.2,0.2,0.2,0.2,0.2,1,0,0.5,0.5597368004290265,0,0,0.484375
1,0,1,0,1,22,1,3,1,65,6,0.2,0.2,0.2,0.2,0.2,1,0,0.5,0.5652078877966047,1,1,0.49230769230769234
1,1,0,1,1,28,0,3,2,66,6,0.2,0.2,0.2,0.2,0.2,1,0,0.5,0.4950755192589693,1,0,0.48484848484848486
0,0,1,1,0,13,0,3,3,67,6,0.2,0.2,0.2,0.2,0.2,1,0,0.5,0.49650719924077275,0,1,0.4925373134328358
1,1,0,0,0,4,0,3,4,68,6,0.2,0.2,0.2,0.2,0.2,1,0,0.5,0.4961048344080103,1,0,0.4852941176470588
0,0,0,0,0,1,0,3,5,69,6,0.2,0.2,0.2,0.2,0.2,1,0,0.5,0.4353032946223152,0,1,0.4927536231884058
1,1,1,1,0,16,1,3,6,70,6,0.2,0.2,0.2,0.2,0.2,1,0,0.5,0.5600710110692151,1,1,0.5
1,1,1,0,1,24,1,3,7,71,6,0.2,0.2,0.2,0.2,0.2,1,0,0.5,0.5655468640327359,0,0,0.49295774647887325
0,1,0,1,1,27,0,3,8,72,6,0.2,0.2,0.2,0.2,0.2,1,0,0.5,0.4347845096830058,0,1,0.5
0,0,1,0,0,5,0,3,9,73,6,0.2,0.2,0.2,0.2,0.2,1,0,0.5,0.4958609200776137,0,1,0.5068493150684932
1,0,1,0,0,6,1,3,10,74,6,0.2,0.2,0.2,0.2,0.2,1,0,0.5,0.5621572240444569,1,1,0.5135135135135135
1,0,0,0,1,18,0,3,11,75,6,0.2,0.2,0.2,0.2,0.2,1,0,0.5,0.501004905575438,1,0,0.5066666666666667
1,0,1,1,1,30,1,3,12,76,6,0.2,0.2,0.2,0.2,0.2,1,0,0.5,0.562601039505611,1,1,0.5131578947368421
0,1,1,1,1,31,0,3,13,77,6,0.2,0.2,0.2,0.2,0.2,1,0,0.5,0.4976119584564647,1,0,0.5064935064935064
1,1,0,1,0,12,0,3,14,78,6,0.2,0.2,0.2,0.2,0.2,1,0,0.5,0.49376747457333703,1,0,0.5
0,1,1,1,0,15,0,3,15,79,6,0.2,0.2,0.2,0.2,0.2,1,0,0.5,0.4931549588702867,1,0,0.4936708860759494
1,0,0,0,0,2,0,3,16,80,6,0.2,0.2,0.2,0.2,0.2,1,0,0.5,0.49831967982015224,0,1,0.5
0,1,0,0,0,3,0,3,17,81,6,0.2,0.2,0.2,0.2,0.2,1,0,0.5,0.431846661643211,0,1,0.5061728395061729
0,0,0,0,1,17,0,3,18,82,6,0.2,0.2,0.2,0.2,0.2,1,0,0.5,0.4396477272291344,0,1,0.5121951219512195
0,0,0,1,0,9,0,3,19,83,6,0.2,0.2,0.2,0.2,0.2,1,0,0.5,0.4317163078914278,1,0,0.5060240963855421
0,1,0,0,1,19,0,3,20,84,6,0.2,0.2,0.2,0.2,0.2,1,0,0.5,0.43522319179090285,0,1,0.5119047619047619
1,0,1,1,0,14,1,3,21,85,6,0.2,0.2,0.2,0.2,0.2,1,0,0.5,0.5642035315569087,0,0,0.5058823529411764
0,0,0,1,1,25,0,3,22,86,6,0.2,0.2,0.2,0.2,0.2,1,0,0.5,0.436080667219093,0,1,0.5116279069767442
0,1,1,0,0,7,0,3,23,87,6,0.2,0.2,0.2,0.2,0.2,1,0,0.5,0.4946710317846521,1,0,0.5057471264367817
1,1,1,0,0,8,1,3,24,88,6,0.2,0.2,0.2,0.2,0.2,1,0,0.5,0.5616542907243335,1,1,0.5113636363636364
0,0,1,1,1,29,0,3,25,89,6,0.2,0.2,0.2,0.2,0.2,1,0,0.5,0.49780915062001924,1,0,0.5056179775280899
1,1,1,1,1,32,1,3,26,90,6,0.2,0.2,0.2,0.2,0.2,1,0,0.5,0.5628606260419605,0,0,0.5
1,0,0,1,1,26,0,3,27,91,6,0.2,0.2,0.2,0.2,0.2,1,0,0.5,0.49845981371076675,1,0,0.4945054945054945
1,1,0,0,1,20,0,3,28,92,6,0.2,0.2,0.2,0.2,0.2,1,0,0.5,0.4978596514089238,1,0,0.4891304347826087
0,1,1,0,1,23,0,3,29,93,6,0.2,0.2,0.2,0.2,0.2,1,0,0.5,0.49809446010144454,1,0,0.4838709677419355
0,0,1,0,1,21,0,3,30,94,6,0.2,0.2,0.2,0.2,0.2,1,0,0.5,0.4968340344816953,1,0,0.4787234042553192
0,1,0,1,0,11,0,3,31,95,6,0.2,0.2,0.2,0.2,0.2,1,0,0.5,0.434465506483678,0,1,0.4842105263157895
1,0,0,1,0,10,0,3,32,96,6,0.2,0.2,0.2,0.2,0.2,1,0,0.5,0.49880922027448077,0,1,0.4895833333333333
1,1,0,1,0,12,0,1,1,1,7,0.2,0.2,0.2,0.2,0.2,1,0,0.5,0.5,1,0,0
1,1,0,0,1,20,0,1,2,2,7,0.2,0.2,0.2,0.2,0.2,1,0,0.5,0.5,1,0,0
0,1,1,1,0,15,0,1,3,3,7,0.2,0.2,0.2,0.2,0.2,1,0,0.5,0.5,1,0,0
1,1,0,0,0,4,0,1,4,4,7,0.2,0.2,0.2,0.2,0.2,1,0,0.5,0.5,0,1,0.25
1,0,1,1,0,14,1,1,5,5,7,0.2,0.2,0.2,0.2,0.2,1,0,0.5,0.5,0,0,0.2
1,0,0,1,0,10,0,1,6,6,7,0.2,0.2,0.2,0.2,0.2,1,0,0.5,0.5587083120174098,1,0,0.16666666666666666
0,1,1,0,1,23,0,1,7,7,7,0.2,0.2,0.2,0.2,0.2,1,0,0.5,0.45356481004741517,1,0,0.14285714285714285
1,1,1,1,1,32,1,1,8,8,7,0.2,0.2,0.2,0.2,0.2,1,0,0.5,0.5155763563064101,1,1,0.25
0,1,0,0,0,3,0,1,9,9,7,0.2,0.2,0.2,0.2,0.2,1,0,0.5,0.39971166534901875,0,1,0.3333333333333333
0,1,0,1,1,27,0,1,10,10,7,0.2,0.2,0.2,0.2,0.2,1,0,0.5,0.46830471550062747,0,1,0.4
1,1,1,0,0,8,1,1,11,11,7,0.2,0.2,0.2,0.2,0.2,1,0,0.5,0.5092150885927845,1,1,0.45454545454545453
1,0,1,0,0,6,1,1,12,12,7,0.2,0.2,0.2,0.2,0.2,1,0,0.5,0.5669810513543796,1,1,0.5
1,0,0,0,1,18,0,1,13,13,7,0.2,0.2,0.2,0.2,0.2,1,0,0.5,0.4952443962183528,1,0,0.46153846153846156
0,1,1,1,1,31,0,1,14,14,7,0.2,0.2,0.2,0.2,0.2,1,0,0.5,0.4940674566789666,0,1,0.5
1,1,0,1,1,28,0,1,15,15,7,0.2,0.2,0.2,0.2,0.2,1,0,0.5,0.4657547639874785,1,0,0.4666666666666667
0,0,0,1,0,9,0,1,16,16,7,0.2,0.2,0.2,0.2,0.2,1,0,0.5,0.46899645278987284,0,1,0.5
1,0,1,1,1,30,1,1,17,17,7,0.2,0.2,0.2,0.2,0.2,1,0,0.5,0.5578870251095999,0,0,0.47058823529411764
1,0,0,0,0,2,0,1,18,18,7,0.2,0.2,0.2,0.2,0.2,1,0,0.5,0.5058703260154398,0,1,0.5
0,0,0,0,0,1,0,1,19,19,7,0.2,0.2,0.2,0.2,0.2,1,0,0.5,0.45319097145962134,0,1,0.5263157894736842
0,0,0,0,1,17,0,1,20,20,7,0.2,0.2,0.2,0.2,0.2,1,0,0.5,0.43892768284984734,0,1,0.55
0,0,1,0,0,5,0,1,21,21,7,0.2,0.2,0.2,0.2,0.2,1,0,0.5,0.5197749844539711,1,0,0.5238095238095238
1,0,1,0,1,22,1,1,22,22,7,0.2,0.2,0.2,0.2,0.2,1,0,0.5,0.5603262934043923,0,0,0.5
0,0,1,1,0,13,0,1,23,23,7,0.2,0.2,0.2,0.2,0.2,1,0,0.5,0.5171448904103304,0,1,0.5217391304347826
0,1,0,1,0,11,0,1,24,24,7,0.2,0.2,0.2,0.2,0.2,1,0,0.5,0.42190266929575704,1,0,0.5
0,0,1,1,1,29,0,1,25,25,7,0.2,0.2,0.2,0.2,0.2,1,0,0.5,0.5207431033808474,1,0,0.48
0,0,1,0,1,21,0,1,26,26,7,0.2,0.2,0.2,0.2,0.2,1,0,0.5,0.5135824229620428,1,0,0.46153846153846156
0,1,0,0,1,19,0,1,27,27,7,0.2,0.2,0.2,0.2,0.2,1,0,0.5,0.42798812546480486,1,0,0.4444444444444444
0,1,1,0,0,7,0,1,28,28,7,0.2,0.2,0.2,0.2,0.2,1,0,0.5,0.4881343788637749,1,0,0.42857142857142855
1,1,1,1,0,16,1,1,29,29,7,0.2,0.2,0.2,0.2,0.2,1,0,0.5,0.5528920764667171,1,1,0.4482758620689655
1,0,0,1,1,26,0,1,30,30,7,0.2,0.2,0.2,0.2,0.2,1,0,0.5,0.5111453777350694,1,0,0.43333333333333335
1,1,1,0,1,24,1,1,31,31,7,0.2,0.2,0.2,0.2,0.2,1,0,0.5,0.5509242814376948,1,1,0.45161290322580644
0,0,0,1,1,25,0,1,32,32,7,0.2,0.2,0.2,0.2,0.2,1,0,0.5,0.4381518188254009,0,1,0.46875
0,0,0,0,0,1,0,2,1,33,7,0.2,0.2,0.2,0.2,0.2,1,0,0.5,0.4326113876930378,0,1,0.48484848484848486
1,0,1,1,1,30,1,2,2,34,7,0.2,0.2,0.2,0.2,0.2,1,0,0.5,0.5674110687779435,1,1,0.5
0,1,0,1,0,11,0,2,3,35,7,0.2,0.2,0.2,0.2,0.2,1,0,0.5,0.42949729220930233,1,0,0.4857142857142857
1,1,1,1,0,16,1,2,4,36,7,0.2,0.2,0.2,0.2,0.2,1,0,0.5,0.5628330944132123,1,1,0.5
1,1,0,0,1,20,0,2,5,37,7,0.2,0.2,0.2,0.2,0.2,1,0,0.5,0.4935134124253657,1,0,0.4864864864864865
1,0,0,0,1,18,0,2,6,38,7,0.2,0.2,0.2,0.2,0.2,1,0,0.5,0.4911139780957581,1,0,0.47368421052631576
1,0,1,1,0,14,1,2,7,39,7,0.2,0.2,0.2,0.2,0.2,1,0,0.5,0.5728476222809722,0,0,0.46153846153846156
0,0,0,1,1,25,0,2,8,40,7,0.2,0.2,0.2,0.2,0.2,1,0,0.5,0.44057407639184987,0,1,0.475
1,1,1,1,1,32,1,2,9,41,7,0.2,0.2,0.2,0.2,0.2,1,0,0.5,0.569798676396779,1,1,0.4878048780487805
0,1,0,0,0,3,0,2,10,42,7,0.2,0.2,0.2,0.2,0.2,1,0,0.5,0.42306985466880515,0,1,0.5
1,1,1,0,1,24,1,2,11,43,7,0.2,0.2,0.2,0.2,0.2,1,0,0.5,0.558098971449908,0,0,0.4883720930232558
0,1,1,1,0,15,0,2,12,44,7,0.2,0.2,0.2,0.2,0.2,1,0,0.5,0.5067719410783039,0,1,0.5
0,1,0,0,1,19,0,2,13,45,7,0.2,0.2,0.2,0.2,0.2,1,0,0.5,0.4284579440955616,0,1,0.5111111111111111
0,0,1,0,0,5,0,2,14,46,7,0.2,0.2,0.2,0.2,0.2,1,0,0.5,0.4890862023585285,0,1,0.5217391304347826
1,0,0,0,0,2,0,2,15,47,7,0.2,0.2,0.2,0.2,0.2,1,0,0.5,0.4851706703002301,0,1,0.5319148936170213
1,0,1,0,1,22,1,2,16,48,7,0.2,0.2,0.2,0.2,0.2,1,0,0.5,0.5597977077104289,0,0,0.5208333333333334
0,0,0,1,0,9,0,2,17,49,7,0.2,0.2,0.2,0.2,0.2,1,0,0.5,0.43216119001917436,1,0,0.5102040816326531
0,1,1,1,1,31,0,2,18,50,7,0.2,0.2,0.2,0.2,0.2,1,0,0.5,0.509982241847935,0,1,0.52
1,1,0,0,0,4,0,2,19,51,7,0.2,0.2,0.2,0.2,0.2,1,0,0.5,0.4869257085947746,1,0,0.5098039215686274
0,1,1,0,0,7,0,2,20,52,7,0.2,0.2,0.2,0.2,0.2,1,0,0.5,0.486486549480863,1,0,0.5
0,1,1,0,1,23,0,2,21,53,7,0.2,0.2,0.2,0.2,0.2,1,0,0.5,0.49655474428323104,1,0,0.49056603773584906
0,1,0,1,1,27,0,2,22,54,7,0.2,0.2,0.2,0.2,0.2,1,0,0.5,0.44105990815899876,0,1,0.5
1,1,0,1,0,12,0,2,23,55,7,0.2,0.2,0.2,0.2,0.2,1,0,0.5,0.49835586485377426,0,1,0.509090909090909
1,1,1,0,0,8,1,2,24,56,7,0.2,0.2,0.2,0.2,0.2,1,0,0.5,0.5525202231846552,0,0,0.5
1,0,0,1,1,26,0,2,25,57,7,0.2,0.2,0.2,0.2,0.2,1,0,0.5,0.5055009935905688,1,0,0.49122807017543857
0,0,0,0,1,17,0,2,26,58,7,0.2,0.2,0.2,0.2,0.2,1,0,0.5,0.43265131693470593,1,0,0.4827586206896552
1,1,0,1,1,28,0,2,27,59,7,0.2,0.2,0.2,0.2,0.2,1,0,0.5,0.5011240582850219,1,0,0.4745762711864407
0,0,1,0,1,21,0,2,28,60,7,0.2,0.2,0.2,0.2,0.2,1,0,0.5,0.4992586938488378,0,1,0.48333333333333334
1,0,0,1,0,10,0,2,29,61,7,0.2,0.2,0.2,0.2,0.2,1,0,0.5,0.4983066978810353,1,0,0.47540983606557374
0,0,1,1,1,29,0,2,30,62,7,0.2,0.2,0.2,0.2,0.2,1,0,0.5,0.5035043564426758,0,1,0.4838709677419355
1,0,1,0,0,6,1,2,31,63,7,0.2,0.2,0.2,0.2,0.2,1,0,0.5,0.5605704547523265,0,0,0.47619047619047616
0,0,1,1,0,13,0,2,32,64,7,0.2,0.2,0.2,0.2,0.2,1,0,0.5,0.49990469543514504,0,1,0.484375
0,0,1,0,1,21,0,3,1,65,7,0.2,0.2,0.2,0.2,0.2,1,0,0.5,0.49667776290346227,0,1,0.49230769230769234
0,1,0,0,1,19,0,3,2,66,7,0.2,0.2,0.2,0.2,0.2,1,0,0.5,0.4325416873281169,1,0,0.48484848484848486
0,0,0,1,1,25,0,3,3,67,7,0.2,0.2,0.2,0.2,0.2,1,0,0.5,0.43247479610452344,0,1,0.4925373134328358
1,0,1,1,0,14,1,3,4,68,7,0.2,0.2,0.2,0.2,0.2,1,0,0.5,0.5674653850048422,1,1,0.5
1,1,1,0,1,24,1,3,5,69,7,0.2,0.2,0.2,0.2,0.2,1,0,0.5,0.5608118845871639,0,0,0.4927536231884058
0,0,0,0,0,1,0,3,6,70,7,0.2,0.2,0.2,0.2,0.2,1,0,0.5,0.4321395241122027,0,1,0.5
1,1,0,1,0,12,0,3,7,71,7,0.2,0.2,0.2,0.2,0.2,1,0,0.5,0.5001385973816234,1,0,0.49295774647887325
1,1,1,1,1,32,1,3,8,72,7,0.2,0.2,0.2,0.2,0.2,1,0,0.5,0.5666069827044673,1,1,0.5
1,1,0,0,1,20,0,3,9,73,7,0.2,0.2,0.2,0.2,0.2,1,0,0.5,0.49850193110761326,0,1,0.5068493150684932
0,0,0,0,1,17,0,3,10,74,7,0.2,0.2,0.2,0.2,0.2,1,0,0.5,0.42802763155302975,0,1,0.5135135135135135
0,0,1,1,0,13,0,3,11,75,7,0.2,0.2,0.2,0.2,0.2,1,0,0.5,0.49927037527982654,1,0,0.5066666666666667
0,0,1,0,0,5,0,3,12,76,7,0.2,0.2,0.2,0.2,0.2,1,0,0.5,0.49189363955146553,0,1,0.5131578947368421
0,1,1,1,1,31,0,3,13,77,7,0.2,0.2,0.2,0.2,0.2,1,0,0.5,0.5027655669038085,1,0,0.5064935064935064
0,1,0,0,0,3,0,3,14,78,7,0.2,0.2,0.2,0.2,0.2,1,0,0.5,0.43156930225981144,0,1,0.5128205128205128
1,0,0,1,0,10,0,3,15,79,7,0.2,0.2,0.2,0.2,0.2,1,0,0.5,0.4993833820165487,0,1,0.5189873417721519
0,1,1,0,1,23,0,3,16,80,7,0.2,0.2,0.2,0.2,0.2,1,0,0.5,0.4978612756686437,0,1,0.525
1,0,1,0,1,22,1,3,17,81,7,0.2,0.2,0.2,0.2,0.2,1,0,0.5,0.5623483150878849,1,1,0.5308641975308642
0,1,0,1,0,11,0,3,18,82,7,0.2,0.2,0.2,0.2,0.2,1,0,0.5,0.4319034056994658,1,0,0.524390243902439
1,1,1,0,0,8,1,3,19,83,7,0.2,0.2,0.2,0.2,0.2,1,0,0.5,0.5628811657334989,1,1,0.5301204819277109
1,1,1,1,0,16,1,3,20,84,7,0.2,0.2,0.2,0.2,0.2,1,0,0.5,0.5655250370476148,0,0,0.5238095238095238
1,0,0,0,1,18,0,3,21,85,7,0.2,0.2,0.2,0.2,0.2,1,0,0.5,0.49596526163068044,1,0,0.5176470588235295
0,0,0,1,0,9,0,3,22,86,7,0.2,0.2,0.2,0.2,0.2,1,0,0.5,0.430906675213635,1,0,0.5116279069767442
1,1,0,0,0,4,0,3,23,87,7,0.2,0.2,0.2,0.2,0.2,1,0,0.5,0.49987538046318225,1,0,0.5057471264367817
1,0,0,0,0,2,0,3,24,88,7,0.2,0.2,0.2,0.2,0.2,1,0,0.5,0.49260650671375744,1,0,0.5
0,1,1,1,0,15,0,3,25,89,7,0.2,0.2,0.2,0.2,0.2,1,0,0.5,0.5016602168968339,0,1,0.5056179775280899
1,0,0,1,1,26,0,3,26,90,7,0.2,0.2,0.2,0.2,0.2,1,0,0.5,0.49660156430766544,1,0,0.5
1,1,0,1,1,28,0,3,27,91,7,0.2,0.2,0.2,0.2,0.2,1,0,0.5,0.5006310507941263,0,1,0.5054945054945055
0,0,1,1,1,29,0,3,28,92,7,0.2,0.2,0.2,0.2,0.2,1,0,0.5,0.4961770706650996,0,1,0.5108695652173914
0,1,1,0,0,7,0,3,29,93,7,0.2,0.2,0.2,0.2,0.2,1,0,0.5,0.5004599769144581,0,1,0.5161290322580645
1,0,1,0,0,6,1,3,30,94,7,0.2,0.2,0.2,0.2,0.2,1,0,0.5,0.561464165520666,0,0,0.5106382978723404
1,0,1,1,1,30,1,3,31,95,7,0.2,0.2,0.2,0.2,0.2,1,0,0.5,0.5614775485341449,1,1,0.5157894736842106
0,1,0,1,1,27,0,3,32,96,7,0.2,0.2,0.2,0.2,0.2,1,0,0.5,0.43439076897243584,1,0,0.5104166666666666
1,0,1,0,1,22,1,1,1,1,8,0.2,0.2,0.2,0.2,0.2,1,0,0.5,0.5,0,0,0
1,0,0,0,0,2,0,1,2,2,8,0.2,0.2,0.2,0.2,0.2,1,0,0.5,0.5,1,0,0
0,0,1,0,1,21,0,1,3,3,8,0.2,0.2,0.2,0.2,0.2,1,0,0.5,0.598687660112452,1,0,0
0,1,1,0,1,23,0,1,4,4,8,0.2,0.2,0.2,0.2,0.2,1,0,0.5,0.5139112163496656,1,0,0
1,0,1,1,1,30,1,1,5,5,8,0.2,0.2,0.2,0.2,0.2,1,0,0.5,0.5814662465716224,1,1,0.2
0,1,1,1,1,31,0,1,6,6,8,0.2,0.2,0.2,0.2,0.2,1,0,0.5,0.496169890327732,0,1,0.3333333333333333
1,0,0,1,1,26,0,1,7,7,8,0.2,0.2,0.2,0.2,0.2,1,0,0.5,0.5732218059158358,1,0,0.2857142857142857
0,0,0,1,1,25,0,1,8,8,8,0.2,0.2,0.2,0.2,0.2,1,0,0.5,0.48341230980562566,0,1,0.375
0,1,0,1,1,27,0,1,9,9,8,0.2,0.2,0.2,0.2,0.2,1,0,0.5,0.42957482974825484,0,1,0.4444444444444444
1,1,1,0,1,24,1,1,10,10,8,0.2,0.2,0.2,0.2,0.2,1,0,0.5,0.5505208631674833,0,0,0.4
1,1,0,0,1,20,0,1,11,11,8,0.2,0.2,0.2,0.2,0.2,1,0,0.5,0.5235225189326365,1,0,0.36363636363636365
0,0,0,1,0,9,0,1,12,12,8,0.2,0.2,0.2,0.2,0.2,1,0,0.5,0.43013962764052704,1,0,0.3333333333333333
1,1,0,1,0,12,0,1,13,13,8,0.2,0.2,0.2,0.2,0.2,1,0,0.5,0.4684285366587198,0,1,0.38461538461538464
1,1,1,1,1,32,1,1,14,14,8,0.2,0.2,0.2,0.2,0.2,1,0,0.5,0.5550533609118607,1,1,0.42857142857142855
1,1,1,1,0,16,1,1,15,15,8,0.2,0.2,0.2,0.2,0.2,1,0,0.5,0.5437665495816243,0,0,0.4
0,1,0,0,1,19,0,1,16,16,8,0.2,0.2,0.2,0.2,0.2,1,0,0.5,0.44459650664271433,0,1,0.4375
0,1,1,0,0,7,0,1,17,17,8,0.2,0.2,0.2,0.2,0.2,1,0,0.5,0.49849908296690026,1,0,0.4117647058823529
1,0,0,1,0,10,0,1,18,18,8,0.2,0.2,0.2,0.2,0.2,1,0,0.5,0.4901741945672619,1,0,0.3888888888888889
0,0,0,0,1,17,0,1,19,19,8,0.2,0.2,0.2,0.2,0.2,1,0,0.5,0.43944265714019703,0,1,0.42105263157894735
1,1,0,1,1,28,0,1,20,20,8,0.2,0.2,0.2,0.2,0.2,1,0,0.5,0.5110670257791641,1,0,0.4
1,1,0,0,0,4,0,1,21,21,8,0.2,0.2,0.2,0.2,0.2,1,0,0.5,0.48416244123897634,0,1,0.42857142857142855
0,1,1,1,0,15,0,1,22,22,8,0.2,0.2,0.2,0.2,0.2,1,0,0.5,0.5080077430103372,1,0,0.4090909090909091
0,1,0,0,0,3,0,1,23,23,8,0.2,0.2,0.2,0.2,0.2,1,0,0.5,0.4219435971212652,0,1,0.43478260869565216
0,0,0,0,0,1,0,1,24,24,8,0.2,0.2,0.2,0.2,0.2,1,0,0.5,0.4150884785118401,1,0,0.4166666666666667
1,0,0,0,1,18,0,1,25,25,8,0.2,0.2,0.2,0.2,0.2,1,0,0.5,0.5004334406449724,1,0,0.4
1,0,1,0,0,6,1,1,26,26,8,0.2,0.2,0.2,0.2,0.2,1,0,0.5,0.5425058406210449,1,1,0.4230769230769231
1,1,1,0,0,8,1,1,27,27,8,0.2,0.2,0.2,0.2,0.2,1,0,0.5,0.5539012239346045,0,0,0.4074074074074074
0,0,1,0,0,5,0,1,28,28,8,0.2,0.2,0.2,0.2,0.2,1,0,0.5,0.5045935257978805,0,1,0.42857142857142855
0,0,1,1,0,13,0,1,29,29,8,0.2,0.2,0.2,0.2,0.2,1,0,0.5,0.4966777629034622,0,1,0.4482758620689655
1,0,1,1,0,14,1,1,30,30,8,0.2,0.2,0.2,0.2,0.2,1,0,0.5,0.5545231065886862,1,1,0.4666666666666667
0,0,1,1,1,29,0,1,31,31,8,0.2,0.2,0.2,0.2,0.2,1,0,0.5,0.5022204511291827,1,0,0.45161290322580644
0,1,0,1,0,11,0,1,32,32,8,0.2,0.2,0.2,0.2,0.2,1,0,0.5,0.4381518188254009,1,0,0.4375
1,1,1,1,1,32,1,2,1,33,8,0.2,0.2,0.2,0.2,0.2,1,0,0.5,0.5652078877966047,0,0,0.42424242424242425
1,0,0,0,0,2,0,2,2,34,8,0.2,0.2,0.2,0.2,0.2,1,0,0.5,0.4890591338863421,0,1,0.4411764705882353
1,0,0,0,1,18,0,2,3,35,8,0.2,0.2,0.2,0.2,0.2,1,0,0.5,0.49054043634978367,1,0,0.42857142857142855
1,1,0,0,0,4,0,2,4,36,8,0.2,0.2,0.2,0.2,0.2,1,0,0.5,0.4899536716118335,1,0,0.4166666666666667
1,1,1,0,1,24,1,2,5,37,8,0.2,0.2,0.2,0.2,0.2,1,0,0.5,0.5652078877966047,0,0,0.40540540540540543
1,0,0,1,1,26,0,2,6,38,8,0.2,0.2,0.2,0.2,0.2,1,0,0.5,0.49372782081552674,0,1,0.42105263157894735
0,1,0,1,0,11,0,2,7,39,8,0.2,0.2,0.2,0.2,0.2,1,0,0.5,0.43786170551542586,0,1,0.4358974358974359
0,1,1,1,0,15,0,2,8,40,8,0.2,0.2,0.2,0.2,0.2,1,0,0.5,0.5029804717071874,0,1,0.45
1,0,1,1,1,30,1,2,9,41,8,0.2,0.2,0.2,0.2,0.2,1,0,0.5,0.5645145126180655,0,0,0.43902439024390244
1,0,1,0,0,6,1,2,10,42,8,0.2,0.2,0.2,0.2,0.2,1,0,0.5,0.5507070616414425,0,0,0.42857142857142855
0,1,1,0,0,7,0,2,11,43,8,0.2,0.2,0.2,0.2,0.2,1,0,0.5,0.4953785849636747,0,1,0.4418604651162791
1,1,0,1,0,12,0,2,12,44,8,0.2,0.2,0.2,0.2,0.2,1,0,0.5,0.48684535253626654,1,0,0.4318181818181818
1,1,0,1,1,28,0,2,13,45,8,0.2,0.2,0.2,0.2,0.2,1,0,0.5,0.49902714672631104,1,0,0.4222222222222222
0,1,1,1,1,31,0,2,14,46,8,0.2,0.2,0.2,0.2,0.2,1,0,0.5,0.5067385223682045,1,0,0.41304347826086957
0,0,0,1,1,25,0,2,15,47,8,0.2,0.2,0.2,0.2,0.2,1,0,0.5,0.4429839216282849,1,0,0.40425531914893614
0,0,1,1,0,13,0,2,16,48,8,0.2,0.2,0.2,0.2,0.2,1,0,0.5,0.49670479469537776,1,0,0.3958333333333333
0,0,1,0,0,5,0,2,17,49,8,0.2,0.2,0.2,0.2,0.2,1,0,0.5,0.49898116083348393,0,1,0.40816326530612246
1,1,0,0,1,20,0,2,18,50,8,0.2,0.2,0.2,0.2,0.2,1,0,0.5,0.5028157900873689,1,0,0.4
0,0,1,0,1,21,0,2,19,51,8,0.2,0.2,0.2,0.2,0.2,1,0,0.5,0.506926341038268,0,1,0.4117647058823529
0,1,0,0,1,19,0,2,20,52,8,0.2,0.2,0.2,0.2,0.2,1,0,0.5,0.44193376701760634,0,1,0.4230769230769231
0,1,1,0,1,23,0,2,21,53,8,0.2,0.2,0.2,0.2,0.2,1,0,0.5,0.5013981390030404,1,0,0.41509433962264153
0,0,0,0,1,17,0,2,22,54,8,0.2,0.2,0.2,0.2,0.2,1,0,0.5,0.43966984429747413,1,0,0.4074074074074074
1,0,0,1,0,10,0,2,23,55,8,0.2,0.2,0.2,0.2,0.2,1,0,0.5,0.4962159455169203,0,1,0.41818181818181815
1,1,1,1,0,16,1,2,24,56,8,0.2,0.2,0.2,0.2,0.2,1,0,0.5,0.557853850469092,1,1,0.42857142857142855
0,0,1,1,1,29,0,2,25,57,8,0.2,0.2,0.2,0.2,0.2,1,0,0.5,0.5005050579739097,1,0,0.42105263157894735
1,1,1,0,0,8,1,2,26,58,8,0.2,0.2,0.2,0.2,0.2,1,0,0.5,0.5611800044542347,0,0,0.41379310344827586
0,0,0,0,0,1,0,2,27,59,8,0.2,0.2,0.2,0.2,0.2,1,0,0.5,0.4340950657694145,1,0,0.4067796610169492
0,0,0,1,0,9,0,2,28,60,8,0.2,0.2,0.2,0.2,0.2,1,0,0.5,0.4316683405155339,1,0,0.4
1,0,1,1,0,14,1,2,29,61,8,0.2,0.2,0.2,0.2,0.2,1,0,0.5,0.5589102394328758,1,1,0.4098360655737705
1,0,1,0,1,22,1,2,30,62,8,0.2,0.2,0.2,0.2,0.2,1,0,0.5,0.5573548809254227,0,0,0.4032258064516129
0,1,0,0,0,3,0,2,31,63,8,0.2,0.2,0.2,0.2,0.2,1,0,0.5,0.43543919609775955,0,1,0.4126984126984127
0,1,0,1,1,27,0,2,32,64,8,0.2,0.2,0.2,0.2,0.2,1,0,0.5,0.4353050467329554,1,0,0.40625
1,1,1,0,0,8,1,3,1,65,8,0.2,0.2,0.2,0.2,0.2,1,0,0.5,0.5652078877966047,0,0,0.4
0,1,0,1,1,27,0,3,2,66,8,0.2,0.2,0.2,0.2,0.2,1,0,0.5,0.43103882491134626,0,1,0.4090909090909091
1,0,1,1,1,30,1,3,3,67,8,0.2,0.2,0.2,0.2,0.2,1,0,0.5,0.5615244987491884,1,1,0.417910447761194
1,0,1,0,1,22,1,3,4,68,8,0.2,0.2,0.2,0.2,0.2,1,0,0.5,0.5660585678777965,0,0,0.4117647058823529
1,1,0,1,0,12,0,3,5,69,8,0.2,0.2,0.2,0.2,0.2,1,0,0.5,0.49245311264135105,1,0,0.4057971014492754
1,0,0,1,0,10,0,3,6,70,8,0.2,0.2,0.2,0.2,0.2,1,0,0.5,0.49402427306112917,1,0,0.4
1,0,1,1,0,14,1,3,7,71,8,0.2,0.2,0.2,0.2,0.2,1,0,0.5,0.5618529156667563,0,0,0.39436619718309857
0,0,0,1,0,9,0,3,8,72,8,0.2,0.2,0.2,0.2,0.2,1,0,0.5,0.43379213373788755,0,1,0.4027777777777778
0,0,1,1,0,13,0,3,9,73,8,0.2,0.2,0.2,0.2,0.2,1,0,0.5,0.49848135210399247,1,0,0.3972602739726027
0,1,1,1,1,31,0,3,10,74,8,0.2,0.2,0.2,0.2,0.2,1,0,0.5,0.494329368830689,0,1,0.40540540540540543
1,0,0,0,0,2,0,3,11,75,8,0.2,0.2,0.2,0.2,0.2,1,0,0.5,0.5002640134174567,1,0,0.4
0,0,0,0,0,1,0,3,12,76,8,0.2,0.2,0.2,0.2,0.2,1,0,0.5,0.43523496860384503,1,0,0.39473684210526316
0,0,0,0,1,17,0,3,13,77,8,0.2,0.2,0.2,0.2,0.2,1,0,0.5,0.43749807997045886,1,0,0.38961038961038963
1,1,1,0,1,24,1,3,14,78,8,0.2,0.2,0.2,0.2,0.2,1,0,0.5,0.5674223443881921,1,1,0.3974358974358974
1,1,0,1,1,28,0,3,15,79,8,0.2,0.2,0.2,0.2,0.2,1,0,0.5,0.4955536034482574,0,1,0.4050632911392405
0,1,1,0,1,23,0,3,16,80,8,0.2,0.2,0.2,0.2,0.2,1,0,0.5,0.5032092568075226,0,1,0.4125
0,1,0,1,0,11,0,3,17,81,8,0.2,0.2,0.2,0.2,0.2,1,0,0.5,0.42782617097691084,1,0,0.4074074074074074
0,0,1,1,1,29,0,3,18,82,8,0.2,0.2,0.2,0.2,0.2,1,0,0.5,0.49869974911706116,1,0,0.4024390243902439
1,0,1,0,0,6,1,3,19,83,8,0.2,0.2,0.2,0.2,0.2,1,0,0.5,0.5673908903051028,1,1,0.40963855421686746
1,1,1,1,1,32,1,3,20,84,8,0.2,0.2,0.2,0.2,0.2,1,0,0.5,0.5593615471058798,0,0,0.40476190476190477
1,0,0,0,1,18,0,3,21,85,8,0.2,0.2,0.2,0.2,0.2,1,0,0.5,0.5020429213061978,0,1,0.4117647058823529
1,1,1,1,0,16,1,3,22,86,8,0.2,0.2,0.2,0.2,0.2,1,0,0.5,0.5610916436924618,1,1,0.4186046511627907
0,1,1,1,0,15,0,3,23,87,8,0.2,0.2,0.2,0.2,0.2,1,0,0.5,0.4967688490015947,1,0,0.41379310344827586
1,1,0,0,0,4,0,3,24,88,8,0.2,0.2,0.2,0.2,0.2,1,0,0.5,0.49897227910976333,1,0,0.4090909090909091
0,0,0,1,1,25,0,3,25,89,8,0.2,0.2,0.2,0.2,0.2,1,0,0.5,0.43241526158643634,0,1,0.4157303370786517
1,1,0,0,1,20,0,3,26,90,8,0.2,0.2,0.2,0.2,0.2,1,0,0.5,0.49877561580241736,0,1,0.4222222222222222
1,0,0,1,1,26,0,3,27,91,8,0.2,0.2,0.2,0.2,0.2,1,0,0.5,0.4943854206153767,0,1,0.42857142857142855
0,1,1,0,0,7,0,3,28,92,8,0.2,0.2,0.2,0.2,0.2,1,0,0.5,0.5018654790398825,0,1,0.43478260869565216
0,1,0,0,1,19,0,3,29,93,8,0.2,0.2,0.2,0.2,0.2,1,0,0.5,0.43476996330034867,1,0,0.43010752688172044
0,1,0,0,0,3,0,3,30,94,8,0.2,0.2,0.2,0.2,0.2,1,0,0.5,0.43388377092103936,0,1,0.43617021276595747
0,0,1,0,0,5,0,3,31,95,8,0.2,0.2,0.2,0.2,0.2,1,0,0.5,0.49996716794267576,1,0,0.43157894736842106
0,0,1,0,1,21,0,3,32,96,8,0.2,0.2,0.2,0.2,0.2,1,0,0.5,0.49880922027448077,0,1,0.4375
1,1,1,1,1,32,1,1,1,1,9,0.2,0.2,0.2,0.2,0.2,1,0,0.5,0.5,0,0,0
1,1,1,1,0,16,1,1,2,2,9,0.2,0.2,0.2,0.2,0.2,1,0,0.5,0.5,1,1,0.5
1,1,0,0,0,4,0,1,3,3,9,0.2,0.2,0.2,0.2,0.2,1,0,0.5,0.5,1,0,0.3333333333333333
0,1,0,1,1,27,0,1,4,4,9,0.2,0.2,0.2,0.2,0.2,1,0,0.5,0.5262238372934432,1,0,0.25
1,1,1,0,0,8,1,1,5,5,9,0.2,0.2,0.2,0.2,0.2,1,0,0.5,0.5400765730302094,0,0,0.2
1,0,0,0,1,18,0,1,6,6,9,0.2,0.2,0.2,0.2,0.2,1,0,0.5,0.45826799179975136,0,1,0.3333333333333333
1,0,1,1,1,30,1,1,7,7,9,0.2,0.2,0.2,0.2,0.2,1,0,0.5,0.549833997312478,0,0,0.2857142857142857
1,0,0,1,1,26,0,1,8,8,9,0.2,0.2,0.2,0.2,0.2,1,0,0.5,0.4779070490905563,1,0,0.25
0,1,0,1,0,11,0,1,9,9,9,0.2,0.2,0.2,0.2,0.2,1,0,0.5,0.4713124454509148,1,0,0.2222222222222222
1,0,1,0,1,22,1,1,10,10,9,0.2,0.2,0.2,0.2,0.2,1,0,0.5,0.5424785147299049,0,0,0.2
1,0,0,1,0,10,0,1,11,11,9,0.2,0.2,0.2,0.2,0.2,1,0,0.5,0.4692543586794424,1,0,0.18181818181818182
0,0,0,1,0,9,0,1,12,12,9,0.2,0.2,0.2,0.2,0.2,1,0,0.5,0.4186220911188427,0,1,0.25
0,0,1,0,1,21,0,1,13,13,9,0.2,0.2,0.2,0.2,0.2,1,0,0.5,0.5369963103520042,1,0,0.23076923076923078
1,0,1,0,0,6,1,1,14,14,9,0.2,0.2,0.2,0.2,0.2,1,0,0.5,0.5511247006745198,0,0,0.21428571428571427
0,1,0,0,1,19,0,1,15,15,9,0.2,0.2,0.2,0.2,0.2,1,0,0.5,0.4416783124287907,0,1,0.26666666666666666
1,1,0,1,1,28,0,1,16,16,9,0.2,0.2,0.2,0.2,0.2,1,0,0.5,0.4814787689363862,0,1,0.3125
0,0,1,1,1,29,0,1,17,17,9,0.2,0.2,0.2,0.2,0.2,1,0,0.5,0.5097194428837881,0,1,0.35294117647058826
1,0,1,1,0,14,1,1,18,18,9,0.2,0.2,0.2,0.2,0.2,1,0,0.5,0.5616848769017673,1,1,0.3888888888888889
0,1,0,0,0,3,0,1,19,19,9,0.2,0.2,0.2,0.2,0.2,1,0,0.5,0.442735744794591,0,1,0.42105263157894735
0,1,1,1,1,31,0,1,20,20,9,0.2,0.2,0.2,0.2,0.2,1,0,0.5,0.49936174559934776,0,1,0.45
0,0,0,0,0,1,0,1,21,21,9,0.2,0.2,0.2,0.2,0.2,1,0,0.5,0.44785072517646957,0,1,0.47619047619047616
1,1,1,0,1,24,1,1,22,22,9,0.2,0.2,0.2,0.2,0.2,1,0,0.5,0.5584163496636233,0,0,0.45454545454545453
1,1,0,0,1,20,0,1,23,23,9,0.2,0.2,0.2,0.2,0.2,1,0,0.5,0.491194128462838,0,1,0.4782608695652174
0,1,1,0,0,7,0,1,24,24,9,0.2,0.2,0.2,0.2,0.2,1,0,0.5,0.5134392617058706,0,1,0.5
0,0,0,1,1,25,0,1,25,25,9,0.2,0.2,0.2,0.2,0.2,1,0,0.5,0.4313192945536308,0,1,0.52
0,0,1,0,0,5,0,1,26,26,9,0.2,0.2,0.2,0.2,0.2,1,0,0.5,0.5107824142730011,0,1,0.5384615384615384
0,0,0,0,1,17,0,1,27,27,9,0.2,0.2,0.2,0.2,0.2,1,0,0.5,0.4289584195999417,0,1,0.5555555555555556
0,1,1,1,0,15,0,1,28,28,9,0.2,0.2,0.2,0.2,0.2,1,0,0.5,0.5072109120363877,0,1,0.5714285714285714
0,1,1,0,1,23,0,1,29,29,9,0.2,0.2,0.2,0.2,0.2,1,0,0.5,0.4957139324988459,0,1,0.5862068965517241
0,0,1,1,0,13,0,1,30,30,9,0.2,0.2,0.2,0.2,0.2,1,0,0.5,0.5010250035616917,1,0,0.5666666666666667
1,0,0,0,0,2,0,1,31,31,9,0.2,0.2,0.2,0.2,0.2,1,0,0.5,0.5044933344176681,1,0,0.5483870967741935
1,1,0,1,0,12,0,1,32,32,9,0.2,0.2,0.2,0.2,0.2,1,0,0.5,0.5033169397751223,1,0,0.53125
1,1,1,1,1,32,1,2,1,33,9,0.2,0.2,0.2,0.2,0.2,1,0,0.5,0.5652078877966047,1,1,0.5454545454545454
0,1,1,1,1,31,0,2,2,34,9,0.2,0.2,0.2,0.2,0.2,1,0,0.5,0.5056745915785914,1,0,0.5294117647058824
0,0,0,0,0,1,0,2,3,35,9,0.2,0.2,0.2,0.2,0.2,1,0,0.5,0.42830035349199624,1,0,0.5142857142857142
0,1,1,0,1,23,0,2,4,36,9,0.2,0.2,0.2,0.2,0.2,1,0,0.5,0.4972927374539637,1,0,0.5
0,1,0,1,0,11,0,2,5,37,9,0.2,0.2,0.2,0.2,0.2,1,0,0.5,0.43631830103985814,0,1,0.5135135135135135
0,1,1,0,0,7,0,2,6,38,9,0.2,0.2,0.2,0.2,0.2,1,0,0.5,0.48890936141233343,0,1,0.5263157894736842
1,1,0,0,0,4,0,2,7,39,9,0.2,0.2,0.2,0.2,0.2,1,0,0.5,0.49517385748450227,0,1,0.5384615384615384
1,0,0,0,0,2,0,2,8,40,9,0.2,0.2,0.2,0.2,0.2,1,0,0.5,0.49162528351990165,0,1,0.55
1,0,1,0,1,22,1,2,9,41,9,0.2,0.2,0.2,0.2,0.2,1,0,0.5,0.5642272878984839,0,0,0.5365853658536586
0,0,0,1,0,9,0,2,10,42,9,0.2,0.2,0.2,0.2,0.2,1,0,0.5,0.4299237911094302,0,1,0.5476190476190477
1,1,1,0,1,24,1,2,11,43,9,0.2,0.2,0.2,0.2,0.2,1,0,0.5,0.5692986496719414,1,1,0.5581395348837209
1,0,1,1,1,30,1,2,12,44,9,0.2,0.2,0.2,0.2,0.2,1,0,0.5,0.5736391454623672,1,1,0.5681818181818182
1,0,1,1,0,14,1,2,13,45,9,0.2,0.2,0.2,0.2,0.2,1,0,0.5,0.5581406675866043,1,1,0.5777777777777777
1,1,1,0,0,8,1,2,14,46,9,0.2,0.2,0.2,0.2,0.2,1,0,0.5,0.549515481724512,1,1,0.5869565217391305
1,1,1,1,0,16,1,2,15,47,9,0.2,0.2,0.2,0.2,0.2,1,0,0.5,0.559312664215213,1,1,0.5957446808510638
1,0,1,0,0,6,1,2,16,48,9,0.2,0.2,0.2,0.2,0.2,1,0,0.5,0.5571115977303217,0,0,0.5833333333333334
1,1,0,0,1,20,0,2,17,49,9,0.2,0.2,0.2,0.2,0.2,1,0,0.5,0.49903536272260113,1,0,0.5714285714285714
0,1,0,1,1,27,0,2,18,50,9,0.2,0.2,0.2,0.2,0.2,1,0,0.5,0.43494031448506587,1,0,0.56
0,0,0,1,1,25,0,2,19,51,9,0.2,0.2,0.2,0.2,0.2,1,0,0.5,0.43722105171289255,0,1,0.5686274509803921
1,1,0,1,0,12,0,2,20,52,9,0.2,0.2,0.2,0.2,0.2,1,0,0.5,0.4955331519246078,0,1,0.5769230769230769
0,0,1,0,0,5,0,2,21,53,9,0.2,0.2,0.2,0.2,0.2,1,0,0.5,0.49998704349807094,0,1,0.5849056603773585
1,0,0,1,0,10,0,2,22,54,9,0.2,0.2,0.2,0.2,0.2,1,0,0.5,0.49733371843328816,0,1,0.5925925925925926
0,1,1,1,0,15,0,2,23,55,9,0.2,0.2,0.2,0.2,0.2,1,0,0.5,0.4949247916188279,1,0,0.5818181818181818
0,0,1,1,0,13,0,2,24,56,9,0.2,0.2,0.2,0.2,0.2,1,0,0.5,0.4953274431393614,0,1,0.5892857142857143
0,0,1,1,1,29,0,2,25,57,9,0.2,0.2,0.2,0.2,0.2,1,0,0.5,0.4993342321341818,1,0,0.5789473684210527
0,0,0,0,1,17,0,2,26,58,9,0.2,0.2,0.2,0.2,0.2,1,0,0.5,0.43921066717567026,0,1,0.5862068965517241
0,1,0,0,1,19,0,2,27,59,9,0.2,0.2,0.2,0.2,0.2,1,0,0.5,0.4362824227700206,0,1,0.5932203389830508
1,0,0,1,1,26,0,2,28,60,9,0.2,0.2,0.2,0.2,0.2,1,0,0.5,0.5015329712999262,0,1,0.6
1,0,0,0,1,18,0,2,29,61,9,0.2,0.2,0.2,0.2,0.2,1,0,0.5,0.5002896911553111,1,0,0.5901639344262295
0,0,1,0,1,21,0,2,30,62,9,0.2,0.2,0.2,0.2,0.2,1,0,0.5,0.497805643770814,0,1,0.5967741935483871
1,1,0,1,1,28,0,2,31,63,9,0.2,0.2,0.2,0.2,0.2,1,0,0.5,0.4993132689260187,1,0,0.5873015873015873
0,1,0,0,0,3,0,2,32,64,9,0.2,0.2,0.2,0.2,0.2,1,0,0.5,0.4353050467329554,0,1,0.59375
1,1,0,0,1,20,0,3,1,65,9,0.2,0.2,0.2,0.2,0.2,1,0,0.5,0.49667776290346227,1,0,0.5846153846153846
0,1,1,1,1,31,0,3,2,66,9,0.2,0.2,0.2,0.2,0.2,1,0,0.5,0.4972926749989617,1,0,0.5757575757575758
1,0,0,0,0,2,0,3,3,67,9,0.2,0.2,0.2,0.2,0.2,1,0,0.5,0.49836339511799455,1,0,0.5671641791044776
1,1,1,0,0,8,1,3,4,68,9,0.2,0.2,0.2,0.2,0.2,1,0,0.5,0.5639279278524625,0,0,0.5588235294117647
0,1,0,0,1,19,0,3,5,69,9,0.2,0.2,0.2,0.2,0.2,1,0,0.5,0.4334931624895085,0,1,0.5652173913043478
0,1,0,0,0,3,0,3,6,70,9,0.2,0.2,0.2,0.2,0.2,1,0,0.5,0.43687808393080146,0,1,0.5714285714285714
1,0,1,1,0,14,1,3,7,71,9,0.2,0.2,0.2,0.2,0.2,1,0,0.5,0.5669139555734015,1,1,0.5774647887323944
1,0,0,1,1,26,0,3,8,72,9,0.2,0.2,0.2,0.2,0.2,1,0,0.5,0.4959050523233137,0,1,0.5833333333333334
0,0,0,0,1,17,0,3,9,73,9,0.2,0.2,0.2,0.2,0.2,1,0,0.5,0.4290708291324854,1,0,0.5753424657534246
0,1,1,0,0,7,0,3,10,74,9,0.2,0.2,0.2,0.2,0.2,1,0,0.5,0.5011464683374997,1,0,0.5675675675675675
1,0,1,0,0,6,1,3,11,75,9,0.2,0.2,0.2,0.2,0.2,1,0,0.5,0.5679579308230565,1,1,0.5733333333333334
0,0,1,0,1,21,0,3,12,76,9,0.2,0.2,0.2,0.2,0.2,1,0,0.5,0.4947414181684334,0,1,0.5789473684210527
0,0,0,1,0,9,0,3,13,77,9,0.2,0.2,0.2,0.2,0.2,1,0,0.5,0.4407002063970188,0,1,0.5844155844155844
1,0,0,1,0,10,0,3,14,78,9,0.2,0.2,0.2,0.2,0.2,1,0,0.5,0.5030774683956127,0,1,0.5897435897435898
0,0,1,0,0,5,0,3,15,79,9,0.2,0.2,0.2,0.2,0.2,1,0,0.5,0.5032599247483325,0,1,0.5949367088607594
0,0,0,1,1,25,0,3,16,80,9,0.2,0.2,0.2,0.2,0.2,1,0,0.5,0.4297760540375749,0,1,0.6
1,1,1,0,1,24,1,3,17,81,9,0.2,0.2,0.2,0.2,0.2,1,0,0.5,0.5614908336533108,0,0,0.5925925925925926
1,1,0,1,1,28,0,3,18,82,9,0.2,0.2,0.2,0.2,0.2,1,0,0.5,0.49382416326175826,0,1,0.5975609756097561
0,1,0,1,0,11,0,3,19,83,9,0.2,0.2,0.2,0.2,0.2,1,0,0.5,0.43454894354790274,0,1,0.6024096385542169
0,1,0,1,1,27,0,3,20,84,9,0.2,0.2,0.2,0.2,0.2,1,0,0.5,0.4272441476333008,0,1,0.6071428571428571
1,0,0,0,1,18,0,3,21,85,9,0.2,0.2,0.2,0.2,0.2,1,0,0.5,0.49501226225082096,0,1,0.611764705882353
0,0,1,1,0,13,0,3,22,86,9,0.2,0.2,0.2,0.2,0.2,1,0,0.5,0.5001961022185301,0,1,0.6162790697674418
1,1,0,1,0,12,0,3,23,87,9,0.2,0.2,0.2,0.2,0.2,1,0,0.5,0.49735510157707846,1,0,0.6091954022988506
0,1,1,0,1,23,0,3,24,88,9,0.2,0.2,0.2,0.2,0.2,1,0,0.5,0.4990870249545168,0,1,0.6136363636363636
1,0,1,1,1,30,1,3,25,89,9,0.2,0.2,0.2,0.2,0.2,1,0,0.5,0.559954701936288,0,0,0.6067415730337079
1,1,1,1,0,16,1,3,26,90,9,0.2,0.2,0.2,0.2,0.2,1,0,0.5,0.5645504785785879,0,0,0.6
0,1,1,1,0,15,0,3,27,91,9,0.2,0.2,0.2,0.2,0.2,1,0,0.5,0.5003407094317205,0,1,0.6043956043956044
1,1,0,0,0,4,0,3,28,92,9,0.2,0.2,0.2,0.2,0.2,1,0,0.5,0.5001024949992531,1,0,0.5978260869565217
0,0,1,1,1,29,0,3,29,93,9,0.2,0.2,0.2,0.2,0.2,1,0,0.5,0.49638148569208485,1,0,0.5913978494623656
1,1,1,1,1,32,1,3,30,94,9,0.2,0.2,0.2,0.2,0.2,1,0,0.5,0.561464165520666,1,1,0.5957446808510638
1,0,1,0,1,22,1,3,31,95,9,0.2,0.2,0.2,0.2,0.2,1,0,0.5,0.5614775485341449,0,0,0.5894736842105263
0,0,0,0,0,1,0,3,32,96,9,0.2,0.2,0.2,0.2,0.2,1,0,0.5,0.43439076897243584,1,0,0.5833333333333334
0,1,0,0,1,19,0,1,1,1,10,0.2,0.2,0.2,0.2,0.2,1,0,0.5,0.5,1,0,0
1,1,0,0,0,4,0,1,2,2,10,0.2,0.2,0.2,0.2,0.2,1,0,0.5,0.5,1,0,0
1,1,1,0,1,24,1,1,3,3,10,0.2,0.2,0.2,0.2,0.2,1,0,0.5,0.5,1,1,0.3333333333333333
1,1,1,1,0,16,1,1,4,4,10,0.2,0.2,0.2,0.2,0.2,1,0,0.5,0.5449116085013421,0,0,0.25
0,0,1,1,0,13,0,1,5,5,10,0.2,0.2,0.2,0.2,0.2,1,0,0.5,0.5547466487171165,1,0,0.2
0,1,1,1,0,15,0,1,6,6,10,0.2,0.2,0.2,0.2,0.2,1,0,0.5,0.5170074174289482,0,1,0.3333333333333333
0,0,1,1,1,29,0,1,7,7,10,0.2,0.2,0.2,0.2,0.2,1,0,0.5,0.4771249878554972,0,1,0.42857142857142855
1,0,0,0,0,2,0,1,8,8,10,0.2,0.2,0.2,0.2,0.2,1,0,0.5,0.4936181977092933,1,0,0.375
0,1,1,0,0,7,0,1,9,9,10,0.2,0.2,0.2,0.2,0.2,1,0,0.5,0.5059506430185119,0,1,0.4444444444444444
1,0,0,1,1,26,0,1,10,10,10,0.2,0.2,0.2,0.2,0.2,1,0,0.5,0.5024456067814361,1,0,0.4
1,1,1,0,0,8,1,1,11,11,10,0.2,0.2,0.2,0.2,0.2,1,0,0.5,0.5683543883991792,0,0,0.36363636363636365
1,0,1,1,0,14,1,1,12,12,10,0.2,0.2,0.2,0.2,0.2,1,0,0.5,0.5225382011725996,1,1,0.4166666666666667
1,1,0,1,0,12,0,1,13,13,10,0.2,0.2,0.2,0.2,0.2,1,0,0.5,0.523734227239759,0,1,0.46153846153846156
1,1,0,1,1,28,0,1,14,14,10,0.2,0.2,0.2,0.2,0.2,1,0,0.5,0.49831497420560994,1,0,0.42857142857142855
1,0,0,1,0,10,0,1,15,15,10,0.2,0.2,0.2,0.2,0.2,1,0,0.5,0.4903222489107839,1,0,0.4
1,0,0,0,1,18,0,1,16,16,10,0.2,0.2,0.2,0.2,0.2,1,0,0.5,0.4770976063077788,1,0,0.375
0,1,1,1,1,31,0,1,17,17,10,0.2,0.2,0.2,0.2,0.2,1,0,0.5,0.5063182157711068,0,1,0.4117647058823529
1,0,1,1,1,30,1,1,18,18,10,0.2,0.2,0.2,0.2,0.2,1,0,0.5,0.5243701457705477,0,0,0.3888888888888889
1,0,1,0,0,6,1,1,19,19,10,0.2,0.2,0.2,0.2,0.2,1,0,0.5,0.5515228903545744,0,0,0.3684210526315789
1,0,1,0,1,22,1,1,20,20,10,0.2,0.2,0.2,0.2,0.2,1,0,0.5,0.5543263865641322,0,0,0.35
0,1,1,0,1,23,0,1,21,21,10,0.2,0.2,0.2,0.2,0.2,1,0,0.5,0.5062281743749721,0,1,0.38095238095238093
0,1,0,1,0,11,0,1,22,22,10,0.2,0.2,0.2,0.2,0.2,1,0,0.5,0.4370633846564765,1,0,0.36363636363636365
1,1,1,1,1,32,1,1,23,23,10,0.2,0.2,0.2,0.2,0.2,1,0,0.5,0.5366581952703227,1,1,0.391304347826087
0,0,0,1,0,9,0,1,24,24,10,0.2,0.2,0.2,0.2,0.2,1,0,0.5,0.44188509724552566,0,1,0.4166666666666667
0,0,0,1,1,25,0,1,25,25,10,0.2,0.2,0.2,0.2,0.2,1,0,0.5,0.44054117140445287,0,1,0.44
0,0,1,0,1,21,0,1,26,26,10,0.2,0.2,0.2,0.2,0.2,1,0,0.5,0.5109040002434676,0,1,0.46153846153846156
1,1,0,0,1,20,0,1,27,27,10,0.2,0.2,0.2,0.2,0.2,1,0,0.5,0.5026609683917835,0,1,0.48148148148148145
0,0,0,0,0,1,0,1,28,28,10,0.2,0.2,0.2,0.2,0.2,1,0,0.5,0.4467242566692973,1,0,0.4642857142857143
0,0,1,0,0,5,0,1,29,29,10,0.2,0.2,0.2,0.2,0.2,1,0,0.5,0.5026444490361903,0,1,0.4827586206896552
0,1,0,1,1,27,0,1,30,30,10,0.2,0.2,0.2,0.2,0.2,1,0,0.5,0.4390216669815938,0,1,0.5
0,0,0,0,1,17,0,1,31,31,10,0.2,0.2,0.2,0.2,0.2,1,0,0.5,0.43856654324571837,1,0,0.4838709677419355
0,1,0,0,0,3,0,1,32,32,10,0.2,0.2,0.2,0.2,0.2,1,0,0.5,0.4381518188254009,0,1,0.5
0,1,1,1,1,31,0,2,1,33,10,0.2,0.2,0.2,0.2,0.2,1,0,0.5,0.49667776290346227,0,1,0.5151515151515151
0,1,0,0,1,19,0,2,2,34,10,0.2,0.2,0.2,0.2,0.2,1,0,0.5,0.43247479610452344,0,1,0.5294117647058824
1,1,1,1,0,16,1,2,3,35,10,0.2,0.2,0.2,0.2,0.2,1,0,0.5,0.5658181883825864,1,1,0.5428571428571428
0,1,1,0,0,7,0,2,4,36,10,0.2,0.2,0.2,0.2,0.2,1,0,0.5,0.4977046282555237,1,0,0.5277777777777778
0,0,1,0,1,21,0,2,5,37,10,0.2,0.2,0.2,0.2,0.2,1,0,0.5,0.48700293114614207,1,0,0.5135135135135135
0,0,0,0,0,1,0,2,6,38,10,0.2,0.2,0.2,0.2,0.2,1,0,0.5,0.4320858299607562,0,1,0.5263157894736842
1,1,1,0,1,24,1,2,7,39,10,0.2,0.2,0.2,0.2,0.2,1,0,0.5,0.5587485773878961,1,1,0.5384615384615384
1,1,1,1,1,32,1,2,8,40,10,0.2,0.2,0.2,0.2,0.2,1,0,0.5,0.5703950855384062,0,0,0.525
1,0,0,1,0,10,0,2,9,41,10,0.2,0.2,0.2,0.2,0.2,1,0,0.5,0.49917134059483015,0,1,0.5365853658536586
1,1,0,0,1,20,0,2,10,42,10,0.2,0.2,0.2,0.2,0.2,1,0,0.5,0.50604934675607,1,0,0.5238095238095238
1,1,1,0,0,8,1,2,11,43,10,0.2,0.2,0.2,0.2,0.2,1,0,0.5,0.5642364039412329,1,1,0.5348837209302325
0,0,1,1,1,29,0,2,12,44,10,0.2,0.2,0.2,0.2,0.2,1,0,0.5,0.4893387393895078,0,1,0.5454545454545454
0,0,1,1,0,13,0,2,13,45,10,0.2,0.2,0.2,0.2,0.2,1,0,0.5,0.48828077072852677,1,0,0.5333333333333333
1,0,1,0,0,6,1,2,14,46,10,0.2,0.2,0.2,0.2,0.2,1,0,0.5,0.5550634040382078,1,1,0.5434782608695652
0,0,0,0,1,17,0,2,15,47,10,0.2,0.2,0.2,0.2,0.2,1,0,0.5,0.42622809143099505,0,1,0.5531914893617021
0,1,1,1,0,15,0,2,16,48,10,0.2,0.2,0.2,0.2,0.2,1,0,0.5,0.5024157233058862,1,0,0.5416666666666666
1,0,0,1,1,26,0,2,17,49,10,0.2,0.2,0.2,0.2,0.2,1,0,0.5,0.4921920350803333,1,0,0.5306122448979592
0,1,0,1,0,11,0,2,18,50,10,0.2,0.2,0.2,0.2,0.2,1,0,0.5,0.44272109334446863,1,0,0.52
1,0,1,1,0,14,1,2,19,51,10,0.2,0.2,0.2,0.2,0.2,1,0,0.5,0.5576755400752319,0,0,0.5098039215686274
0,0,1,0,0,5,0,2,20,52,10,0.2,0.2,0.2,0.2,0.2,1,0,0.5,0.4941378126872124,1,0,0.5
0,1,0,0,0,3,0,2,21,53,10,0.2,0.2,0.2,0.2,0.2,1,0,0.5,0.4412007162499651,0,1,0.5094339622641509
1,0,0,0,0,2,0,2,22,54,10,0.2,0.2,0.2,0.2,0.2,1,0,0.5,0.5007493797984184,0,1,0.5185185185185185
0,1,1,0,1,23,0,2,23,55,10,0.2,0.2,0.2,0.2,0.2,1,0,0.5,0.4947675598871378,0,1,0.5272727272727272
1,0,0,0,1,18,0,2,24,56,10,0.2,0.2,0.2,0.2,0.2,1,0,0.5,0.491940529205521,1,0,0.5178571428571429
1,1,0,1,1,28,0,2,25,57,10,0.2,0.2,0.2,0.2,0.2,1,0,0.5,0.5046200208058819,0,1,0.5263157894736842
1,1,0,1,0,12,0,2,26,58,10,0.2,0.2,0.2,0.2,0.2,1,0,0.5,0.508897061859756,1,0,0.5172413793103449
1,1,0,0,0,4,0,2,27,59,10,0.2,0.2,0.2,0.2,0.2,1,0,0.5,0.5038195280737152,0,1,0.5254237288135594
0,1,0,1,1,27,0,2,28,60,10,0.2,0.2,0.2,0.2,0.2,1,0,0.5,0.43717317651718995,0,1,0.5333333333333333
1,0,1,0,1,22,1,2,29,61,10,0.2,0.2,0.2,0.2,0.2,1,0,0.5,0.5562664789368247,1,1,0.5409836065573771
0,0,0,1,1,25,0,2,30,62,10,0.2,0.2,0.2,0.2,0.2,1,0,0.5,0.4311953645532616,0,1,0.5483870967741935
1,0,1,1,1,30,1,2,31,63,10,0.2,0.2,0.2,0.2,0.2,1,0,0.5,0.5594680177370436,1,1,0.5555555555555556
0,0,0,1,0,9,0,2,32,64,10,0.2,0.2,0.2,0.2,0.2,1,0,0.5,0.4353050467329554,0,1,0.5625
0,0,1,1,0,13,0,3,1,65,10,0.2,0.2,0.2,0.2,0.2,1,0,0.5,0.49667776290346227,0,1,0.5692307692307692
1,1,0,0,0,4,0,3,2,66,10,0.2,0.2,0.2,0.2,0.2,1,0,0.5,0.4981095054228237,0,1,0.5757575757575758
1,1,0,1,0,12,0,3,3,67,10,0.2,0.2,0.2,0.2,0.2,1,0,0.5,0.4957203484111433,0,1,0.582089552238806
1,1,1,1,1,32,1,3,4,68,10,0.2,0.2,0.2,0.2,0.2,1,0,0.5,0.5649372847583907,1,1,0.5882352941176471
0,1,1,1,0,15,0,3,5,69,10,0.2,0.2,0.2,0.2,0.2,1,0,0.5,0.49667776290346227,0,1,0.5942028985507246
0,1,0,0,0,3,0,3,6,70,10,0.2,0.2,0.2,0.2,0.2,1,0,0.5,0.430584860726916,0,1,0.6
1,0,0,1,0,10,0,3,7,71,10,0.2,0.2,0.2,0.2,0.2,1,0,0.5,0.4940389974058395,1,0,0.5915492957746479
1,0,0,1,1,26,0,3,8,72,10,0.2,0.2,0.2,0.2,0.2,1,0,0.5,0.499902504568536,0,1,0.5972222222222222
0,0,0,1,0,9,0,3,9,73,10,0.2,0.2,0.2,0.2,0.2,1,0,0.5,0.42942808341584204,1,0,0.589041095890411
1,0,1,1,0,14,1,3,10,74,10,0.2,0.2,0.2,0.2,0.2,1,0,0.5,0.5584488729659521,1,1,0.5945945945945946
1,0,0,0,1,18,0,3,11,75,10,0.2,0.2,0.2,0.2,0.2,1,0,0.5,0.4962919380641474,1,0,0.5866666666666667
1,1,1,0,1,24,1,3,12,76,10,0.2,0.2,0.2,0.2,0.2,1,0,0.5,0.5657468042135984,0,0,0.5789473684210527
0,1,0,1,1,27,0,3,13,77,10,0.2,0.2,0.2,0.2,0.2,1,0,0.5,0.43923527980525084,0,1,0.5844155844155844
0,0,0,1,1,25,0,3,14,78,10,0.2,0.2,0.2,0.2,0.2,1,0,0.5,0.4338092392352576,1,0,0.5769230769230769
0,0,1,0,1,21,0,3,15,79,10,0.2,0.2,0.2,0.2,0.2,1,0,0.5,0.5007630880840106,1,0,0.569620253164557
0,1,0,0,1,19,0,3,16,80,10,0.2,0.2,0.2,0.2,0.2,1,0,0.5,0.437771497191013,1,0,0.5625
1,0,1,0,0,6,1,3,17,81,10,0.2,0.2,0.2,0.2,0.2,1,0,0.5,0.5625285738214566,1,1,0.5679012345679012
1,1,0,1,1,28,0,3,18,82,10,0.2,0.2,0.2,0.2,0.2,1,0,0.5,0.4955897635972525,0,1,0.573170731707317
1,0,1,1,1,30,1,3,19,83,10,0.2,0.2,0.2,0.2,0.2,1,0,0.5,0.5633263973917644,0,0,0.5662650602409639
0,0,1,1,1,29,0,3,20,84,10,0.2,0.2,0.2,0.2,0.2,1,0,0.5,0.5009850789773657,0,1,0.5714285714285714
1,1,1,1,0,16,1,3,21,85,10,0.2,0.2,0.2,0.2,0.2,1,0,0.5,0.5622331332510392,1,1,0.5764705882352941
0,1,1,0,0,7,0,3,22,86,10,0.2,0.2,0.2,0.2,0.2,1,0,0.5,0.4985116977864237,1,0,0.5697674418604651
0,1,1,0,1,23,0,3,23,87,10,0.2,0.2,0.2,0.2,0.2,1,0,0.5,0.49707664460637746,0,1,0.5747126436781609
1,0,1,0,1,22,1,3,24,88,10,0.2,0.2,0.2,0.2,0.2,1,0,0.5,0.5633613144337459,1,1,0.5795454545454546
1,1,1,0,0,8,1,3,25,89,10,0.2,0.2,0.2,0.2,0.2,1,0,0.5,0.5620311645499391,1,1,0.5842696629213483
0,1,1,1,1,31,0,3,26,90,10,0.2,0.2,0.2,0.2,0.2,1,0,0.5,0.4952427858730975,1,0,0.5777777777777777
1,0,0,0,0,2,0,3,27,91,10,0.2,0.2,0.2,0.2,0.2,1,0,0.5,0.5005628580086816,0,1,0.5824175824175825
0,0,1,0,0,5,0,3,28,92,10,0.2,0.2,0.2,0.2,0.2,1,0,0.5,0.4988858689881714,1,0,0.5760869565217391
0,1,0,1,0,11,0,3,29,93,10,0.2,0.2,0.2,0.2,0.2,1,0,0.5,0.43328655050261994,0,1,0.5806451612903226
0,0,0,0,0,1,0,3,30,94,10,0.2,0.2,0.2,0.2,0.2,1,0,0.5,0.4346885381569427,1,0,0.574468085106383
0,0,0,0,1,17,0,3,31,95,10,0.2,0.2,0.2,0.2,0.2,1,0,0.5,0.434465506483678,0,1,0.5789473684210527
1,1,0,0,1,20,0,3,32,96,10,0.2,0.2,0.2,0.2,0.2,1,0,0.5,0.49880922027448077,0,1,0.5833333333333334
1,1,0,1,1,28,0,1,1,1,11,0.2,0.2,0.2,0.2,0.2,2,0.6931471805599453,0.5,0.5,1,0,0
0,0,1,1,1,29,0,1,2,2,11,0.2,0.2,0.2,0.2,0.2,2,0.6931471805599453,0.5,0.5,0,1,0.5
1,1,0,0,0,4,0,1,3,3,11,0.2,0.2,0.2,0.2,0.2,2,0.6931471805599453,0.5,0.5,1,0,0.3333333333333333
1,0,1,1,0,14,1,1,4,4,11,0.2,0.2,0.2,0.2,0.2,2,0.6931471805599453,0.5,0.5,1,1,0.5
1,1,0,0,1,20,0,1,5,5,11,0.2,0.2,0.2,0.2,0.2,2,0.6931471805599453,0.5,0.28194869056156646,0,1,0.6
0,0,0,0,0,1,0,1,6,6,11,0.2,0.2,0.2,0.2,0.2,2,0.6931471805599453,0.5,0.49006727099500896,0,1,0.6666666666666666
0,1,1,0,1,23,0,1,7,7,11,0.2,0.2,0.2,0.2,0.2,2,0.6931471805599453,0.5,0.3590263104520657,0,1,0.7142857142857143
1,1,0,1,0,12,0,1,8,8,11,0.2,0.2,0.2,0.2,0.2,2,0.6931471805599453,0.5,0.5193623760265325,1,0,0.625
0,1,1,0,0,7,0,1,9,9,11,0.2,0.2,0.2,0.2,0.2,2,0.6931471805599453,0.5,0.4408196371915887,1,0,0.5555555555555556
1,0,0,0,0,2,0,1,10,10,11,0.2,0.2,0.2,0.2,0.2,2,0.6931471805599453,0.5,0.5255224091366183,1,0,0.5
0,0,0,1,1,25,0,1,11,11,11,0.2,0.2,0.2,0.2,0.2,2,0.6931471805599453,0.5,0.4603620496219226,1,0,0.45454545454545453
1,1,1,0,1,24,1,1,12,12,11,0.2,0.2,0.2,0.2,0.2,2,0.6931471805599453,0.5,0.429789648136261,0,0,0.4166666666666667
0,0,0,1,0,9,0,1,13,13,11,0.2,0.2,0.2,0.2,0.2,2,0.6931471805599453,0.5,0.4224865437736204,0,1,0.46153846153846156
1,1,1,1,0,16,1,1,14,14,11,0.2,0.2,0.2,0.2,0.2,2,0.6931471805599453,0.5,0.610547662014699,1,1,0.5
0,0,1,0,0,5,0,1,15,15,11,0.2,0.2,0.2,0.2,0.2,2,0.6931471805599453,0.5,0.47399289717645626,1,0,0.4666666666666667
1,1,1,1,1,32,1,1,16,16,11,0.2,0.2,0.2,0.2,0.2,2,0.6931471805599453,0.5,0.6351845507935334,0,0,0.4375
1,0,1,0,0,6,1,1,17,17,11,0.2,0.2,0.2,0.2,0.2,2,0.6931471805599453,0.5,0.5495707040562622,0,0,0.4117647058823529
1,0,0,0,1,18,0,1,18,18,11,0.2,0.2,0.2,0.2,0.2,2,0.6931471805599453,0.5,0.4575299291414242,0,1,0.4444444444444444
1,0,0,1,0,10,0,1,19,19,11,0.2,0.2,0.2,0.2,0.2,2,0.6931471805599453,0.5,0.4948997416390453,1,0,0.42105263157894735
1,0,0,1,1,26,0,1,20,20,11,0.2,0.2,0.2,0.2,0.2,2,0.6931471805599453,0.5,0.4539765036000796,0,1,0.45
0,1,0,1,1,27,0,1,21,21,11,0.2,0.2,0.2,0.2,0.2,2,0.6931471805599453,0.5,0.41201964211144415,1,0,0.42857142857142855
1,0,1,0,1,22,1,1,22,22,11,0.2,0.2,0.2,0.2,0.2,2,0.6931471805599453,0.5,0.5844946855232181,1,1,0.45454545454545453
0,1,0,0,1,19,0,1,23,23,11,0.2,0.2,0.2,0.2,0.2,2,0.6931471805599453,0.5,0.3871288625962085,1,0,0.43478260869565216
0,1,0,0,0,3,0,1,24,24,11,0.2,0.2,0.2,0.2,0.2,2,0.6931471805599453,0.5,0.3651367414082156,0,1,0.4583333333333333
0,0,1,1,0,13,0,1,25,25,11,0.2,0.2,0.2,0.2,0.2,2,0.6931471805599453,0.5,0.5205227340974512,0,1,0.48
0,1,0,1,0,11,0,1,26,26,11,0.2,0.2,0.2,0.2,0.2,2,0.6931471805599453,0.5,0.3781287812466669,1,0,0.46153846153846156
0,1,1,1,1,31,0,1,27,27,11,0.2,0.2,0.2,0.2,0.2,2,0.6931471805599453,0.5,0.5147663613096036,0,1,0.48148148148148145
0,1,1,1,0,15,0,1,28,28,11,0.2,0.2,0.2,0.2,0.2,2,0.6931471805599453,0.5,0.49795120066266163,0,1,0.5
1,0,1,1,1,30,1,1,29,29,11,0.2,0.2,0.2,0.2,0.2,2,0.6931471805599453,0.5,0.6186799643735207,1,1,0.5172413793103449
1,1,1,0,0,8,1,1,30,30,11,0.2,0.2,0.2,0.2,0.2,2,0.6931471805599453,0.5,0.5947403684137904,1,1,0.5333333333333333
0,0,1,0,1,21,0,1,31,31,11,0.2,0.2,0.2,0.2,0.2,2,0.6931471805599453,0.5,0.5113962686792421,1,0,0.5161290322580645
0,0,0,0,1,17,0,1,32,32,11,0.2,0.2,0.2,0.2,0.2,2,0.6931471805599453,0.5,0.3779602052745394,0,1,0.53125
1,0,0,1,1,26,0,2,1,33,11,0.2,0.2,0.2,0.2,0.2,2,0.6931471805599453,0.5,0.4868434814158423,1,0,0.5151515151515151
1,1,0,0,0,4,0,2,2,34,11,0.2,0.2,0.2,0.2,0.2,2,0.6931471805599453,0.5,0.4895384194080508,0,1,0.5294117647058824
0,1,0,1,0,11,0,2,3,35,11,0.2,0.2,0.2,0.2,0.2,2,0.6931471805599453,0.5,0.3685802992150942,0,1,0.5428571428571428
0,1,0,1,1,27,0,2,4,36,11,0.2,0.2,0.2,0.2,0.2,2,0.6931471805599453,0.5,0.3643629660810722,0,1,0.5555555555555556
0,1,1,0,1,23,0,2,5,37,11,0.2,0.2,0.2,0.2,0.2,2,0.6931471805599453,0.5,0.49550807183977147,0,1,0.5675675675675675
1,1,0,1,0,12,0,2,6,38,11,0.2,0.2,0.2,0.2,0.2,2,0.6931471805599453,0.5,0.4789505801748152,1,0,0.5526315789473685
1,1,1,1,1,32,1,2,7,39,11,0.2,0.2,0.2,0.2,0.2,2,0.6931471805599453,0.5,0.619331931083958,1,1,0.5641025641025641
1,0,1,1,0,14,1,2,8,40,11,0.2,0.2,0.2,0.2,0.2,2,0.6931471805599453,0.5,0.624372028708535,1,1,0.575
1,1,0,0,1,20,0,2,9,41,11,0.2,0.2,0.2,0.2,0.2,2,0.6931471805599453,0.5,0.47243296082513125,1,0,0.5609756097560976
0,0,0,1,1,25,0,2,10,42,11,0.2,0.2,0.2,0.2,0.2,2,0.6931471805599453,0.5,0.3771633564058482,0,1,0.5714285714285714
0,0,0,1,0,9,0,2,11,43,11,0.2,0.2,0.2,0.2,0.2,2,0.6931471805599453,0.5,0.3805153260302517,1,0,0.5581395348837209
0,0,1,1,1,29,0,2,12,44,11,0.2,0.2,0.2,0.2,0.2,2,0.6931471805599453,0.5,0.5016674874761026,1,0,0.5454545454545454
0,0,0,0,1,17,0,2,13,45,11,0.2,0.2,0.2,0.2,0.2,2,0.6931471805599453,0.5,0.36029164084639276,0,1,0.5555555555555556
0,0,1,0,1,21,0,2,14,46,11,0.2,0.2,0.2,0.2,0.2,2,0.6931471805599453,0.5,0.480820307887701,1,0,0.5434782608695652
1,0,0,0,0,2,0,2,15,47,11,0.2,0.2,0.2,0.2,0.2,2,0.6931471805599453,0.5,0.487200553650269,0,1,0.5531914893617021
1,0,0,0,1,18,0,2,16,48,11,0.2,0.2,0.2,0.2,0.2,2,0.6931471805599453,0.5,0.46891091748777203,0,1,0.5625
1,0,1,0,0,6,1,2,17,49,11,0.2,0.2,0.2,0.2,0.2,2,0.6931471805599453,0.5,0.6219641727146101,0,0,0.5510204081632653
0,1,1,0,0,7,0,2,18,50,11,0.2,0.2,0.2,0.2,0.2,2,0.6931471805599453,0.5,0.4979427052190572,0,1,0.56
0,1,1,1,0,15,0,2,19,51,11,0.2,0.2,0.2,0.2,0.2,2,0.6931471805599453,0.5,0.5002873632857598,0,1,0.5686274509803921
1,1,1,1,0,16,1,2,20,52,11,0.2,0.2,0.2,0.2,0.2,2,0.6931471805599453,0.5,0.6282384284566207,0,0,0.5576923076923077
0,0,1,0,0,5,0,2,21,53,11,0.2,0.2,0.2,0.2,0.2,2,0.6931471805599453,0.5,0.4983450007862314,0,1,0.5660377358490566
1,0,0,1,0,10,0,2,22,54,11,0.2,0.2,0.2,0.2,0.2,2,0.6931471805599453,0.5,0.5053299666269173,1,0,0.5555555555555556
0,1,0,0,1,19,0,2,23,55,11,0.2,0.2,0.2,0.2,0.2,2,0.6931471805599453,0.5,0.35578937164090463,1,0,0.5454545454545454
0,0,0,0,0,1,0,2,24,56,11,0.2,0.2,0.2,0.2,0.2,2,0.6931471805599453,0.5,0.3714542052837707,0,1,0.5535714285714286
0,1,0,0,0,3,0,2,25,57,11,0.2,0.2,0.2,0.2,0.2,2,0.6931471805599453,0.5,0.36341058239987445,0,1,0.5614035087719298
0,1,1,1,1,31,0,2,26,58,11,0.2,0.2,0.2,0.2,0.2,2,0.6931471805599453,0.5,0.4991923257020338,0,1,0.5689655172413793
1,0,1,1,1,30,1,2,27,59,11,0.2,0.2,0.2,0.2,0.2,2,0.6931471805599453,0.5,0.626248321336431,0,0,0.559322033898305
1,1,1,0,0,8,1,2,28,60,11,0.2,0.2,0.2,0.2,0.2,2,0.6931471805599453,0.5,0.613072455490121,0,0,0.55
1,1,1,0,1,24,1,2,29,61,11,0.2,0.2,0.2,0.2,0.2,2,0.6931471805599453,0.5,0.6105705357955867,0,0,0.5409836065573771
1,1,0,1,1,28,0,2,30,62,11,0.2,0.2,0.2,0.2,0.2,2,0.6931471805599453,0.5,0.4956744062786902,1,0,0.532258064516129
1,0,1,0,1,22,1,2,31,63,11,0.2,0.2,0.2,0.2,0.2,2,0.6931471805599453,0.5,0.6141098882768886,1,1,0.5396825396825397
0,0,1,1,0,13,0,2,32,64,11,0.2,0.2,0.2,0.2,0.2,2,0.6931471805599453,0.5,0.4945633748914434,1,0,0.53125
0,1,1,0,0,7,0,3,1,65,11,0.2,0.2,0.2,0.2,0.2,2,0.6931471805599453,0.5,0.4868434814158423,0,1,0.5384615384615384
1,1,1,0,0,8,1,3,2,66,11,0.2,0.2,0.2,0.2,0.2,2,0.6931471805599453,0.5,0.6219044859016508,0,0,0.5303030303030303
0,0,1,1,0,13,0,3,3,67,11,0.2,0.2,0.2,0.2,0.2,2,0.6931471805599453,0.5,0.48299425043931515,0,1,0.5373134328358209
1,1,1,0,1,24,1,3,4,68,11,0.2,0.2,0.2,0.2,0.2,2,0.6931471805599453,0.5,0.62896300672827965,0,0,0.5294117647058824
1,0,1,1,1,30,1,3,5,69,11,0.2,0.2,0.2,0.2,0.2,2,0.6931471805599453,0.5,0.6174191354481442,0,0,0.5217391304347826
0,0,0,1,1,25,0,3,6,70,11,0.2,0.2,0.2,0.2,0.2,2,0.6931471805599453,0.5,0.3681558196232129,0,1,0.5285714285714286
1,0,0,0,1,18,0,3,7,71,11,0.2,0.2,0.2,0.2,0.2,2,0.6931471805599453,0.5,0.4923841702670436,1,0,0.5211267605633803
0,0,0,0,0,1,0,3,8,72,11,0.2,0.2,0.2,0.2,0.2,2,0.6931471805599453,0.5,0.36188206458921596,1,0,0.5138888888888888
0,1,0,1,1,27,0,3,9,73,11,0.2,0.2,0.2,0.2,0.2,2,0.6931471805599453,0.5,0.37020115666206704,0,1,0.5205479452054794
0,0,1,0,0,5,0,3,10,74,11,0.2,0.2,0.2,0.2,0.2,2,0.6931471805599453,0.5,0.47892684291783494,1,0,0.5135135135135135
0,0,0,0,1,17,0,3,11,75,11,0.2,0.2,0.2,0.2,0.2,2,0.6931471805599453,0.5,0.36328703917488775,0,1,0.52
0,1,0,0,0,3,0,3,12,76,11,0.2,0.2,0.2,0.2,0.2,2,0.6931471805599453,0.5,0.37050276448423414,1,0,0.5131578947368421
0,0,1,1,1,29,0,3,13,77,11,0.2,0.2,0.2,0.2,0.2,2,0.6931471805599453,0.5,0.4859549591971817,0,1,0.5194805194805194
1,1,0,0,1,20,0,3,14,78,11,0.2,0.2,0.2,0.2,0.2,2,0.6931471805599453,0.5,0.5020600445284029,0,1,0.5256410256410257
1,0,0,1,1,26,0,3,15,79,11,0.2,0.2,0.2,0.2,0.2,2,0.6931471805599453,0.5,0.489474194143759,1,0,0.5189873417721519
1,1,0,1,0,12,0,3,16,80,11,0.2,0.2,0.2,0.2,0.2,2,0.6931471805599453,0.5,0.49342486697140975,0,1,0.525
1,1,0,0,0,4,0,3,17,81,11,0.2,0.2,0.2,0.2,0.2,2,0.6931471805599453,0.5,0.4943273536501475,1,0,0.5185185185185185
0,1,1,1,0,15,0,3,18,82,11,0.2,0.2,0.2,0.2,0.2,2,0.6931471805599453,0.5,0.4880252730248921,0,1,0.524390243902439
0,1,1,0,1,23,0,3,19,83,11,0.2,0.2,0.2,0.2,0.2,2,0.6931471805599453,0.5,0.4994670446075808,0,1,0.5301204819277109
1,1,1,1,0,16,1,3,20,84,11,0.2,0.2,0.2,0.2,0.2,2,0.6931471805599453,0.5,0.62273707858745,0,0,0.5238095238095238
1,1,1,1,1,32,1,3,21,85,11,0.2,0.2,0.2,0.2,0.2,2,0.6931471805599453,0.5,0.6306817066327752,1,1,0.5294117647058824
0,1,1,1,1,31,0,3,22,86,11,0.2,0.2,0.2,0.2,0.2,2,0.6931471805599453,0.5,0.4991523741997335,0,1,0.5348837209302325
1,0,1,1,0,14,1,3,23,87,11,0.2,0.2,0.2,0.2,0.2,2,0.6931471805599453,0.5,0.6208831550746045,1,1,0.5402298850574713
1,0,1,0,1,22,1,3,24,88,11,0.2,0.2,0.2,0.2,0.2,2,0.6931471805599453,0.5,0.6160899422966878,1,1,0.5454545454545454
0,1,0,1,0,11,0,3,25,89,11,0.2,0.2,0.2,0.2,0.2,2,0.6931471805599453,0.5,0.3704364306714514,1,0,0.5393258426966292
1,0,0,0,0,2,0,3,26,90,11,0.2,0.2,0.2,0.2,0.2,2,0.6931471805599453,0.5,0.48408095219469005,0,1,0.5444444444444444
0,1,0,0,1,19,0,3,27,91,11,0.2,0.2,0.2,0.2,0.2,2,0.6931471805599453,0.5,0.36873099926167724,0,1,0.5494505494505495
1,1,0,1,1,28,0,3,28,92,11,0.2,0.2,0.2,0.2,0.2,2,0.6931471805599453,0.5,0.4947850942757528,1,0,0.5434782608695652
1,0,1,0,0,6,1,3,29,93,11,0.2,0.2,0.2,0.2,0.2,2,0.6931471805599453,0.5,0.62042037668993,0,0,0.5376344086021505
0,0,0,1,0,9,0,3,30,94,11,0.2,0.2,0.2,0.2,0.2,2,0.6931471805599453,0.5,0.36999642477758116,0,1,0.5425531914893617
0,0,1,0,1,21,0,3,31,95,11,0.2,0.2,0.2,0.2,0.2,2,0.6931471805599453,0.5,0.4901500047024689,0,1,0.5473684210526316
1,0,0,1,0,10,0,3,32,96,11,0.2,0.2,0.2,0.2,0.2,2,0.6931471805599453,0.5,0.4919265873564676,1,0,0.5416666666666666
1,1,1,1,0,16,1,1,1,1,12,0.2,0.2,0.2,0.2,0.2,2,0.6931471805599453,0.5,0.5,0,0,0
0,1,0,1,1,27,0,1,2,2,12,0.2,0.2,0.2,0.2,0.2,2,0.6931471805599453,0.5,0.5,0,1,0.5
1,0,1,0,1,22,1,1,3,3,12,0.2,0.2,0.2,0.2,0.2,2,0.6931471805599453,0.5,0.5986876601124519,0,0,0.3333333333333333
0,0,1,0,1,21,0,1,4,4,12,0.2,0.2,0.2,0.2,0.2,2,0.6931471805599453,0.5,0.5914916680834116,1,0,0.25
0,0,0,0,1,17,0,1,5,5,12,0.2,0.2,0.2,0.2,0.2,2,0.6931471805599453,0.5,0.3430497561282613,0,1,0.4
1,1,0,0,1,20,0,1,6,6,12,0.2,0.2,0.2,0.2,0.2,2,0.6931471805599453,0.5,0.4840758942272887,0,1,0.5
0,1,1,0,0,7,0,1,7,7,12,0.2,0.2,0.2,0.2,0.2,2,0.6931471805599453,0.5,0.5259525113370612,1,0,0.42857142857142855
1,1,0,1,0,12,0,1,8,8,12,0.2,0.2,0.2,0.2,0.2,2,0.6931471805599453,0.5,0.5865414623404993,1,0,0.375
1,0,1,1,0,14,1,1,9,9,12,0.2,0.2,0.2,0.2,0.2,2,0.6931471805599453,0.5,0.6695992844504434,0,0,0.3333333333333333
1,0,0,0,1,18,0,1,10,10,12,0.2,0.2,0.2,0.2,0.2,2,0.6931471805599453,0.5,0.4749616815585883,1,0,0.3
0,0,1,1,1,29,0,1,11,11,12,0.2,0.2,0.2,0.2,0.2,2,0.6931471805599453,0.5,0.5208840288915145,1,0,0.2727272727272727
1,1,1,0,0,8,1,1,12,12,12,0.2,0.2,0.2,0.2,0.2,2,0.6931471805599453,0.5,0.6010548682052761,1,1,0.3333333333333333
0,0,0,1,1,25,0,1,13,13,12,0.2,0.2,0.2,0.2,0.2,2,0.6931471805599453,0.5,0.33599003210477535,0,1,0.38461538461538464
1,1,1,1,1,32,1,1,14,14,12,0.2,0.2,0.2,0.2,0.2,2,0.6931471805599453,0.5,0.586324747650024,0,0,0.35714285714285715
1,1,1,0,1,24,1,1,15,15,12,0.2,0.2,0.2,0.2,0.2,2,0.6931471805599453,0.5,0.5920530043416807,1,1,0.4
0,0,0,0,0,1,0,1,16,16,12,0.2,0.2,0.2,0.2,0.2,2,0.6931471805599453,0.5,0.3707828580793162,0,1,0.4375
0,1,1,0,1,23,0,1,17,17,12,0.2,0.2,0.2,0.2,0.2,2,0.6931471805599453,0.5,0.4975664929519452,1,0,0.4117647058823529
0,1,0,1,0,11,0,1,18,18,12,0.2,0.2,0.2,0.2,0.2,2,0.6931471805599453,0.5,0.41896740376701447,1,0,0.3888888888888889
1,1,0,0,0,4,0,1,19,19,12,0.2,0.2,0.2,0.2,0.2,2,0.6931471805599453,0.5,0.5191298773279958,0,1,0.42105263157894735
1,0,0,1,0,10,0,1,20,20,12,0.2,0.2,0.2,0.2,0.2,2,0.6931471805599453,0.5,0.5084497631517524,1,0,0.4
0,1,0,0,1,19,0,1,21,21,12,0.2,0.2,0.2,0.2,0.2,2,0.6931471805599453,0.5,0.3729400520724877,0,1,0.42857142857142855
1,0,0,1,1,26,0,1,22,22,12,0.2,0.2,0.2,0.2,0.2,2,0.6931471805599453,0.5,0.46863959308310515,0,1,0.45454545454545453
0,0,0,1,0,9,0,1,23,23,12,0.2,0.2,0.2,0.2,0.2,2,0.6931471805599453,0.5,0.36776754794928207,0,1,0.4782608695652174
1,1,0,1,1,28,0,1,24,24,12,0.2,0.2,0.2,0.2,0.2,2,0.6931471805599453,0.5,0.4935838789084032,0,1,0.5
0,0,1,0,0,5,0,1,25,25,12,0.2,0.2,0.2,0.2,0.2,2,0.6931471805599453,0.5,0.49609889631219994,1,0,0.48
0,1,1,1,0,15,0,1,26,26,12,0.2,0.2,0.2,0.2,0.2,2,0.6931471805599453,0.5,0.5369333026872923,1,0,0.46153846153846156
0,1,0,0,0,3,0,1,27,27,12,0.2,0.2,0.2,0.2,0.2,2,0.6931471805599453,0.5,0.38417429223703425,0,1,0.48148148148148145
0,1,1,1,1,31,0,1,28,28,12,0.2,0.2,0.2,0.2,0.2,2,0.6931471805599453,0.5,0.5106437472559582,0,1,0.5
1,0,0,0,0,2,0,1,29,29,12,0.2,0.2,0.2,0.2,0.2,2,0.6931471805599453,0.5,0.47920232212619834,0,1,0.5172413793103449
1,0,1,1,1,30,1,1,30,30,12,0.2,0.2,0.2,0.2,0.2,2,0.6931471805599453,0.5,0.6093037113556939,0,0,0.5
0,0,1,1,0,13,0,1,31,31,12,0.2,0.2,0.2,0.2,0.2,2,0.6931471805599453,0.5,0.4974424028132579,0,1,0.5161290322580645
1,0,1,0,0,6,1,1,32,32,12,0.2,0.2,0.2,0.2,0.2,2,0.6931471805599453,0.5,0.6007044856350668,1,1,0.53125
1,0,0,0,1,18,0,2,1,33,12,0.2,0.2,0.2,0.2,0.2,2,0.6931471805599453,0.5,0.4868434814158423,0,1,0.5454545454545454
1,0,1,1,1,30,1,2,2,34,12,0.2,0.2,0.2,0.2,0.2,2,0.6931471805599453,0.5,0.6235796528889225,1,1,0.5588235294117647
0,1,1,0,0,7,0,2,3,35,12,0.2,0.2,0.2,0.2,0.2,2,0.6931471805599453,0.5,0.47821298352652586,0,1,0.5714285714285714
0,0,1,0,1,21,0,2,4,36,12,0.2,0.2,0.2,0.2,0.2,2,0.6931471805599453,0.5,0.4892366354755933,1,0,0.5555555555555556
1,0,1,1,0,14,1,2,5,37,12,0.2,0.2,0.2,0.2,0.2,2,0.6931471805599453,0.5,0.6336615469372451,1,1,0.5675675675675675
1,1,1,1,0,16,1,2,6,38,12,0.2,0.2,0.2,0.2,0.2,2,0.6931471805599453,0.5,0.6292497265734978,1,1,0.5789473684210527
1,0,0,0,0,2,0,2,7,39,12,0.2,0.2,0.2,0.2,0.2,2,0.6931471805599453,0.5,0.4789339081398637,0,1,0.5897435897435898
0,1,1,0,1,23,0,2,8,40,12,0.2,0.2,0.2,0.2,0.2,2,0.6931471805599453,0.5,0.46033971283611885,0,1,0.6
0,0,0,1,0,9,0,2,9,41,12,0.2,0.2,0.2,0.2,0.2,2,0.6931471805599453,0.5,0.3995588564175677,1,0,0.5853658536585366
1,1,1,0,1,24,1,2,10,42,12,0.2,0.2,0.2,0.2,0.2,2,0.6931471805599453,0.5,0.5968225215505885,1,1,0.5952380952380952
0,0,0,0,1,17,0,2,11,43,12,0.2,0.2,0.2,0.2,0.2,2,0.6931471805599453,0.5,0.3530441394851636,1,0,0.5813953488372093
1,1,0,0,1,20,0,2,12,44,12,0.2,0.2,0.2,0.2,0.2,2,0.6931471805599453,0.5,0.4832935115780996,0,1,0.5909090909090909
0,1,0,0,1,19,0,2,13,45,12,0.2,0.2,0.2,0.2,0.2,2,0.6931471805599453,0.5,0.35600502759376224,0,1,0.6
1,0,1,0,0,6,1,2,14,46,12,0.2,0.2,0.2,0.2,0.2,2,0.6931471805599453,0.5,0.6095047636751849,1,1,0.6086956521739131
1,1,0,0,0,4,0,2,15,47,12,0.2,0.2,0.2,0.2,0.2,2,0.6931471805599453,0.5,0.48016252737291854,1,0,0.5957446808510638
0,0,1,1,1,29,0,2,16,48,12,0.2,0.2,0.2,0.2,0.2,2,0.6931471805599453,0.5,0.5022863416498928,1,0,0.5833333333333334
1,1,0,1,1,28,0,2,17,49,12,0.2,0.2,0.2,0.2,0.2,2,0.6931471805599453,0.5,0.49242511011983675,1,0,0.5714285714285714
0,1,0,1,0,11,0,2,18,50,12,0.2,0.2,0.2,0.2,0.2,2,0.6931471805599453,0.5,0.3846417284374328,0,1,0.58
1,1,1,0,0,8,1,2,19,51,12,0.2,0.2,0.2,0.2,0.2,2,0.6931471805599453,0.5,0.616464565301111,1,1,0.5882352941176471
1,1,1,1,1,32,1,2,20,52,12,0.2,0.2,0.2,0.2,0.2,2,0.6931471805599453,0.5,0.6195720123770138,0,0,0.5769230769230769
1,0,0,1,0,10,0,2,21,53,12,0.2,0.2,0.2,0.2,0.2,2,0.6931471805599453,0.5,0.5001245413757986,1,0,0.5660377358490566
0,1,0,1,1,27,0,2,22,54,12,0.2,0.2,0.2,0.2,0.2,2,0.6931471805599453,0.5,0.3743950721185511,0,1,0.5740740740740741
0,0,1,1,0,13,0,2,23,55,12,0.2,0.2,0.2,0.2,0.2,2,0.6931471805599453,0.5,0.5048501800667088,1,0,0.5636363636363636
0,0,0,0,0,1,0,2,24,56,12,0.2,0.2,0.2,0.2,0.2,2,0.6931471805599453,0.5,0.3664371968563111,1,0,0.5535714285714286
1,1,0,1,0,12,0,2,25,57,12,0.2,0.2,0.2,0.2,0.2,2,0.6931471805599453,0.5,0.49881356903477336,1,0,0.543859649122807
0,0,0,1,1,25,0,2,26,58,12,0.2,0.2,0.2,0.2,0.2,2,0.6931471805599453,0.5,0.3667308708247703,0,1,0.5517241379310345
1,0,1,0,1,22,1,2,27,59,12,0.2,0.2,0.2,0.2,0.2,2,0.6931471805599453,0.5,0.6126626405875373,0,0,0.5423728813559322
0,1,0,0,0,3,0,2,28,60,12,0.2,0.2,0.2,0.2,0.2,2,0.6931471805599453,0.5,0.36698490597208816,1,0,0.5333333333333333
1,0,0,1,1,26,0,2,29,61,12,0.2,0.2,0.2,0.2,0.2,2,0.6931471805599453,0.5,0.48765429781281067,0,1,0.5409836065573771
0,1,1,1,1,31,0,2,30,62,12,0.2,0.2,0.2,0.2,0.2,2,0.6931471805599453,0.5,0.49698892030278335,1,0,0.532258064516129
0,1,1,1,0,15,0,2,31,63,12,0.2,0.2,0.2,0.2,0.2,2,0.6931471805599453,0.5,0.49524888404144635,0,1,0.5396825396825397
0,0,1,0,0,5,0,2,32,64,12,0.2,0.2,0.2,0.2,0.2,2,0.6931471805599453,0.5,0.4945633748914434,1,0,0.53125
0,0,1,1,0,13,0,3,1,65,12,0.2,0.2,0.2,0.2,0.2,2,0.6931471805599453,0.5,0.4868434814158423,1,0,0.5230769230769231
1,1,1,0,1,24,1,3,2,66,12,0.2,0.2,0.2,0.2,0.2,2,0.6931471805599453,0.5,0.6283171147891179,1,1,0.5303030303030303
0,0,1,0,0,5,0,3,3,67,12,0.2,0.2,0.2,0.2,0.2,2,0.6931471805599453,0.5,0.4802784170574195,1,0,0.5223880597014925
1,0,0,1,0,10,0,3,4,68,12,0.2,0.2,0.2,0.2,0.2,2,0.6931471805599453,0.5,0.4805292670767945,0,1,0.5294117647058824
1,1,0,1,1,28,0,3,5,69,12,0.2,0.2,0.2,0.2,0.2,2,0.6931471805599453,0.5,0.4944431255991184,0,1,0.5362318840579711
1,1,1,0,0,8,1,3,6,70,12,0.2,0.2,0.2,0.2,0.2,2,0.6931471805599453,0.5,0.6288553687334101,1,1,0.5428571428571428
0,1,0,1,1,27,0,3,7,71,12,0.2,0.2,0.2,0.2,0.2,2,0.6931471805599453,0.5,0.3678351158571157,0,1,0.5492957746478874
1,0,0,1,1,26,0,3,8,72,12,0.2,0.2,0.2,0.2,0.2,2,0.6931471805599453,0.5,0.47409902061879156,0,1,0.5555555555555556
1,0,1,1,1,30,1,3,9,73,12,0.2,0.2,0.2,0.2,0.2,2,0.6931471805599453,0.5,0.610153039710818,0,0,0.547945205479452
1,1,0,0,0,4,0,3,10,74,12,0.2,0.2,0.2,0.2,0.2,2,0.6931471805599453,0.5,0.49713862544112736,0,1,0.5540540540540541
1,1,1,1,1,32,1,3,11,75,12,0.2,0.2,0.2,0.2,0.2,2,0.6931471805599453,0.5,0.6242633541280792,1,1,0.56
1,1,0,0,1,20,0,3,12,76,12,0.2,0.2,0.2,0.2,0.2,2,0.6931471805599453,0.5,0.496556122009253,1,0,0.5526315789473685
1,0,0,0,0,2,0,3,13,77,12,0.2,0.2,0.2,0.2,0.2,2,0.6931471805599453,0.5,0.47463029445017413,1,0,0.5454545454545454
1,0,0,0,1,18,0,3,14,78,12,0.2,0.2,0.2,0.2,0.2,2,0.6931471805599453,0.5,0.4800511298788919,0,1,0.5512820512820513
0,1,0,0,1,19,0,3,15,79,12,0.2,0.2,0.2,0.2,0.2,2,0.6931471805599453,0.5,0.3794097389944728,1,0,0.5443037974683544
0,0,0,1,0,9,0,3,16,80,12,0.2,0.2,0.2,0.2,0.2,2,0.6931471805599453,0.5,0.3600877014181401,1,0,0.5375
0,1,0,1,0,11,0,3,17,81,12,0.2,0.2,0.2,0.2,0.2,2,0.6931471805599453,0.5,0.3675771159112007,0,1,0.5432098765432098
1,0,1,1,0,14,1,3,18,82,12,0.2,0.2,0.2,0.2,0.2,2,0.6931471805599453,0.5,0.6128093703779379,1,1,0.5487804878048781
0,0,0,0,0,1,0,3,19,83,12,0.2,0.2,0.2,0.2,0.2,2,0.6931471805599453,0.5,0.35910845094675053,0,1,0.5542168674698795
0,1,0,0,0,3,0,3,20,84,12,0.2,0.2,0.2,0.2,0.2,2,0.6931471805599453,0.5,0.3648712779918561,1,0,0.5476190476190477
0,0,1,1,1,29,0,3,21,85,12,0.2,0.2,0.2,0.2,0.2,2,0.6931471805599453,0.5,0.5018838459347253,0,1,0.5529411764705883
0,1,1,0,1,23,0,3,22,86,12,0.2,0.2,0.2,0.2,0.2,2,0.6931471805599453,0.5,0.5013268504758687,1,0,0.5465116279069767
0,0,1,0,1,21,0,3,23,87,12,0.2,0.2,0.2,0.2,0.2,2,0.6931471805599453,0.5,0.48764388189729063,1,0,0.5402298850574713
1,0,1,0,1,22,1,3,24,88,12,0.2,0.2,0.2,0.2,0.2,2,0.6931471805599453,0.5,0.6186235045172757,1,1,0.5454545454545454
1,0,1,0,0,6,1,3,25,89,12,0.2,0.2,0.2,0.2,0.2,2,0.6931471805599453,0.5,0.6176898031935549,0,0,0.5393258426966292
1,1,1,1,0,16,1,3,26,90,12,0.2,0.2,0.2,0.2,0.2,2,0.6931471805599453,0.5,0.623962532014902,0,0,0.5333333333333333
1,1,0,1,0,12,0,3,27,91,12,0.2,0.2,0.2,0.2,0.2,2,0.6931471805599453,0.5,0.48762963594863357,1,0,0.5274725274725275
0,0,0,1,1,25,0,3,28,92,12,0.2,0.2,0.2,0.2,0.2,2,0.6931471805599453,0.5,0.36813137156566367,0,1,0.532608695652174
0,1,1,0,0,7,0,3,29,93,12,0.2,0.2,0.2,0.2,0.2,2,0.6931471805599453,0.5,0.4938569034578266,0,1,0.5376344086021505
0,0,0,0,1,17,0,3,30,94,12,0.2,0.2,0.2,0.2,0.2,2,0.6931471805599453,0.5,0.3664794980977117,1,0,0.5319148936170213
0,1,1,1,0,15,0,3,31,95,12,0.2,0.2,0.2,0.2,0.2,2,0.6931471805599453,0.5,0.4943021338869721,1,0,0.5263157894736842
0,1,1,1,1,31,0,3,32,96,12,0.2,0.2,0.2,0.2,0.2,2,0.6931471805599453,0.5,0.4919265873564676,1,0,0.5208333333333334
0,0,1,0,1,21,0,1,1,1,13,0.2,0.2,0.2,0.2,0.2,2,0.6931471805599453,0.5,0.5,0,1,1
1,1,1,0,0,8,1,1,2,2,13,0.2,0.2,0.2,0.2,0.2,2,0.6931471805599453,0.5,0.5,0,0,0.5
0,1,1,0,0,7,0,1,3,3,13,0.2,0.2,0.2,0.2,0.2,2,0.6931471805599453,0.5,0.598687660112452,1,0,0.3333333333333333
0,1,1,1,1,31,0,1,4,4,13,0.2,0.2,0.2,0.2,0.2,2,0.6931471805599453,0.5,0.401312339887548,1,0,0.25
0,0,1,1,0,13,0,1,5,5,13,0.2,0.2,0.2,0.2,0.2,2,0.6931471805599453,0.5,0.401312339887548,1,0,0.2
0,0,1,0,0,5,0,1,6,6,13,0.2,0.2,0.2,0.2,0.2,2,0.6931471805599453,0.5,0.4373595052791222,1,0,0.16666666666666666
0,1,0,0,0,3,0,1,7,7,13,0.2,0.2,0.2,0.2,0.2,2,0.6931471805599453,0.5,0.5261615501585049,0,1,0.2857142857142857
1,1,0,1,0,12,0,1,8,8,13,0.2,0.2,0.2,0.2,0.2,2,0.6931471805599453,0.5,0.6146606829016391,1,0,0.25
1,1,0,0,0,4,0,1,9,9,13,0.2,0.2,0.2,0.2,0.2,2,0.6931471805599453,0.5,0.6350224893087756,1,0,0.2222222222222222
1,0,1,0,0,6,1,1,10,10,13,0.2,0.2,0.2,0.2,0.2,2,0.6931471805599453,0.5,0.6210634126407402,1,1,0.3
1,1,1,1,1,32,1,1,11,11,13,0.2,0.2,0.2,0.2,0.2,2,0.6931471805599453,0.5,0.5238969387307548,1,1,0.36363636363636365
1,0,0,0,1,18,0,1,12,12,13,0.2,0.2,0.2,0.2,0.2,2,0.6931471805599453,0.5,0.5380478499787893,1,0,0.3333333333333333
1,1,1,0,1,24,1,1,13,13,13,0.2,0.2,0.2,0.2,0.2,2,0.6931471805599453,0.5,0.6156716343471572,0,0,0.3076923076923077
0,0,0,0,0,1,0,1,14,14,13,0.2,0.2,0.2,0.2,0.2,2,0.6931471805599453,0.5,0.374352165343152,1,0,0.2857142857142857
0,0,0,1,1,25,0,1,15,15,13,0.2,0.2,0.2,0.2,0.2,2,0.6931471805599453,0.5,0.37150674895236874,0,1,0.3333333333333333
1,0,0,1,1,26,0,1,16,16,13,0.2,0.2,0.2,0.2,0.2,2,0.6931471805599453,0.5,0.47338621089685073,0,1,0.375
0,1,1,1,0,15,0,1,17,17,13,0.2,0.2,0.2,0.2,0.2,2,0.6931471805599453,0.5,0.4788487550183998,1,0,0.35294117647058826
0,1,0,0,1,19,0,1,18,18,13,0.2,0.2,0.2,0.2,0.2,2,0.6931471805599453,0.5,0.43825386655140863,1,0,0.3333333333333333
0,0,0,1,0,9,0,1,19,19,13,0.2,0.2,0.2,0.2,0.2,2,0.6931471805599453,0.5,0.3265780384467017,0,1,0.3684210526315789
1,1,0,0,1,20,0,1,20,20,13,0.2,0.2,0.2,0.2,0.2,2,0.6931471805599453,0.5,0.5557569097386438,0,1,0.4
0,1,1,0,1,23,0,1,21,21,13,0.2,0.2,0.2,0.2,0.2,2,0.6931471805599453,0.5,0.5316408054089685,0,1,0.42857142857142855
1,1,1,1,0,16,1,1,22,22,13,0.2,0.2,0.2,0.2,0.2,2,0.6931471805599453,0.5,0.6151273326602504,0,0,0.4090909090909091
0,1,0,1,1,27,0,1,23,23,13,0.2,0.2,0.2,0.2,0.2,2,0.6931471805599453,0.5,0.3972514967618388,1,0,0.391304347826087
0,1,0,1,0,11,0,1,24,24,13,0.2,0.2,0.2,0.2,0.2,2,0.6931471805599453,0.5,0.3926351185172511,0,1,0.4166666666666667
0,0,1,1,1,29,0,1,25,25,13,0.2,0.2,0.2,0.2,0.2,2,0.6931471805599453,0.5,0.43659795339912144,1,0,0.4
1,1,0,1,1,28,0,1,26,26,13,0.2,0.2,0.2,0.2,0.2,2,0.6931471805599453,0.5,0.5143389708926117,0,1,0.4230769230769231
0,0,0,0,1,17,0,1,27,27,13,0.2,0.2,0.2,0.2,0.2,2,0.6931471805599453,0.5,0.34364401718923665,0,1,0.4444444444444444
1,0,1,0,1,22,1,1,28,28,13,0.2,0.2,0.2,0.2,0.2,2,0.6931471805599453,0.5,0.5955605377526024,1,1,0.4642857142857143
1,0,0,1,0,10,0,1,29,29,13,0.2,0.2,0.2,0.2,0.2,2,0.6931471805599453,0.5,0.4723888360896197,1,0,0.4482758620689655
1,0,1,1,1,30,1,1,30,30,13,0.2,0.2,0.2,0.2,0.2,2,0.6931471805599453,0.5,0.5877035788417162,1,1,0.4666666666666667
1,0,1,1,0,14,1,1,31,31,13,0.2,0.2,0.2,0.2,0.2,2,0.6931471805599453,0.5,0.6037735817734082,1,1,0.4838709677419355
1,0,0,0,0,2,0,1,32,32,13,0.2,0.2,0.2,0.2,0.2,2,0.6931471805599453,0.5,0.502884335417595,0,1,0.5
1,0,1,1,0,14,1,2,1,33,13,0.2,0.2,0.2,0.2,0.2,2,0.6931471805599453,0.5,0.6263088476791072,0,0,0.48484848484848486
1,1,1,1,1,32,1,2,2,34,13,0.2,0.2,0.2,0.2,0.2,2,0.6931471805599453,0.5,0.6202668181391447,0,0,0.47058823529411764
0,0,1,0,1,21,0,2,3,35,13,0.2,0.2,0.2,0.2,0.2,2,0.6931471805599453,0.5,0.4751591121139142,0,1,0.4857142857142857
1,1,1,0,1,24,1,2,4,36,13,0.2,0.2,0.2,0.2,0.2,2,0.6931471805599453,0.5,0.6156166733104858,1,1,0.5
1,1,1,1,0,16,1,2,5,37,13,0.2,0.2,0.2,0.2,0.2,2,0.6931471805599453,0.5,0.6317933717137737,1,1,0.5135135135135135
0,0,1,1,0,13,0,2,6,38,13,0.2,0.2,0.2,0.2,0.2,2,0.6931471805599453,0.5,0.4891521110328107,0,1,0.5263157894736842
0,0,0,0,0,1,0,2,7,39,13,0.2,0.2,0.2,0.2,0.2,2,0.6931471805599453,0.5,0.3500101706704558,0,1,0.5384615384615384
1,1,0,1,0,12,0,2,8,40,13,0.2,0.2,0.2,0.2,0.2,2,0.6931471805599453,0.5,0.5142050802956423,1,0,0.525
1,1,0,0,0,4,0,2,9,41,13,0.2,0.2,0.2,0.2,0.2,2,0.6931471805599453,0.5,0.48625599022687116,0,1,0.5365853658536586
0,0,0,1,0,9,0,2,10,42,13,0.2,0.2,0.2,0.2,0.2,2,0.6931471805599453,0.5,0.3663361533928803,0,1,0.5476190476190477
0,0,0,0,1,17,0,2,11,43,13,0.2,0.2,0.2,0.2,0.2,2,0.6931471805599453,0.5,0.3520387278028532,1,0,0.5348837209302325
0,1,0,0,0,3,0,2,12,44,13,0.2,0.2,0.2,0.2,0.2,2,0.6931471805599453,0.5,0.360629785413429,1,0,0.5227272727272727
1,0,1,1,1,30,1,2,13,45,13,0.2,0.2,0.2,0.2,0.2,2,0.6931471805599453,0.5,0.6326557854365178,0,0,0.5111111111111111
1,0,0,1,0,10,0,2,14,46,13,0.2,0.2,0.2,0.2,0.2,2,0.6931471805599453,0.5,0.48889589888358753,0,1,0.5217391304347826
1,0,0,0,0,2,0,2,15,47,13,0.2,0.2,0.2,0.2,0.2,2,0.6931471805599453,0.5,0.45390597259607535,1,0,0.5106382978723404
1,1,0,1,1,28,0,2,16,48,13,0.2,0.2,0.2,0.2,0.2,2,0.6931471805599453,0.5,0.5178038096089638,1,0,0.5
0,0,1,1,1,29,0,2,17,49,13,0.2,0.2,0.2,0.2,0.2,2,0.6931471805599453,0.5,0.5088231032846382,0,1,0.5102040816326531
0,1,0,1,0,11,0,2,18,50,13,0.2,0.2,0.2,0.2,0.2,2,0.6931471805599453,0.5,0.37659863142486044,0,1,0.52
0,1,1,1,1,31,0,2,19,51,13,0.2,0.2,0.2,0.2,0.2,2,0.6931471805599453,0.5,0.520164220351152,1,0,0.5098039215686274
0,0,0,1,1,25,0,2,20,52,13,0.2,0.2,0.2,0.2,0.2,2,0.6931471805599453,0.5,0.3766707561676725,0,1,0.5192307692307693
1,0,1,0,0,6,1,2,21,53,13,0.2,0.2,0.2,0.2,0.2,2,0.6931471805599453,0.5,0.6067327166311663,1,1,0.5283018867924528
0,1,1,0,1,23,0,2,22,54,13,0.2,0.2,0.2,0.2,0.2,2,0.6931471805599453,0.5,0.4964329104768808,1,0,0.5185185185185185
0,1,0,0,1,19,0,2,23,55,13,0.2,0.2,0.2,0.2,0.2,2,0.6931471805599453,0.5,0.3669563087293077,0,1,0.5272727272727272
0,0,1,0,0,5,0,2,24,56,13,0.2,0.2,0.2,0.2,0.2,2,0.6931471805599453,0.5,0.4835691562978836,0,1,0.5357142857142857
1,0,0,0,1,18,0,2,25,57,13,0.2,0.2,0.2,0.2,0.2,2,0.6931471805599453,0.5,0.48545480060336665,1,0,0.5263157894736842
1,1,1,0,0,8,1,2,26,58,13,0.2,0.2,0.2,0.2,0.2,2,0.6931471805599453,0.5,0.6217017866960246,1,1,0.5344827586206896
1,0,1,0,1,22,1,2,27,59,13,0.2,0.2,0.2,0.2,0.2,2,0.6931471805599453,0.5,0.6126626405875373,0,0,0.5254237288135594
1,0,0,1,1,26,0,2,28,60,13,0.2,0.2,0.2,0.2,0.2,2,0.6931471805599453,0.5,0.4893692280661016,0,1,0.5333333333333333
0,1,1,1,0,15,0,2,29,61,13,0.2,0.2,0.2,0.2,0.2,2,0.6931471805599453,0.5,0.4963403370227753,0,1,0.5409836065573771
0,1,1,0,0,7,0,2,30,62,13,0.2,0.2,0.2,0.2,0.2,2,0.6931471805599453,0.5,0.49185376790165797,1,0,0.532258064516129
1,1,0,0,1,20,0,2,31,63,13,0.2,0.2,0.2,0.2,0.2,2,0.6931471805599453,0.5,0.49524888404144635,1,0,0.5238095238095238
0,1,0,1,1,27,0,2,32,64,13,0.2,0.2,0.2,0.2,0.2,2,0.6931471805599453,0.5,0.37146371524926186,0,1,0.53125
1,0,1,1,1,30,1,3,1,65,13,0.2,0.2,0.2,0.2,0.2,2,0.6931471805599453,0.5,0.6263088476791072,1,1,0.5384615384615384
0,1,0,1,1,27,0,3,2,66,13,0.2,0.2,0.2,0.2,0.2,2,0.6931471805599453,0.5,0.3674935147712623,1,0,0.5303030303030303
1,1,1,1,1,32,1,3,3,67,13,0.2,0.2,0.2,0.2,0.2,2,0.6931471805599453,0.5,0.6269802305686508,1,1,0.5373134328358209
0,0,1,0,0,5,0,3,4,68,13,0.2,0.2,0.2,0.2,0.2,2,0.6931471805599453,0.5,0.4793812048759303,0,1,0.5441176470588235
0,0,0,1,1,25,0,3,5,69,13,0.2,0.2,0.2,0.2,0.2,2,0.6931471805599453,0.5,0.3757807578452598,0,1,0.5507246376811594
0,0,1,1,0,13,0,3,6,70,13,0.2,0.2,0.2,0.2,0.2,2,0.6931471805599453,0.5,0.4835550529758117,0,1,0.5571428571428572
1,0,0,0,1,18,0,3,7,71,13,0.2,0.2,0.2,0.2,0.2,2,0.6931471805599453,0.5,0.49038688765192184,1,0,0.5492957746478874
0,0,1,0,1,21,0,3,8,72,13,0.2,0.2,0.2,0.2,0.2,2,0.6931471805599453,0.5,0.4827823278830528,1,0,0.5416666666666666
1,0,0,0,0,2,0,3,9,73,13,0.2,0.2,0.2,0.2,0.2,2,0.6931471805599453,0.5,0.4795317248090017,1,0,0.5342465753424658
1,0,1,0,1,22,1,3,10,74,13,0.2,0.2,0.2,0.2,0.2,2,0.6931471805599453,0.5,0.6178969734834316,1,1,0.5405405405405406
1,1,0,0,0,4,0,3,11,75,13,0.2,0.2,0.2,0.2,0.2,2,0.6931471805599453,0.5,0.48034926342233814,1,0,0.5333333333333333
0,1,0,0,0,3,0,3,12,76,13,0.2,0.2,0.2,0.2,0.2,2,0.6931471805599453,0.5,0.35750461806911943,0,1,0.5394736842105263
1,1,0,1,1,28,0,3,13,77,13,0.2,0.2,0.2,0.2,0.2,2,0.6931471805599453,0.5,0.500976627142112,0,1,0.5454545454545454
1,1,1,1,0,16,1,3,14,78,13,0.2,0.2,0.2,0.2,0.2,2,0.6931471805599453,0.5,0.6230019680158921,1,1,0.5512820512820513
0,0,0,0,1,17,0,3,15,79,13,0.2,0.2,0.2,0.2,0.2,2,0.6931471805599453,0.5,0.36577963501714306,0,1,0.5569620253164557
1,1,0,1,0,12,0,3,16,80,13,0.2,0.2,0.2,0.2,0.2,2,0.6931471805599453,0.5,0.4928919157436268,0,1,0.5625
1,1,0,0,1,20,0,3,17,81,13,0.2,0.2,0.2,0.2,0.2,2,0.6931471805599453,0.5,0.4822910858490915,0,1,0.5679012345679012
0,0,0,1,0,9,0,3,18,82,13,0.2,0.2,0.2,0.2,0.2,2,0.6931471805599453,0.5,0.36755574488487996,1,0,0.5609756097560976
1,0,1,0,0,6,1,3,19,83,13,0.2,0.2,0.2,0.2,0.2,2,0.6931471805599453,0.5,0.61337636682050245,1,1,0.5662650602409639
0,1,1,0,0,7,0,3,20,84,13,0.2,0.2,0.2,0.2,0.2,2,0.6931471805599453,0.5,0.48567912679867076,0,1,0.5714285714285714
0,1,1,0,1,23,0,3,21,85,13,0.2,0.2,0.2,0.2,0.2,2,0.6931471805599453,0.5,0.4868434814158423,0,1,0.5764705882352941
1,1,1,0,1,24,1,3,22,86,13,0.2,0.2,0.2,0.2,0.2,2,0.6931471805599453,0.5,0.6180608266765876,1,1,0.5813953488372093
1,0,1,1,0,14,1,3,23,87,13,0.2,0.2,0.2,0.2,0.2,2,0.6931471805599453,0.5,0.6239853386203192,1,1,0.5862068965517241
0,0,0,0,0,1,0,3,24,88,13,0.2,0.2,0.2,0.2,0.2,2,0.6931471805599453,0.5,0.3624746081060391,0,1,0.5909090909090909
1,0,0,1,1,26,0,3,25,89,13,0.2,0.2,0.2,0.2,0.2,2,0.6931471805599453,0.5,0.4952719184125737,1,0,0.5842696629213483
1,1,1,0,0,8,1,3,26,90,13,0.2,0.2,0.2,0.2,0.2,2,0.6931471805599453,0.5,0.6165211757648098,0,0,0.5777777777777777
0,1,1,1,0,15,0,3,27,91,13,0.2,0.2,0.2,0.2,0.2,2,0.6931471805599453,0.5,0.49548186634011876,1,0,0.5714285714285714
0,1,1,1,1,31,0,3,28,92,13,0.2,0.2,0.2,0.2,0.2,2,0.6931471805599453,0.5,0.4933897605076645,1,0,0.5652173913043478
1,0,0,1,0,10,0,3,29,93,13,0.2,0.2,0.2,0.2,0.2,2,0.6931471805599453,0.5,0.48959136982314205,1,0,0.5591397849462365
0,1,0,0,1,19,0,3,30,94,13,0.2,0.2,0.2,0.2,0.2,2,0.6931471805599453,0.5,0.3683288496290181,0,1,0.5638297872340425
0,0,1,1,1,29,0,3,31,95,13,0.2,0.2,0.2,0.2,0.2,2,0.6931471805599453,0.5,0.4910243477502203,1,0,0.5578947368421052
0,1,0,1,0,11,0,3,32,96,13,0.2,0.2,0.2,0.2,0.2,2,0.6931471805599453,0.5,0.36940684392117523,0,1,0.5625
1,0,0,1,0,10,0,1,1,1,14,0.2,0.2,0.2,0.2,0.2,2,0.6931471805599453,0.5,0.5,1,0,0
1,1,0,1,1,28,0,1,2,2,14,0.2,0.2,0.2,0.2,0.2,2,0.6931471805599453,0.5,0.5,1,0,0
0,0,1,1,0,13,0,1,3,3,14,0.2,0.2,0.2,0.2,0.2,2,0.6931471805599453,0.5,0.5,0,1,0.3333333333333333
1,0,0,1,1,26,0,1,4,4,14,0.2,0.2,0.2,0.2,0.2,2,0.6931471805599453,0.5,0.5,0,1,0.5
1,0,1,0,1,22,1,1,5,5,14,0.2,0.2,0.2,0.2,0.2,2,0.6931471805599453,0.5,0.5,1,1,0.6
0,0,0,0,0,1,0,1,6,6,14,0.2,0.2,0.2,0.2,0.2,2,0.6931471805599453,0.5,0.46221563724296166,0,1,0.6666666666666666
0,1,1,1,0,15,0,1,7,7,14,0.2,0.2,0.2,0.2,0.2,2,0.6931471805599453,0.5,0.3624346354080912,0,1,0.7142857142857143
0,0,0,0,1,17,0,1,8,8,14,0.2,0.2,0.2,0.2,0.2,2,0.6931471805599453,0.5,0.5478394499583938,1,0,0.625
1,0,1,1,0,14,1,1,9,9,14,0.2,0.2,0.2,0.2,0.2,2,0.6931471805599453,0.5,0.508217940308372,0,0,0.5555555555555556
1,0,1,1,1,30,1,1,10,10,14,0.2,0.2,0.2,0.2,0.2,2,0.6931471805599453,0.5,0.6243972181728896,0,0,0.5
1,1,1,0,0,8,1,1,11,11,14,0.2,0.2,0.2,0.2,0.2,2,0.6931471805599453,0.5,0.5763507899380971,1,1,0.5454545454545454
1,1,0,1,0,12,0,1,12,12,14,0.2,0.2,0.2,0.2,0.2,2,0.6931471805599453,0.5,0.4462833225530703,0,1,0.5833333333333334
0,0,1,0,0,5,0,1,13,13,14,0.2,0.2,0.2,0.2,0.2,2,0.6931471805599453,0.5,0.5171481850387489,0,1,0.6153846153846154
0,0,1,0,1,21,0,1,14,14,14,0.2,0.2,0.2,0.2,0.2,2,0.6931471805599453,0.5,0.534027726372225,0,1,0.6428571428571429
0,1,0,0,1,19,0,1,15,15,14,0.2,0.2,0.2,0.2,0.2,2,0.6931471805599453,0.5,0.3930855265522976,1,0,0.6
1,0,1,0,0,6,1,1,16,16,14,0.2,0.2,0.2,0.2,0.2,2,0.6931471805599453,0.5,0.6240356503521135,1,1,0.625
0,0,1,1,1,29,0,1,17,17,14,0.2,0.2,0.2,0.2,0.2,2,0.6931471805599453,0.5,0.5007646687364737,1,0,0.5882352941176471
1,1,0,0,1,20,0,1,18,18,14,0.2,0.2,0.2,0.2,0.2,2,0.6931471805599453,0.5,0.48538225200663293,0,1,0.6111111111111112
0,1,1,0,1,23,0,1,19,19,14,0.2,0.2,0.2,0.2,0.2,2,0.6931471805599453,0.5,0.46815569536064755,0,1,0.631578947368421
0,1,1,1,1,31,0,1,20,20,14,0.2,0.2,0.2,0.2,0.2,2,0.6931471805599453,0.5,0.43225552409980017,1,0,0.6
1,1,1,0,1,24,1,1,21,21,14,0.2,0.2,0.2,0.2,0.2,2,0.6931471805599453,0.5,0.578599329359841,1,1,0.6190476190476191
0,1,0,1,0,11,0,1,22,22,14,0.2,0.2,0.2,0.2,0.2,2,0.6931471805599453,0.5,0.35713085675838874,1,0,0.5909090909090909
0,0,0,1,0,9,0,1,23,23,14,0.2,0.2,0.2,0.2,0.2,2,0.6931471805599453,0.5,0.3778255560957587,0,1,0.6086956521739131
1,1,0,0,0,4,0,1,24,24,14,0.2,0.2,0.2,0.2,0.2,2,0.6931471805599453,0.5,0.5228920190270425,0,1,0.625
0,1,0,0,0,3,0,1,25,25,14,0.2,0.2,0.2,0.2,0.2,2,0.6931471805599453,0.5,0.38153180285841193,1,0,0.6
1,0,0,0,1,18,0,1,26,26,14,0.2,0.2,0.2,0.2,0.2,2,0.6931471805599453,0.5,0.5335523050921173,1,0,0.5769230769230769
1,1,1,1,1,32,1,1,27,27,14,0.2,0.2,0.2,0.2,0.2,2,0.6931471805599453,0.5,0.5843843609582936,0,0,0.5555555555555556
1,1,1,1,0,16,1,1,28,28,14,0.2,0.2,0.2,0.2,0.2,2,0.6931471805599453,0.5,0.5960264170031225,1,1,0.5714285714285714
1,0,0,0,0,2,0,1,29,29,14,0.2,0.2,0.2,0.2,0.2,2,0.6931471805599453,0.5,0.49168567440693733,1,0,0.5517241379310345
0,1,0,1,1,27,0,1,30,30,14,0.2,0.2,0.2,0.2,0.2,2,0.6931471805599453,0.5,0.38084016144512495,0,1,0.5666666666666667
0,0,0,1,1,25,0,1,31,31,14,0.2,0.2,0.2,0.2,0.2,2,0.6931471805599453,0.5,0.37236628846158215,0,1,0.5806451612903226
0,1,1,0,0,7,0,1,32,32,14,0.2,0.2,0.2,0.2,0.2,2,0.6931471805599453,0.5,0.502884335417595,1,0,0.5625
0,0,0,1,1,25,0,2,1,33,14,0.2,0.2,0.2,0.2,0.2,2,0.6931471805599453,0.5,0.3654440793401469,1,0,0.5454545454545454
0,1,1,1,1,31,0,2,2,34,14,0.2,0.2,0.2,0.2,0.2,2,0.6931471805599453,0.5,0.4859286048413313,0,1,0.5588235294117647
1,0,1,1,0,14,1,2,3,35,14,0.2,0.2,0.2,0.2,0.2,2,0.6931471805599453,0.5,0.6287199618628769,0,0,0.5428571428571428
0,0,1,1,1,29,0,2,4,36,14,0.2,0.2,0.2,0.2,0.2,2,0.6931471805599453,0.5,0.47919831271583235,0,1,0.5555555555555556
1,1,0,0,0,4,0,2,5,37,14,0.2,0.2,0.2,0.2,0.2,2,0.6931471805599453,0.5,0.49656747441919535,0,1,0.5675675675675675
1,0,0,1,1,26,0,2,6,38,14,0.2,0.2,0.2,0.2,0.2,2,0.6931471805599453,0.5,0.48935689081907385,0,1,0.5789473684210527
0,0,0,1,0,9,0,2,7,39,14,0.2,0.2,0.2,0.2,0.2,2,0.6931471805599453,0.5,0.38520957637738684,0,1,0.5897435897435898
1,1,1,1,1,32,1,2,8,40,14,0.2,0.2,0.2,0.2,0.2,2,0.6931471805599453,0.5,0.6138311588073792,1,1,0.6
0,1,1,1,0,15,0,2,9,41,14,0.2,0.2,0.2,0.2,0.2,2,0.6931471805599453,0.5,0.4962210880941703,0,1,0.6097560975609756
1,0,0,0,0,2,0,2,10,42,14,0.2,0.2,0.2,0.2,0.2,2,0.6931471805599453,0.5,0.487815012421385,1,0,0.5952380952380952
0,1,0,0,0,3,0,2,11,43,14,0.2,0.2,0.2,0.2,0.2,2,0.6931471805599453,0.5,0.3645499472962017,1,0,0.5813953488372093
1,1,1,0,1,24,1,2,12,44,14,0.2,0.2,0.2,0.2,0.2,2,0.6931471805599453,0.5,0.6264179600109256,0,0,0.5681818181818182
0,1,0,1,1,27,0,2,13,45,14,0.2,0.2,0.2,0.2,0.2,2,0.6931471805599453,0.5,0.37863068207208617,0,1,0.5777777777777777
1,1,1,0,0,8,1,2,14,46,14,0.2,0.2,0.2,0.2,0.2,2,0.6931471805599453,0.5,0.6239519104660545,0,0,0.5652173913043478
0,1,0,1,0,11,0,2,15,47,14,0.2,0.2,0.2,0.2,0.2,2,0.6931471805599453,0.5,0.36397518274800655,0,1,0.574468085106383
1,0,1,1,1,30,1,2,16,48,14,0.2,0.2,0.2,0.2,0.2,2,0.6931471805599453,0.5,0.6150454333324622,0,0,0.5625
0,0,1,1,0,13,0,2,17,49,14,0.2,0.2,0.2,0.2,0.2,2,0.6931471805599453,0.5,0.48134364006195374,1,0,0.5510204081632653
1,1,0,1,1,28,0,2,18,50,14,0.2,0.2,0.2,0.2,0.2,2,0.6931471805599453,0.5,0.49897594664276634,1,0,0.54
1,0,0,1,0,10,0,2,19,51,14,0.2,0.2,0.2,0.2,0.2,2,0.6931471805599453,0.5,0.4803476396106355,0,1,0.5490196078431373
1,0,1,0,0,6,1,2,20,52,14,0.2,0.2,0.2,0.2,0.2,2,0.6931471805599453,0.5,0.6216789332319382,1,1,0.5576923076923077
0,1,1,0,0,7,0,2,21,53,14,0.2,0.2,0.2,0.2,0.2,2,0.6931471805599453,0.5,0.4993129716917187,0,1,0.5660377358490566
1,1,0,1,0,12,0,2,22,54,14,0.2,0.2,0.2,0.2,0.2,2,0.6931471805599453,0.5,0.47332806968548174,1,0,0.5555555555555556
1,0,0,0,1,18,0,2,23,55,14,0.2,0.2,0.2,0.2,0.2,2,0.6931471805599453,0.5,0.4982715234438822,1,0,0.5454545454545454
0,1,1,0,1,23,0,2,24,56,14,0.2,0.2,0.2,0.2,0.2,2,0.6931471805599453,0.5,0.5052189001973076,1,0,0.5357142857142857
1,1,1,1,0,16,1,2,25,57,14,0.2,0.2,0.2,0.2,0.2,2,0.6931471805599453,0.5,0.6106390063782856,0,0,0.5263157894736842
0,0,1,0,0,5,0,2,26,58,14,0.2,0.2,0.2,0.2,0.2,2,0.6931471805599453,0.5,0.49651984082644585,0,1,0.5344827586206896
0,0,1,0,1,21,0,2,27,59,14,0.2,0.2,0.2,0.2,0.2,2,0.6931471805599453,0.5,0.48635028674632247,0,1,0.5423728813559322
1,0,1,0,1,22,1,2,28,60,14,0.2,0.2,0.2,0.2,0.2,2,0.6931471805599453,0.5,0.6165019716969916,1,1,0.55
0,1,0,0,1,19,0,2,29,61,14,0.2,0.2,0.2,0.2,0.2,2,0.6931471805599453,0.5,0.3770745073699949,0,1,0.5573770491803278
0,0,0,0,1,17,0,2,30,62,14,0.2,0.2,0.2,0.2,0.2,2,0.6931471805599453,0.5,0.3742240810694967,0,1,0.5645161290322581
0,0,0,0,0,1,0,2,31,63,14,0.2,0.2,0.2,0.2,0.2,2,0.6931471805599453,0.5,0.3698469841555615,1,0,0.5555555555555556
1,1,0,0,1,20,0,2,32,64,14,0.2,0.2,0.2,0.2,0.2,2,0.6931471805599453,0.5,0.4945633748914434,0,1,0.5625
0,1,0,1,0,11,0,3,1,65,14,0.2,0.2,0.2,0.2,0.2,2,0.6931471805599453,0.5,0.3654440793401469,1,0,0.5538461538461539
1,1,1,0,0,8,1,3,2,66,14,0.2,0.2,0.2,0.2,0.2,2,0.6931471805599453,0.5,0.6269467268779648,1,1,0.5606060606060606
0,0,0,1,0,9,0,3,3,67,14,0.2,0.2,0.2,0.2,0.2,2,0.6931471805599453,0.5,0.36008436691129603,1,0,0.5522388059701493
0,1,0,0,1,19,0,3,4,68,14,0.2,0.2,0.2,0.2,0.2,2,0.6931471805599453,0.5,0.3691214687200112,0,1,0.5588235294117647
1,1,0,1,1,28,0,3,5,69,14,0.2,0.2,0.2,0.2,0.2,2,0.6931471805599453,0.5,0.48387660212766614,0,1,0.5652173913043478
1,0,1,1,1,30,1,3,6,70,14,0.2,0.2,0.2,0.2,0.2,2,0.6931471805599453,0.5,0.6226319221944644,1,1,0.5714285714285714
1,0,0,0,0,2,0,3,7,71,14,0.2,0.2,0.2,0.2,0.2,2,0.6931471805599453,0.5,0.4892085727343032,1,0,0.5633802816901409
1,1,1,1,1,32,1,3,8,72,14,0.2,0.2,0.2,0.2,0.2,2,0.6931471805599453,0.5,0.6260738467321,1,1,0.5694444444444444
0,1,0,0,0,3,0,3,9,73,14,0.2,0.2,0.2,0.2,0.2,2,0.6931471805599453,0.5,0.36294366821345136,1,0,0.5616438356164384
0,0,1,0,0,5,0,3,10,74,14,0.2,0.2,0.2,0.2,0.2,2,0.6931471805599453,0.5,0.483709759555731,0,1,0.5675675675675675
1,0,1,0,1,22,1,3,11,75,14,0.2,0.2,0.2,0.2,0.2,2,0.6931471805599453,0.5,0.6273601247121603,1,1,0.5733333333333334
1,0,0,1,1,26,0,3,12,76,14,0.2,0.2,0.2,0.2,0.2,2,0.6931471805599453,0.5,0.49684375371761336,0,1,0.5789473684210527
1,1,1,0,1,24,1,3,13,77,14,0.2,0.2,0.2,0.2,0.2,2,0.6931471805599453,0.5,0.6330081272440805,0,0,0.5714285714285714
1,1,0,0,0,4,0,3,14,78,14,0.2,0.2,0.2,0.2,0.2,2,0.6931471805599453,0.5,0.4827503130719133,1,0,0.5641025641025641
0,0,0,1,1,25,0,3,15,79,14,0.2,0.2,0.2,0.2,0.2,2,0.6931471805599453,0.5,0.37149309364334454,0,1,0.569620253164557
0,1,1,0,1,23,0,3,16,80,14,0.2,0.2,0.2,0.2,0.2,2,0.6931471805599453,0.5,0.5056229360465949,1,0,0.5625
1,0,1,1,0,14,1,3,17,81,14,0.2,0.2,0.2,0.2,0.2,2,0.6931471805599453,0.5,0.6178805885066672,0,0,0.5555555555555556
0,1,1,0,0,7,0,3,18,82,14,0.2,0.2,0.2,0.2,0.2,2,0.6931471805599453,0.5,0.48367389703329094,0,1,0.5609756097560976
1,1,0,0,1,20,0,3,19,83,14,0.2,0.2,0.2,0.2,0.2,2,0.6931471805599453,0.5,0.4902021875378651,0,1,0.5662650602409639
0,1,1,1,1,31,0,3,20,84,14,0.2,0.2,0.2,0.2,0.2,2,0.6931471805599453,0.5,0.49653610131378834,1,0,0.5595238095238095
1,1,1,1,0,16,1,3,21,85,14,0.2,0.2,0.2,0.2,0.2,2,0.6931471805599453,0.5,0.6222153898948214,0,0,0.5529411764705883
0,1,0,1,1,27,0,3,22,86,14,0.2,0.2,0.2,0.2,0.2,2,0.6931471805599453,0.5,0.36828780177837667,0,1,0.5581395348837209
0,0,1,1,1,29,0,3,23,87,14,0.2,0.2,0.2,0.2,0.2,2,0.6931471805599453,0.5,0.4955672896313113,1,0,0.5517241379310345
1,0,0,1,0,10,0,3,24,88,14,0.2,0.2,0.2,0.2,0.2,2,0.6931471805599453,0.5,0.49027911349726405,0,1,0.5568181818181818
0,0,1,0,1,21,0,3,25,89,14,0.2,0.2,0.2,0.2,0.2,2,0.6931471805599453,0.5,0.49061817042585415,1,0,0.550561797752809
1,0,1,0,0,6,1,3,26,90,14,0.2,0.2,0.2,0.2,0.2,2,0.6931471805599453,0.5,0.6205843375080813,1,1,0.5555555555555556
0,1,1,1,0,15,0,3,27,91,14,0.2,0.2,0.2,0.2,0.2,2,0.6931471805599453,0.5,0.4895123535747575,1,0,0.5494505494505495
0,0,0,0,0,1,0,3,28,92,14,0.2,0.2,0.2,0.2,0.2,2,0.6931471805599453,0.5,0.3700534701048588,0,1,0.5543478260869565
1,1,0,1,0,12,0,3,29,93,14,0.2,0.2,0.2,0.2,0.2,2,0.6931471805599453,0.5,0.48825772672675277,1,0,0.5483870967741935
0,0,1,1,0,13,0,3,30,94,14,0.2,0.2,0.2,0.2,0.2,2,0.6931471805599453,0.5,0.48921574833792825,1,0,0.5425531914893617
1,0,0,0,1,18,0,3,31,95,14,0.2,0.2,0.2,0.2,0.2,2,0.6931471805599453,0.5,0.4943021338869721,0,1,0.5473684210526316
0,0,0,0,1,17,0,3,32,96,14,0.2,0.2,0.2,0.2,0.2,2,0.6931471805599453,0.5,0.36940684392117523,0,1,0.5520833333333334
1,0,1,1,1,30,1,1,1,1,15,0.2,0.2,0.2,0.2,0.2,2,0.6931471805599453,0.5,0.5,0,0,0
0,1,0,0,0,3,0,1,2,2,15,0.2,0.2,0.2,0.2,0.2,2,0.6931471805599453,0.5,0.5,0,1,0.5
0,1,0,0,1,19,0,1,3,3,15,0.2,0.2,0.2,0.2,0.2,2,0.6931471805599453,0.5,0.23147521650098238,1,0,0.3333333333333333
0,0,0,1,0,9,0,1,4,4,15,0.2,0.2,0.2,0.2,0.2,2,0.6931471805599453,0.5,0.44525335128288335,1,0,0.25
1,1,0,0,1,20,0,1,5,5,15,0.2,0.2,0.2,0.2,0.2,2,0.6931471805599453,0.5,0.4060811644032842,0,1,0.4
1,0,0,0,1,18,0,1,6,6,15,0.2,0.2,0.2,0.2,0.2,2,0.6931471805599453,0.5,0.5106949226575201,1,0,0.3333333333333333
0,1,1,1,0,15,0,1,7,7,15,0.2,0.2,0.2,0.2,0.2,2,0.6931471805599453,0.5,0.4948878870399478,0,1,0.42857142857142855
1,0,1,0,1,22,1,1,8,8,15,0.2,0.2,0.2,0.2,0.2,2,0.6931471805599453,0.5,0.6649502346238999,0,0,0.375
0,0,0,0,1,17,0,1,9,9,15,0.2,0.2,0.2,0.2,0.2,2,0.6931471805599453,0.5,0.43787024364021776,1,0,0.3333333333333333
1,1,0,1,1,28,0,1,10,10,15,0.2,0.2,0.2,0.2,0.2,2,0.6931471805599453,0.5,0.4863974291399089,1,0,0.3
0,0,1,0,1,21,0,1,11,11,15,0.2,0.2,0.2,0.2,0.2,2,0.6931471805599453,0.5,0.6008112975043262,0,1,0.36363636363636365
0,1,1,0,1,23,0,1,12,12,15,0.2,0.2,0.2,0.2,0.2,2,0.6931471805599453,0.5,0.4614127158577008,0,1,0.4166666666666667
0,1,1,0,0,7,0,1,13,13,15,0.2,0.2,0.2,0.2,0.2,2,0.6931471805599453,0.5,0.37363138613852837,0,1,0.46153846153846156
1,0,1,1,0,14,1,1,14,14,15,0.2,0.2,0.2,0.2,0.2,2,0.6931471805599453,0.5,0.6690335459580965,1,1,0.5
0,0,1,1,1,29,0,1,15,15,15,0.2,0.2,0.2,0.2,0.2,2,0.6931471805599453,0.5,0.5852931185919562,1,0,0.4666666666666667
0,1,0,1,1,27,0,1,16,16,15,0.2,0.2,0.2,0.2,0.2,2,0.6931471805599453,0.5,0.34349933147578254,0,1,0.5
1,0,0,0,0,2,0,1,17,17,15,0.2,0.2,0.2,0.2,0.2,2,0.6931471805599453,0.5,0.537159512268,0,1,0.5294117647058824
1,1,1,0,0,8,1,1,18,18,15,0.2,0.2,0.2,0.2,0.2,2,0.6931471805599453,0.5,0.5318171360582737,0,0,0.5
1,1,0,1,0,12,0,1,19,19,15,0.2,0.2,0.2,0.2,0.2,2,0.6931471805599453,0.5,0.49471711344635844,0,1,0.5263157894736842
0,1,1,1,1,31,0,1,20,20,15,0.2,0.2,0.2,0.2,0.2,2,0.6931471805599453,0.5,0.4452234934167146,0,1,0.55
1,1,1,0,1,24,1,1,21,21,15,0.2,0.2,0.2,0.2,0.2,2,0.6931471805599453,0.5,0.5711625086311259,1,1,0.5714285714285714
0,0,0,0,0,1,0,1,22,22,15,0.2,0.2,0.2,0.2,0.2,2,0.6931471805599453,0.5,0.3847642724950718,0,1,0.5909090909090909
1,1,0,0,0,4,0,1,23,23,15,0.2,0.2,0.2,0.2,0.2,2,0.6931471805599453,0.5,0.4840300363851438,1,0,0.5652173913043478
0,0,1,0,0,5,0,1,24,24,15,0.2,0.2,0.2,0.2,0.2,2,0.6931471805599453,0.5,0.497142566811735,0,1,0.5833333333333334
1,0,0,1,1,26,0,1,25,25,15,0.2,0.2,0.2,0.2,0.2,2,0.6931471805599453,0.5,0.5317052156105161,1,0,0.56
0,0,1,1,0,13,0,1,26,26,15,0.2,0.2,0.2,0.2,0.2,2,0.6931471805599453,0.5,0.5054467078627357,1,0,0.5384615384615384
1,1,1,1,0,16,1,1,27,27,15,0.2,0.2,0.2,0.2,0.2,2,0.6931471805599453,0.5,0.5957263434300512,0,0,0.5185185185185185
0,0,0,1,1,25,0,1,28,28,15,0.2,0.2,0.2,0.2,0.2,2,0.6931471805599453,0.5,0.3819684478776815,0,1,0.5357142857142857
0,1,0,1,0,11,0,1,29,29,15,0.2,0.2,0.2,0.2,0.2,2,0.6931471805599453,0.5,0.38146071346111127,1,0,0.5172413793103449
1,1,1,1,1,32,1,1,30,30,15,0.2,0.2,0.2,0.2,0.2,2,0.6931471805599453,0.5,0.6155953559546123,0,0,0.5
1,0,0,1,0,10,0,1,31,31,15,0.2,0.2,0.2,0.2,0.2,2,0.6931471805599453,0.5,0.4974424028132579,0,1,0.5161290322580645
1,0,1,0,0,6,1,1,32,32,15,0.2,0.2,0.2,0.2,0.2,2,0.6931471805599453,0.5,0.6007044856350668,0,0,0.5
0,1,1,1,1,31,0,2,1,33,15,0.2,0.2,0.2,0.2,0.2,2,0.6931471805599453,0.5,0.4868434814158423,0,1,0.5151515151515151
1,0,1,1,0,14,1,2,2,34,15,0.2,0.2,0.2,0.2,0.2,2,0.6931471805599453,0.5,0.6275603145116911,1,1,0.5294117647058824
0,0,0,0,0,1,0,2,3,35,15,0.2,0.2,0.2,0.2,0.2,2,0.6931471805599453,0.5,0.3745557671714734,0,1,0.5428571428571428
0,0,1,0,1,21,0,2,4,36,15,0.2,0.2,0.2,0.2,0.2,2,0.6931471805599453,0.5,0.47866242494767464,0,1,0.5555555555555556
0,0,0,1,1,25,0,2,5,37,15,0.2,0.2,0.2,0.2,0.2,2,0.6931471805599453,0.5,0.3695981608788489,0,1,0.5675675675675675
0,1,0,0,1,19,0,2,6,38,15,0.2,0.2,0.2,0.2,0.2,2,0.6931471805599453,0.5,0.35312224404436027,0,1,0.5789473684210527
1,1,1,1,1,32,1,2,7,39,15,0.2,0.2,0.2,0.2,0.2,2,0.6931471805599453,0.5,0.6209353159964337,1,1,0.5897435897435898
0,1,1,0,1,23,0,2,8,40,15,0.2,0.2,0.2,0.2,0.2,2,0.6931471805599453,0.5,0.46706993678556324,0,1,0.6
0,1,1,1,0,15,0,2,9,41,15,0.2,0.2,0.2,0.2,0.2,2,0.6931471805599453,0.5,0.4972196194479693,0,1,0.6097560975609756
1,1,0,1,1,28,0,2,10,42,15,0.2,0.2,0.2,0.2,0.2,2,0.6931471805599453,0.5,0.5092949482583254,0,1,0.6190476190476191
1,0,0,0,1,18,0,2,11,43,15,0.2,0.2,0.2,0.2,0.2,2,0.6931471805599453,0.5,0.4830034717010971,0,1,0.627906976744186
1,0,0,0,0,2,0,2,12,44,15,0.2,0.2,0.2,0.2,0.2,2,0.6931471805599453,0.5,0.49006939646508324,0,1,0.6363636363636364
0,0,0,0,1,17,0,2,13,45,15,0.2,0.2,0.2,0.2,0.2,2,0.6931471805599453,0.5,0.3472680877316832,0,1,0.6444444444444445
0,1,1,0,0,7,0,2,14,46,15,0.2,0.2,0.2,0.2,0.2,2,0.6931471805599453,0.5,0.4783190016069037,0,1,0.6521739130434783
1,1,1,0,0,8,1,2,15,47,15,0.2,0.2,0.2,0.2,0.2,2,0.6931471805599453,0.5,0.6154430105307704,1,1,0.6595744680851063
1,1,0,0,1,20,0,2,16,48,15,0.2,0.2,0.2,0.2,0.2,2,0.6931471805599453,0.5,0.4805427189630968,0,1,0.6666666666666666
1,0,1,0,0,6,1,2,17,49,15,0.2,0.2,0.2,0.2,0.2,2,0.6931471805599453,0.5,0.6231081382675395,1,1,0.673469387755102
1,0,1,1,1,30,1,2,18,50,15,0.2,0.2,0.2,0.2,0.2,2,0.6931471805599453,0.5,0.6210858506950119,0,0,0.66
0,1,0,1,0,11,0,2,19,51,15,0.2,0.2,0.2,0.2,0.2,2,0.6931471805599453,0.5,0.378694545548615,1,0,0.6470588235294118
1,0,0,1,0,10,0,2,20,52,15,0.2,0.2,0.2,0.2,0.2,2,0.6931471805599453,0.5,0.5138914363426076,0,1,0.6538461538461539
1,0,1,0,1,22,1,2,21,53,15,0.2,0.2,0.2,0.2,0.2,2,0.6931471805599453,0.5,0.6128849271359199,0,0,0.6415094339622641
0,0,1,0,0,5,0,2,22,54,15,0.2,0.2,0.2,0.2,0.2,2,0.6931471805599453,0.5,0.49834157615478925,1,0,0.6296296296296297
1,1,1,1,0,16,1,2,23,55,15,0.2,0.2,0.2,0.2,0.2,2,0.6931471805599453,0.5,0.6230087229927245,1,1,0.6363636363636364
1,0,0,1,1,26,0,2,24,56,15,0.2,0.2,0.2,0.2,0.2,2,0.6931471805599453,0.5,0.49535913328763437,1,0,0.625
1,1,0,0,0,4,0,2,25,57,15,0.2,0.2,0.2,0.2,0.2,2,0.6931471805599453,0.5,0.49030231742672953,0,1,0.631578947368421
0,1,0,0,0,3,0,2,26,58,15,0.2,0.2,0.2,0.2,0.2,2,0.6931471805599453,0.5,0.36461561333396103,1,0,0.6206896551724138
1,1,1,0,1,24,1,2,27,59,15,0.2,0.2,0.2,0.2,0.2,2,0.6931471805599453,0.5,0.6070054243909236,1,1,0.6271186440677966
1,1,0,1,0,12,0,2,28,60,15,0.2,0.2,0.2,0.2,0.2,2,0.6931471805599453,0.5,0.4917463799376326,0,1,0.6333333333333333
0,0,1,1,0,13,0,2,29,61,15,0.2,0.2,0.2,0.2,0.2,2,0.6931471805599453,0.5,0.5009758101809703,0,1,0.639344262295082
0,0,1,1,1,29,0,2,30,62,15,0.2,0.2,0.2,0.2,0.2,2,0.6931471805599453,0.5,0.4959668921276768,1,0,0.6290322580645161
0,0,0,1,0,9,0,2,31,63,15,0.2,0.2,0.2,0.2,0.2,2,0.6931471805599453,0.5,0.37153762164379384,0,1,0.6349206349206349
0,1,0,1,1,27,0,2,32,64,15,0.2,0.2,0.2,0.2,0.2,2,0.6931471805599453,0.5,0.37146371524926186,1,0,0.625
1,0,0,0,1,18,0,3,1,65,15,0.2,0.2,0.2,0.2,0.2,2,0.6931471805599453,0.5,0.4868434814158423,1,0,0.6153846153846154
1,0,0,1,1,26,0,3,2,66,15,0.2,0.2,0.2,0.2,0.2,2,0.6931471805599453,0.5,0.48365921767205033,0,1,0.6212121212121212
1,0,1,1,0,14,1,3,3,67,15,0.2,0.2,0.2,0.2,0.2,2,0.6931471805599453,0.5,0.6255636512085921,0,0,0.6119402985074627
0,0,1,0,1,21,0,3,4,68,15,0.2,0.2,0.2,0.2,0.2,2,0.6931471805599453,0.5,0.4843442703478661,1,0,0.6029411764705882
0,0,0,1,1,25,0,3,5,69,15,0.2,0.2,0.2,0.2,0.2,2,0.6931471805599453,0.5,0.3654440793401469,0,1,0.6086956521739131
1,1,1,0,0,8,1,3,6,70,15,0.2,0.2,0.2,0.2,0.2,2,0.6931471805599453,0.5,0.6290451726352676,1,1,0.6142857142857143
1,1,1,1,0,16,1,3,7,71,15,0.2,0.2,0.2,0.2,0.2,2,0.6931471805599453,0.5,0.6364830797459002,1,1,0.6197183098591549
1,0,1,0,0,6,1,3,8,72,15,0.2,0.2,0.2,0.2,0.2,2,0.6931471805599453,0.5,0.6270549444423362,0,0,0.6111111111111112
1,0,0,0,0,2,0,3,9,73,15,0.2,0.2,0.2,0.2,0.2,2,0.6931471805599453,0.5,0.4956365009892774,1,0,0.6027397260273972
0,1,1,1,0,15,0,3,10,74,15,0.2,0.2,0.2,0.2,0.2,2,0.6931471805599453,0.5,0.5072481599051238,0,1,0.6081081081081081
0,0,0,0,0,1,0,3,11,75,15,0.2,0.2,0.2,0.2,0.2,2,0.6931471805599453,0.5,0.37548464129125525,0,1,0.6133333333333333
0,1,1,1,1,31,0,3,12,76,15,0.2,0.2,0.2,0.2,0.2,2,0.6931471805599453,0.5,0.482044307555386,0,1,0.618421052631579
0,1,0,0,0,3,0,3,13,77,15,0.2,0.2,0.2,0.2,0.2,2,0.6931471805599453,0.5,0.38064484426304046,0,1,0.6233766233766234
0,0,1,0,0,5,0,3,14,78,15,0.2,0.2,0.2,0.2,0.2,2,0.6931471805599453,0.5,0.49556325767795184,1,0,0.6153846153846154
0,0,0,1,0,9,0,3,15,79,15,0.2,0.2,0.2,0.2,0.2,2,0.6931471805599453,0.5,0.37494854392164184,1,0,0.6075949367088608
1,0,1,0,1,22,1,3,16,80,15,0.2,0.2,0.2,0.2,0.2,2,0.6931471805599453,0.5,0.6125468929507105,0,0,0.6
0,0,0,0,1,17,0,3,17,81,15,0.2,0.2,0.2,0.2,0.2,2,0.6931471805599453,0.5,0.36094735572902403,0,1,0.6049382716049383
1,1,0,0,0,4,0,3,18,82,15,0.2,0.2,0.2,0.2,0.2,2,0.6931471805599453,0.5,0.49945416245513236,0,1,0.6097560975609756
1,1,0,0,1,20,0,3,19,83,15,0.2,0.2,0.2,0.2,0.2,2,0.6931471805599453,0.5,0.4831605956839714,1,0,0.6024096385542169
1,1,0,1,0,12,0,3,20,84,15,0.2,0.2,0.2,0.2,0.2,2,0.6931471805599453,0.5,0.4969331845730769,1,0,0.5952380952380952
0,1,0,1,1,27,0,3,21,85,15,0.2,0.2,0.2,0.2,0.2,2,0.6931471805599453,0.5,0.3598669328754098,0,1,0.6
0,1,1,0,1,23,0,3,22,86,15,0.2,0.2,0.2,0.2,0.2,2,0.6931471805599453,0.5,0.48426533341615857,1,0,0.5930232558139535
1,1,1,1,1,32,1,3,23,87,15,0.2,0.2,0.2,0.2,0.2,2,0.6931471805599453,0.5,0.6166330706005009,1,1,0.5977011494252874
0,1,1,0,0,7,0,3,24,88,15,0.2,0.2,0.2,0.2,0.2,2,0.6931471805599453,0.5,0.4921998854861784,1,0,0.5909090909090909
0,1,0,1,0,11,0,3,25,89,15,0.2,0.2,0.2,0.2,0.2,2,0.6931471805599453,0.5,0.37313884317083246,1,0,0.5842696629213483
0,1,0,0,1,19,0,3,26,90,15,0.2,0.2,0.2,0.2,0.2,2,0.6931471805599453,0.5,0.35936590271451113,1,0,0.5777777777777777
0,0,1,1,0,13,0,3,27,91,15,0.2,0.2,0.2,0.2,0.2,2,0.6931471805599453,0.5,0.4966930171830426,1,0,0.5714285714285714
1,0,0,1,0,10,0,3,28,92,15,0.2,0.2,0.2,0.2,0.2,2,0.6931471805599453,0.5,0.4951698727306426,0,1,0.5760869565217391
1,1,0,1,1,28,0,3,29,93,15,0.2,0.2,0.2,0.2,0.2,2,0.6931471805599453,0.5,0.48757659152145283,0,1,0.5806451612903226
1,1,1,0,1,24,1,3,30,94,15,0.2,0.2,0.2,0.2,0.2,2,0.6931471805599453,0.5,0.620601758035959,1,1,0.5851063829787234
0,0,1,1,1,29,0,3,31,95,15,0.2,0.2,0.2,0.2,0.2,2,0.6931471805599453,0.5,0.4840173135540172,0,1,0.5894736842105263
1,0,1,1,1,30,1,3,32,96,15,0.2,0.2,0.2,0.2,0.2,2,0.6931471805599453,0.5,0.6188707476424768,1,1,0.59375
0,1,1,0,0,7,0,1,1,1,16,0.2,0.2,0.2,0.2,0.2,4,1.3862943611198906,0.5,0.5,0,1,1
1,1,1,0,0,8,1,1,2,2,16,0.2,0.2,0.2,0.2,0.2,4,1.3862943611198906,0.5,0.5,0,0,0.5
0,0,0,1,1,25,0,1,3,3,16,0.2,0.2,0.2,0.2,0.2,4,1.3862943611198906,0.5,0.3100255188723876,0,1,0.6666666666666666
1,0,0,1,1,26,0,1,4,4,16,0.2,0.2,0.2,0.2,0.2,4,1.3862943611198906,0.5,0.14845048851868184,0,1,0.75
1,0,1,1,0,14,1,1,5,5,16,0.2,0.2,0.2,0.2,0.2,4,1.3862943611198906,0.5,0.6124126330007389,1,1,0.8
0,1,1,1,1,31,0,1,6,6,16,0.2,0.2,0.2,0.2,0.2,4,1.3862943611198906,0.5,0.35498413703335013,0,1,0.8333333333333334
0,0,0,0,1,17,0,1,7,7,16,0.2,0.2,0.2,0.2,0.2,4,1.3862943611198906,0.5,0.16375127538065457,0,1,0.8571428571428571
1,1,0,1,0,12,0,1,8,8,16,0.2,0.2,0.2,0.2,0.2,4,1.3862943611198906,0.5,0.6622618825011294,1,0,0.75
0,0,1,0,1,21,0,1,9,9,16,0.2,0.2,0.2,0.2,0.2,4,1.3862943611198906,0.5,0.31861421122939765,1,0,0.6666666666666666
0,1,0,1,0,11,0,1,10,10,16,0.2,0.2,0.2,0.2,0.2,4,1.3862943611198906,0.5,0.33208431403623323,0,1,0.7
0,0,1,0,0,5,0,1,11,11,16,0.2,0.2,0.2,0.2,0.2,4,1.3862943611198906,0.5,0.5262167158371295,1,0,0.6363636363636364
1,1,1,1,1,32,1,1,12,12,16,0.2,0.2,0.2,0.2,0.2,4,1.3862943611198906,0.5,0.5834059957578901,0,0,0.5833333333333334
1,1,0,0,1,20,0,1,13,13,16,0.2,0.2,0.2,0.2,0.2,4,1.3862943611198906,0.5,0.5479975962679192,0,1,0.6153846153846154
1,0,1,1,1,30,1,1,14,14,16,0.2,0.2,0.2,0.2,0.2,4,1.3862943611198906,0.5,0.6874483553562095,1,1,0.6428571428571429
1,0,1,0,0,6,1,1,15,15,16,0.2,0.2,0.2,0.2,0.2,4,1.3862943611198906,0.5,0.6899589052830006,0,0,0.6
0,0,1,1,1,29,0,1,16,16,16,0.2,0.2,0.2,0.2,0.2,4,1.3862943611198906,0.5,0.47044411843969397,1,0,0.5625
0,0,0,0,0,1,0,1,17,17,16,0.2,0.2,0.2,0.2,0.2,4,1.3862943611198906,0.5,0.3156813410684079,0,1,0.5882352941176471
0,0,1,1,0,13,0,1,18,18,16,0.2,0.2,0.2,0.2,0.2,4,1.3862943611198906,0.5,0.5084399878016207,0,1,0.6111111111111112
0,1,1,1,0,15,0,1,19,19,16,0.2,0.2,0.2,0.2,0.2,4,1.3862943611198906,0.5,0.4224892637246142,1,0,0.5789473684210527
1,1,0,1,1,28,0,1,20,20,16,0.2,0.2,0.2,0.2,0.2,4,1.3862943611198906,0.5,0.5039555978198424,1,0,0.55
1,0,0,1,0,10,0,1,21,21,16,0.2,0.2,0.2,0.2,0.2,4,1.3862943611198906,0.5,0.5554483834180268,0,1,0.5714285714285714
1,1,1,1,0,16,1,1,22,22,16,0.2,0.2,0.2,0.2,0.2,4,1.3862943611198906,0.5,0.6820239298946329,1,1,0.5909090909090909
1,1,0,0,0,4,0,1,23,23,16,0.2,0.2,0.2,0.2,0.2,4,1.3862943611198906,0.5,0.5390180019080861,0,1,0.6086956521739131
1,0,0,0,1,18,0,1,24,24,16,0.2,0.2,0.2,0.2,0.2,4,1.3862943611198906,0.5,0.4026274582770745,0,1,0.625
0,1,0,0,0,3,0,1,25,25,16,0.2,0.2,0.2,0.2,0.2,4,1.3862943611198906,0.5,0.2914853187791087,1,0,0.6
0,1,0,0,1,19,0,1,26,26,16,0.2,0.2,0.2,0.2,0.2,4,1.3862943611198906,0.5,0.21605863133164652,1,0,0.5769230769230769
1,1,1,0,1,24,1,1,27,27,16,0.2,0.2,0.2,0.2,0.2,4,1.3862943611198906,0.5,0.6630916153721106,1,1,0.5925925925925926
1,0,1,0,1,22,1,1,28,28,16,0.2,0.2,0.2,0.2,0.2,4,1.3862943611198906,0.5,0.6709056568986315,0,0,0.5714285714285714
0,1,0,1,1,27,0,1,29,29,16,0.2,0.2,0.2,0.2,0.2,4,1.3862943611198906,0.5,0.2616727912760275,1,0,0.5517241379310345
1,0,0,0,0,2,0,1,30,30,16,0.2,0.2,0.2,0.2,0.2,4,1.3862943611198906,0.5,0.4868819901910453,1,0,0.5333333333333333
0,0,0,1,0,9,0,1,31,31,16,0.2,0.2,0.2,0.2,0.2,4,1.3862943611198906,0.5,0.26288465538275346,1,0,0.5161290322580645
0,1,1,0,1,23,0,1,32,32,16,0.2,0.2,0.2,0.2,0.2,4,1.3862943611198906,0.5,0.49408466521367705,0,1,0.53125
0,0,0,0,1,17,0,2,1,33,16,0.2,0.2,0.2,0.2,0.2,4,1.3862943611198906,0.5,0.24185523705657339,0,1,0.5454545454545454
1,0,1,1,1,30,1,2,2,34,16,0.2,0.2,0.2,0.2,0.2,4,1.3862943611198906,0.5,0.7343691919309538,1,1,0.5588235294117647
0,0,1,0,1,21,0,2,3,35,16,0.2,0.2,0.2,0.2,0.2,4,1.3862943611198906,0.5,0.44329195815595784,1,0,0.5428571428571428
0,1,0,0,1,19,0,2,4,36,16,0.2,0.2,0.2,0.2,0.2,4,1.3862943611198906,0.5,0.22744038097669844,1,0,0.5277777777777778
1,1,1,0,0,8,1,2,5,37,16,0.2,0.2,0.2,0.2,0.2,4,1.3862943611198906,0.5,0.7247107241374624,1,1,0.5405405405405406
1,1,1,0,1,24,1,2,6,38,16,0.2,0.2,0.2,0.2,0.2,4,1.3862943611198906,0.5,0.7218421939744702,1,1,0.5526315789473685
1,1,1,1,0,16,1,2,7,39,16,0.2,0.2,0.2,0.2,0.2,4,1.3862943611198906,0.5,0.7349340328607216,0,0,0.5384615384615384
1,1,0,1,0,12,0,2,8,40,16,0.2,0.2,0.2,0.2,0.2,4,1.3862943611198906,0.5,0.4888707623220952,0,1,0.55
1,0,0,0,0,2,0,2,9,41,16,0.2,0.2,0.2,0.2,0.2,4,1.3862943611198906,0.5,0.43369211009265,1,0,0.5365853658536586
0,1,1,1,0,15,0,2,10,42,16,0.2,0.2,0.2,0.2,0.2,4,1.3862943611198906,0.5,0.49196427420440836,1,0,0.5238095238095238
0,0,0,0,0,1,0,2,11,43,16,0.2,0.2,0.2,0.2,0.2,4,1.3862943611198906,0.5,0.22169483930971598,0,1,0.5348837209302325
1,0,0,1,0,10,0,2,12,44,16,0.2,0.2,0.2,0.2,0.2,4,1.3862943611198906,0.5,0.43482528057939485,0,1,0.5454545454545454
0,0,1,1,0,13,0,2,13,45,16,0.2,0.2,0.2,0.2,0.2,4,1.3862943611198906,0.5,0.442472549942877,0,1,0.5555555555555556
0,1,1,0,0,7,0,2,14,46,16,0.2,0.2,0.2,0.2,0.2,4,1.3862943611198906,0.5,0.4853001284998938,0,1,0.5652173913043478
1,0,0,0,1,18,0,2,15,47,16,0.2,0.2,0.2,0.2,0.2,4,1.3862943611198906,0.5,0.437831438286368,1,0,0.5531914893617021
0,0,1,0,0,5,0,2,16,48,16,0.2,0.2,0.2,0.2,0.2,4,1.3862943611198906,0.5,0.4096308796237993,1,0,0.5416666666666666
1,0,1,0,1,22,1,2,17,49,16,0.2,0.2,0.2,0.2,0.2,4,1.3862943611198906,0.5,0.7021612278110815,1,1,0.5510204081632653
1,1,0,0,1,20,0,2,18,50,16,0.2,0.2,0.2,0.2,0.2,4,1.3862943611198906,0.5,0.48750705632699104,0,1,0.56
0,1,0,1,0,11,0,2,19,51,16,0.2,0.2,0.2,0.2,0.2,4,1.3862943611198906,0.5,0.26059954566691595,0,1,0.5686274509803921
0,0,0,1,0,9,0,2,20,52,16,0.2,0.2,0.2,0.2,0.2,4,1.3862943611198906,0.5,0.2255785075296877,0,1,0.5769230769230769
1,0,0,1,1,26,0,2,21,53,16,0.2,0.2,0.2,0.2,0.2,4,1.3862943611198906,0.5,0.47310569514512324,1,0,0.5660377358490566
0,1,1,0,1,23,0,2,22,54,16,0.2,0.2,0.2,0.2,0.2,4,1.3862943611198906,0.5,0.48893760852492224,0,1,0.5740740740740741
0,0,1,1,1,29,0,2,23,55,16,0.2,0.2,0.2,0.2,0.2,4,1.3862943611198906,0.5,0.47529959539445926,0,1,0.5818181818181818
1,1,0,1,1,28,0,2,24,56,16,0.2,0.2,0.2,0.2,0.2,4,1.3862943611198906,0.5,0.46820179058143796,0,1,0.5892857142857143
1,1,0,0,0,4,0,2,25,57,16,0.2,0.2,0.2,0.2,0.2,4,1.3862943611198906,0.5,0.47992691943361604,0,1,0.5964912280701754
1,1,1,1,1,32,1,2,26,58,16,0.2,0.2,0.2,0.2,0.2,4,1.3862943611198906,0.5,0.7328250294499775,1,1,0.603448275862069
0,0,0,1,1,25,0,2,27,59,16,0.2,0.2,0.2,0.2,0.2,4,1.3862943611198906,0.5,0.26002982605710157,1,0,0.5932203389830508
0,1,1,1,1,31,0,2,28,60,16,0.2,0.2,0.2,0.2,0.2,4,1.3862943611198906,0.5,0.4957754066821921,1,0,0.5833333333333334
1,0,1,1,0,14,1,2,29,61,16,0.2,0.2,0.2,0.2,0.2,4,1.3862943611198906,0.5,0.6972336679403871,0,0,0.5737704918032787
1,0,1,0,0,6,1,2,30,62,16,0.2,0.2,0.2,0.2,0.2,4,1.3862943611198906,0.5,0.7030308957901851,1,1,0.5806451612903226
0,1,0,1,1,27,0,2,31,63,16,0.2,0.2,0.2,0.2,0.2,4,1.3862943611198906,0.5,0.25439302684445253,1,0,0.5714285714285714
0,1,0,0,0,3,0,2,32,64,16,0.2,0.2,0.2,0.2,0.2,4,1.3862943611198906,0.5,0.2548111228743325,0,1,0.578125
0,0,0,1,0,9,0,3,1,65,16,0.2,0.2,0.2,0.2,0.2,4,1.3862943611198906,0.5,0.24185523705657339,1,0,0.5692307692307692
1,0,0,0,1,18,0,3,2,66,16,0.2,0.2,0.2,0.2,0.2,4,1.3862943611198906,0.5,0.4523280484658299,1,0,0.5606060606060606
0,1,0,0,1,19,0,3,3,67,16,0.2,0.2,0.2,0.2,0.2,4,1.3862943611198906,0.5,0.24476886495252756,0,1,0.5671641791044776
0,1,1,0,0,7,0,3,4,68,16,0.2,0.2,0.2,0.2,0.2,4,1.3862943611198906,0.5,0.4563857110882334,0,1,0.5735294117647058
1,0,1,1,0,14,1,3,5,69,16,0.2,0.2,0.2,0.2,0.2,4,1.3862943611198906,0.5,0.7358735550422751,1,1,0.5797101449275363
0,1,1,0,1,23,0,3,6,70,16,0.2,0.2,0.2,0.2,0.2,4,1.3862943611198906,0.5,0.43382967987429655,0,1,0.5857142857142857
0,1,0,0,0,3,0,3,7,71,16,0.2,0.2,0.2,0.2,0.2,4,1.3862943611198906,0.5,0.23411267114880124,0,1,0.5915492957746479
0,0,1,1,1,29,0,3,8,72,16,0.2,0.2,0.2,0.2,0.2,4,1.3862943611198906,0.5,0.46420959346570434,0,1,0.5972222222222222
1,0,1,1,1,30,1,3,9,73,16,0.2,0.2,0.2,0.2,0.2,4,1.3862943611198906,0.5,0.7348200150828453,1,1,0.6027397260273972
0,1,0,1,0,11,0,3,10,74,16,0.2,0.2,0.2,0.2,0.2,4,1.3862943611198906,0.5,0.24113690723546505,1,0,0.5945945945945946
1,1,1,1,0,16,1,3,11,75,16,0.2,0.2,0.2,0.2,0.2,4,1.3862943611198906,0.5,0.7352833699275036,1,1,0.6
1,1,0,1,1,28,0,3,12,76,16,0.2,0.2,0.2,0.2,0.2,4,1.3862943611198906,0.5,0.46254042387606475,1,0,0.5921052631578947
0,0,0,0,1,17,0,3,13,77,16,0.2,0.2,0.2,0.2,0.2,4,1.3862943611198906,0.5,0.23406029419943405,0,1,0.5974025974025974
1,0,0,1,1,26,0,3,14,78,16,0.2,0.2,0.2,0.2,0.2,4,1.3862943611198906,0.5,0.47276668978205766,0,1,0.6025641025641025
1,0,1,0,1,22,1,3,15,79,16,0.2,0.2,0.2,0.2,0.2,4,1.3862943611198906,0.5,0.7180222892001206,0,0,0.5949367088607594
1,1,0,1,0,12,0,3,16,80,16,0.2,0.2,0.2,0.2,0.2,4,1.3862943611198906,0.5,0.464783338061435,1,0,0.5875
0,1,1,1,1,31,0,3,17,81,16,0.2,0.2,0.2,0.2,0.2,4,1.3862943611198906,0.5,0.44843640339336577,1,0,0.5802469135802469
0,1,1,1,0,15,0,3,18,82,16,0.2,0.2,0.2,0.2,0.2,4,1.3862943611198906,0.5,0.45814068441866834,1,0,0.573170731707317
0,0,1,0,1,21,0,3,19,83,16,0.2,0.2,0.2,0.2,0.2,4,1.3862943611198906,0.5,0.46258102455438993,1,0,0.5662650602409639
0,0,1,0,0,5,0,3,20,84,16,0.2,0.2,0.2,0.2,0.2,4,1.3862943611198906,0.5,0.45310903866960606,1,0,0.5595238095238095
1,0,1,0,0,6,1,3,21,85,16,0.2,0.2,0.2,0.2,0.2,4,1.3862943611198906,0.5,0.7323311066928856,1,1,0.5647058823529412
1,0,0,1,0,10,0,3,22,86,16,0.2,0.2,0.2,0.2,0.2,4,1.3862943611198906,0.5,0.48339060268986994,0,1,0.5697674418604651
1,1,1,1,1,32,1,3,23,87,16,0.2,0.2,0.2,0.2,0.2,4,1.3862943611198906,0.5,0.7131163653566497,1,1,0.5747126436781609
1,0,0,0,0,2,0,3,24,88,16,0.2,0.2,0.2,0.2,0.2,4,1.3862943611198906,0.5,0.468818643630764,0,1,0.5795454545454546
0,0,0,1,1,25,0,3,25,89,16,0.2,0.2,0.2,0.2,0.2,4,1.3862943611198906,0.5,0.25854301712251687,0,1,0.5842696629213483
1,1,0,0,0,4,0,3,26,90,16,0.2,0.2,0.2,0.2,0.2,4,1.3862943611198906,0.5,0.441553361189363,0,1,0.5888888888888889
1,1,0,0,1,20,0,3,27,91,16,0.2,0.2,0.2,0.2,0.2,4,1.3862943611198906,0.5,0.4366161255919825,0,1,0.5934065934065934
0,1,0,1,1,27,0,3,28,92,16,0.2,0.2,0.2,0.2,0.2,4,1.3862943611198906,0.5,0.2494601081099873,0,1,0.5978260869565217
0,0,1,1,0,13,0,3,29,93,16,0.2,0.2,0.2,0.2,0.2,4,1.3862943611198906,0.5,0.4766229589127119,0,1,0.6021505376344086
1,1,1,0,1,24,1,3,30,94,16,0.2,0.2,0.2,0.2,0.2,4,1.3862943611198906,0.5,0.712405110987965,0,0,0.5957446808510638
1,1,1,0,0,8,1,3,31,95,16,0.2,0.2,0.2,0.2,0.2,4,1.3862943611198906,0.5,0.715953221614697,0,0,0.5894736842105263
0,0,0,0,0,1,0,3,32,96,16,0.2,0.2,0.2,0.2,0.2,4,1.3862943611198906,0.5,0.25027913074575786,0,1,0.59375
1,1,1,1,0,16,1,1,1,1,17,0.2,0.2,0.2,0.2,0.2,4,1.3862943611198906,0.5,0.5,0,0,0
1,0,1,1,0,14,1,1,2,2,17,0.2,0.2,0.2,0.2,0.2,4,1.3862943611198906,0.5,0.5,0,0,0
1,0,0,1,1,26,0,1,3,3,17,0.2,0.2,0.2,0.2,0.2,4,1.3862943611198906,0.5,0.5,0,1,0.3333333333333333
1,0,1,0,1,22,1,1,4,4,17,0.2,0.2,0.2,0.2,0.2,4,1.3862943611198906,0.5,0.4201770776850635,0,0,0.25
0,0,1,0,1,21,0,1,5,5,17,0.2,0.2,0.2,0.2,0.2,4,1.3862943611198906,0.5,0.6809312175912154,0,1,0.4
1,0,1,0,0,6,1,1,6,6,17,0.2,0.2,0.2,0.2,0.2,4,1.3862943611198906,0.5,0.7148889211265018,1,1,0.5
0,0,1,1,1,29,0,1,7,7,17,0.2,0.2,0.2,0.2,0.2,4,1.3862943611198906,0.5,0.31002551887238755,0,1,0.5714285714285714
0,0,0,0,1,17,0,1,8,8,17,0.2,0.2,0.2,0.2,0.2,4,1.3862943611198906,0.5,0.23616376167851283,0,1,0.625
0,0,1,1,0,13,0,1,9,9,17,0.2,0.2,0.2,0.2,0.2,4,1.3862943611198906,0.5,0.5312914384220657,1,0,0.5555555555555556
0,1,0,0,1,19,0,1,10,10,17,0.2,0.2,0.2,0.2,0.2,4,1.3862943611198906,0.5,0.2142793994314603,0,1,0.6
1,1,0,0,0,4,0,1,11,11,17,0.2,0.2,0.2,0.2,0.2,4,1.3862943611198906,0.5,0.6449913063853138,1,0,0.5454545454545454
1,1,0,0,1,20,0,1,12,12,17,0.2,0.2,0.2,0.2,0.2,4,1.3862943611198906,0.5,0.338206990343744,0,1,0.5833333333333334
0,0,1,0,0,5,0,1,13,13,17,0.2,0.2,0.2,0.2,0.2,4,1.3862943611198906,0.5,0.546663787707236,1,0,0.5384615384615384
1,1,1,0,0,8,1,1,14,14,17,0.2,0.2,0.2,0.2,0.2,4,1.3862943611198906,0.5,0.7014027195563325,0,0,0.5
1,0,0,0,0,2,0,1,15,15,17,0.2,0.2,0.2,0.2,0.2,4,1.3862943611198906,0.5,0.5677964337265192,1,0,0.4666666666666667
0,1,1,0,1,23,0,1,16,16,17,0.2,0.2,0.2,0.2,0.2,4,1.3862943611198906,0.5,0.3886711468516571,1,0,0.4375
1,1,1,0,1,24,1,1,17,17,17,0.2,0.2,0.2,0.2,0.2,4,1.3862943611198906,0.5,0.6052864760465343,1,1,0.47058823529411764
0,0,0,1,1,25,0,1,18,18,17,0.2,0.2,0.2,0.2,0.2,4,1.3862943611198906,0.5,0.2002919341005569,0,1,0.5
0,0,0,1,0,9,0,1,19,19,17,0.2,0.2,0.2,0.2,0.2,4,1.3862943611198906,0.5,0.2993481818147999,0,1,0.5263157894736842
1,1,1,1,1,32,1,1,20,20,17,0.2,0.2,0.2,0.2,0.2,4,1.3862943611198906,0.5,0.7081626320569062,1,1,0.55
0,1,0,1,0,11,0,1,21,21,17,0.2,0.2,0.2,0.2,0.2,4,1.3862943611198906,0.5,0.35544329183342277,1,0,0.5238095238095238
0,1,1,1,0,15,0,1,22,22,17,0.2,0.2,0.2,0.2,0.2,4,1.3862943611198906,0.5,0.533663641240337,1,0,0.5
0,1,1,1,1,31,0,1,23,23,17,0.2,0.2,0.2,0.2,0.2,4,1.3862943611198906,0.5,0.46540336914692665,0,1,0.5217391304347826
1,0,1,1,1,30,1,1,24,24,17,0.2,0.2,0.2,0.2,0.2,4,1.3862943611198906,0.5,0.6547928447752521,1,1,0.5416666666666666
0,1,0,1,1,27,0,1,25,25,17,0.2,0.2,0.2,0.2,0.2,4,1.3862943611198906,0.5,0.25644852858602935,0,1,0.56
0,1,1,0,0,7,0,1,26,26,17,0.2,0.2,0.2,0.2,0.2,4,1.3862943611198906,0.5,0.4789203533014169,0,1,0.5769230769230769
0,1,0,0,0,3,0,1,27,27,17,0.2,0.2,0.2,0.2,0.2,4,1.3862943611198906,0.5,0.2639326924999667,0,1,0.5925925925925926
1,0,0,1,0,10,0,1,28,28,17,0.2,0.2,0.2,0.2,0.2,4,1.3862943611198906,0.5,0.5222544685705973,1,0,0.5714285714285714
1,0,0,0,1,18,0,1,29,29,17,0.2,0.2,0.2,0.2,0.2,4,1.3862943611198906,0.5,0.49189951156626793,1,0,0.5517241379310345
1,1,0,1,0,12,0,1,30,30,17,0.2,0.2,0.2,0.2,0.2,4,1.3862943611198906,0.5,0.5073394365701107,0,1,0.5666666666666667
0,0,0,0,0,1,0,1,31,31,17,0.2,0.2,0.2,0.2,0.2,4,1.3862943611198906,0.5,0.26288465538275346,1,0,0.5483870967741935
1,1,0,1,1,28,0,1,32,32,17,0.2,0.2,0.2,0.2,0.2,4,1.3862943611198906,0.5,0.49408466521367705,0,1,0.5625
0,0,0,1,0,9,0,2,1,33,17,0.2,0.2,0.2,0.2,0.2,4,1.3862943611198906,0.5,0.24185523705657339,0,1,0.5757575757575758
0,0,0,1,1,25,0,2,2,34,17,0.2,0.2,0.2,0.2,0.2,4,1.3862943611198906,0.5,0.235668643072738,0,1,0.5882352941176471
1,0,1,0,1,22,1,2,3,35,17,0.2,0.2,0.2,0.2,0.2,4,1.3862943611198906,0.5,0.7396883906409111,1,1,0.6
1,0,1,1,0,14,1,2,4,36,17,0.2,0.2,0.2,0.2,0.2,4,1.3862943611198906,0.5,0.7202173777733633,1,1,0.6111111111111112
1,1,1,0,0,8,1,2,5,37,17,0.2,0.2,0.2,0.2,0.2,4,1.3862943611198906,0.5,0.7244742805123507,0,0,0.5945945945945946
0,1,0,1,0,11,0,2,6,38,17,0.2,0.2,0.2,0.2,0.2,4,1.3862943611198906,0.5,0.2303557872624978,0,1,0.6052631578947368
1,1,1,1,1,32,1,2,7,39,17,0.2,0.2,0.2,0.2,0.2,4,1.3862943611198906,0.5,0.714912616436865,1,1,0.6153846153846154
0,1,1,0,0,7,0,2,8,40,17,0.2,0.2,0.2,0.2,0.2,4,1.3862943611198906,0.5,0.46724315392230775,0,1,0.625
1,0,0,1,1,26,0,2,9,41,17,0.2,0.2,0.2,0.2,0.2,4,1.3862943611198906,0.5,0.4481759984211601,0,1,0.6341463414634146
0,0,0,0,1,17,0,2,10,42,17,0.2,0.2,0.2,0.2,0.2,4,1.3862943611198906,0.5,0.24977260798513265,1,0,0.6190476190476191
0,1,0,0,1,19,0,2,11,43,17,0.2,0.2,0.2,0.2,0.2,4,1.3862943611198906,0.5,0.24384930602509053,1,0,0.6046511627906976
1,0,1,1,1,30,1,2,12,44,17,0.2,0.2,0.2,0.2,0.2,4,1.3862943611198906,0.5,0.7289909096940729,1,1,0.6136363636363636
1,1,0,0,0,4,0,2,13,45,17,0.2,0.2,0.2,0.2,0.2,4,1.3862943611198906,0.5,0.4607297590046834,0,1,0.6222222222222222
1,0,0,0,0,2,0,2,14,46,17,0.2,0.2,0.2,0.2,0.2,4,1.3862943611198906,0.5,0.44568190760505527,1,0,0.6086956521739131
1,0,1,0,0,6,1,2,15,47,17,0.2,0.2,0.2,0.2,0.2,4,1.3862943611198906,0.5,0.7211721811218265,0,0,0.5957446808510638
1,1,1,0,1,24,1,2,16,48,17,0.2,0.2,0.2,0.2,0.2,4,1.3862943611198906,0.5,0.7268807345646016,0,0,0.5833333333333334
0,1,0,1,1,27,0,2,17,49,17,0.2,0.2,0.2,0.2,0.2,4,1.3862943611198906,0.5,0.23944984610822104,0,1,0.5918367346938775
1,0,0,1,0,10,0,2,18,50,17,0.2,0.2,0.2,0.2,0.2,4,1.3862943611198906,0.5,0.4422532693557483,0,1,0.6
1,1,0,1,0,12,0,2,19,51,17,0.2,0.2,0.2,0.2,0.2,4,1.3862943611198906,0.5,0.41581889782123027,1,0,0.5882352941176471
1,1,0,1,1,28,0,2,20,52,17,0.2,0.2,0.2,0.2,0.2,4,1.3862943611198906,0.5,0.44136568849499036,1,0,0.5769230769230769
0,1,1,1,1,31,0,2,21,53,17,0.2,0.2,0.2,0.2,0.2,4,1.3862943611198906,0.5,0.4735570609789893,0,1,0.5849056603773585
0,0,1,0,1,21,0,2,22,54,17,0.2,0.2,0.2,0.2,0.2,4,1.3862943611198906,0.5,0.49998064491685557,1,0,0.5740740740740741
0,1,1,0,1,23,0,2,23,55,17,0.2,0.2,0.2,0.2,0.2,4,1.3862943611198906,0.5,0.46945560638376194,0,1,0.5818181818181818
0,0,0,0,0,1,0,2,24,56,17,0.2,0.2,0.2,0.2,0.2,4,1.3862943611198906,0.5,0.2607446771482778,0,1,0.5892857142857143
1,1,1,1,0,16,1,2,25,57,17,0.2,0.2,0.2,0.2,0.2,4,1.3862943611198906,0.5,0.7112744497823382,1,1,0.5964912280701754
1,1,0,0,1,20,0,2,26,58,17,0.2,0.2,0.2,0.2,0.2,4,1.3862943611198906,0.5,0.4590294269201282,1,0,0.5862068965517241
0,1,1,1,0,15,0,2,27,59,17,0.2,0.2,0.2,0.2,0.2,4,1.3862943611198906,0.5,0.4736526362715724,0,1,0.5932203389830508
0,0,1,0,0,5,0,2,28,60,17,0.2,0.2,0.2,0.2,0.2,4,1.3862943611198906,0.5,0.47550649694182745,1,0,0.5833333333333334
0,0,1,1,1,29,0,2,29,61,17,0.2,0.2,0.2,0.2,0.2,4,1.3862943611198906,0.5,0.4703217444500629,0,1,0.5901639344262295
1,0,0,0,1,18,0,2,30,62,17,0.2,0.2,0.2,0.2,0.2,4,1.3862943611198906,0.5,0.463054626709025,0,1,0.5967741935483871
0,0,1,1,0,13,0,2,31,63,17,0.2,0.2,0.2,0.2,0.2,4,1.3862943611198906,0.5,0.4673887349877241,0,1,0.6031746031746031
0,1,0,0,0,3,0,2,32,64,17,0.2,0.2,0.2,0.2,0.2,4,1.3862943611198906,0.5,0.2548111228743325,0,1,0.609375
0,0,1,0,1,21,0,3,1,65,17,0.2,0.2,0.2,0.2,0.2,4,1.3862943611198906,0.5,0.4494469627522707,0,1,0.6153846153846154
0,0,1,0,0,5,0,3,2,66,17,0.2,0.2,0.2,0.2,0.2,4,1.3862943611198906,0.5,0.44373728738163876,0,1,0.6212121212121212
1,0,0,0,1,18,0,3,3,67,17,0.2,0.2,0.2,0.2,0.2,4,1.3862943611198906,0.5,0.45245103462788044,0,1,0.6268656716417911
0,0,1,1,1,29,0,3,4,68,17,0.2,0.2,0.2,0.2,0.2,4,1.3862943611198906,0.5,0.4468315322874683,1,0,0.6176470588235294
0,1,1,0,0,7,0,3,5,69,17,0.2,0.2,0.2,0.2,0.2,4,1.3862943611198906,0.5,0.4507028067860534,0,1,0.6231884057971014
0,0,0,0,1,17,0,3,6,70,17,0.2,0.2,0.2,0.2,0.2,4,1.3862943611198906,0.5,0.23917119369660939,0,1,0.6285714285714286
1,0,0,0,0,2,0,3,7,71,17,0.2,0.2,0.2,0.2,0.2,4,1.3862943611198906,0.5,0.4534513668219561,1,0,0.6197183098591549
0,1,0,1,0,11,0,3,8,72,17,0.2,0.2,0.2,0.2,0.2,4,1.3862943611198906,0.5,0.2571563818314148,0,1,0.625
0,1,1,1,0,15,0,3,9,73,17,0.2,0.2,0.2,0.2,0.2,4,1.3862943611198906,0.5,0.45333344110659707,1,0,0.6164383561643836
1,1,0,1,0,12,0,3,10,74,17,0.2,0.2,0.2,0.2,0.2,4,1.3862943611198906,0.5,0.4646592842776065,1,0,0.6081081081081081
1,0,0,1,0,10,0,3,11,75,17,0.2,0.2,0.2,0.2,0.2,4,1.3862943611198906,0.5,0.45664297955657474,1,0,0.6
1,0,1,0,0,6,1,3,12,76,17,0.2,0.2,0.2,0.2,0.2,4,1.3862943611198906,0.5,0.7181707285168974,1,1,0.6052631578947368
1,1,1,1,1,32,1,3,13,77,17,0.2,0.2,0.2,0.2,0.2,4,1.3862943611198906,0.5,0.7312361899612786,1,1,0.6103896103896104
0,0,0,1,1,25,0,3,14,78,17,0.2,0.2,0.2,0.2,0.2,4,1.3862943611198906,0.5,0.24601025260956408,1,0,0.6025641025641025
1,1,0,1,1,28,0,3,15,79,17,0.2,0.2,0.2,0.2,0.2,4,1.3862943611198906,0.5,0.4773516565260423,1,0,0.5949367088607594
0,1,0,1,1,27,0,3,16,80,17,0.2,0.2,0.2,0.2,0.2,4,1.3862943611198906,0.5,0.257553500054835,0,1,0.6
1,1,0,0,0,4,0,3,17,81,17,0.2,0.2,0.2,0.2,0.2,4,1.3862943611198906,0.5,0.45639330245827076,0,1,0.6049382716049383
1,0,1,1,1,30,1,3,18,82,17,0.2,0.2,0.2,0.2,0.2,4,1.3862943611198906,0.5,0.72771737790533,0,0,0.5975609756097561
0,1,1,1,1,31,0,3,19,83,17,0.2,0.2,0.2,0.2,0.2,4,1.3862943611198906,0.5,0.469861044692319,0,1,0.6024096385542169
1,1,1,0,0,8,1,3,20,84,17,0.2,0.2,0.2,0.2,0.2,4,1.3862943611198906,0.5,0.7167626157546244,0,0,0.5952380952380952
1,0,1,0,1,22,1,3,21,85,17,0.2,0.2,0.2,0.2,0.2,4,1.3862943611198906,0.5,0.7223261728697203,1,1,0.6
0,0,0,0,0,1,0,3,22,86,17,0.2,0.2,0.2,0.2,0.2,4,1.3862943611198906,0.5,0.2565212222342135,0,1,0.6046511627906976
0,1,0,0,1,19,0,3,23,87,17,0.2,0.2,0.2,0.2,0.2,4,1.3862943611198906,0.5,0.24909161409136413,1,0,0.5977011494252874
1,1,1,1,0,16,1,3,24,88,17,0.2,0.2,0.2,0.2,0.2,4,1.3862943611198906,0.5,0.7144986406279824,1,1,0.6022727272727273
0,0,1,1,0,13,0,3,25,89,17,0.2,0.2,0.2,0.2,0.2,4,1.3862943611198906,0.5,0.44830908808687636,0,1,0.6067415730337079
1,1,0,0,1,20,0,3,26,90,17,0.2,0.2,0.2,0.2,0.2,4,1.3862943611198906,0.5,0.45030469387617456,0,1,0.6111111111111112
1,0,1,1,0,14,1,3,27,91,17,0.2,0.2,0.2,0.2,0.2,4,1.3862943611198906,0.5,0.7221115486494017,0,0,0.6043956043956044
0,0,0,1,0,9,0,3,28,92,17,0.2,0.2,0.2,0.2,0.2,4,1.3862943611198906,0.5,0.25348009412419303,0,1,0.6086956521739131
0,1,0,0,0,3,0,3,29,93,17,0.2,0.2,0.2,0.2,0.2,4,1.3862943611198906,0.5,0.24626633126386924,1,0,0.6021505376344086
1,0,0,1,1,26,0,3,30,94,17,0.2,0.2,0.2,0.2,0.2,4,1.3862943611198906,0.5,0.4652158016909843,0,1,0.6063829787234043
1,1,1,0,1,24,1,3,31,95,17,0.2,0.2,0.2,0.2,0.2,4,1.3862943611198906,0.5,0.7233503971457478,0,0,0.6
0,1,1,0,1,23,0,3,32,96,17,0.2,0.2,0.2,0.2,0.2,4,1.3862943611198906,0.5,0.46299724534126363,0,1,0.6041666666666666
1,1,1,1,1,32,1,1,1,1,18,0.2,0.2,0.2,0.2,0.2,4,1.3862943611198906,0.5,0.5,1,1,1
0,0,1,1,0,13,0,1,2,2,18,0.2,0.2,0.2,0.2,0.2,4,1.3862943611198906,0.5,0.5,0,1,1
1,0,1,1,0,14,1,1,3,3,18,0.2,0.2,0.2,0.2,0.2,4,1.3862943611198906,0.5,0.31002551887238755,0,0,0.6666666666666666
0,1,0,0,1,19,0,1,4,4,18,0.2,0.2,0.2,0.2,0.2,4,1.3862943611198906,0.5,0.5721806069594111,1,0,0.5
1,1,0,0,1,20,0,1,5,5,18,0.2,0.2,0.2,0.2,0.2,4,1.3862943611198906,0.5,0.34162689859322204,1,0,0.4
1,0,0,0,0,2,0,1,6,6,18,0.2,0.2,0.2,0.2,0.2,4,1.3862943611198906,0.5,0.4870575332678841,1,0,0.3333333333333333
1,1,0,0,0,4,0,1,7,7,18,0.2,0.2,0.2,0.2,0.2,4,1.3862943611198906,0.5,0.2412409229265371,0,1,0.42857142857142855
0,0,1,0,1,21,0,1,8,8,18,0.2,0.2,0.2,0.2,0.2,4,1.3862943611198906,0.5,0.42015356235717954,1,0,0.375
1,1,1,1,0,16,1,1,9,9,18,0.2,0.2,0.2,0.2,0.2,4,1.3862943611198906,0.5,0.8017224342885549,0,0,0.3333333333333333
1,0,0,1,0,10,0,1,10,10,18,0.2,0.2,0.2,0.2,0.2,4,1.3862943611198906,0.5,0.5913664011745977,0,1,0.4
0,1,0,1,1,27,0,1,11,11,18,0.2,0.2,0.2,0.2,0.2,4,1.3862943611198906,0.5,0.42443531791991584,0,1,0.45454545454545453
1,0,0,0,1,18,0,1,12,12,18,0.2,0.2,0.2,0.2,0.2,4,1.3862943611198906,0.5,0.24381347471058015,0,1,0.5
0,1,1,1,1,31,0,1,13,13,18,0.2,0.2,0.2,0.2,0.2,4,1.3862943611198906,0.5,0.6337480594452674,1,0,0.46153846153846156
0,1,0,1,0,11,0,1,14,14,18,0.2,0.2,0.2,0.2,0.2,4,1.3862943611198906,0.5,0.42598929493191073,1,0,0.42857142857142855
1,1,1,0,1,24,1,1,15,15,18,0.2,0.2,0.2,0.2,0.2,4,1.3862943611198906,0.5,0.6068399079356411,1,1,0.4666666666666667
1,1,0,1,0,12,0,1,16,16,18,0.2,0.2,0.2,0.2,0.2,4,1.3862943611198906,0.5,0.5264374814018425,0,1,0.5
0,0,0,0,1,17,0,1,17,17,18,0.2,0.2,0.2,0.2,0.2,4,1.3862943611198906,0.5,0.18931468119339137,1,0,0.47058823529411764
1,1,1,0,0,8,1,1,18,18,18,0.2,0.2,0.2,0.2,0.2,4,1.3862943611198906,0.5,0.7049615290053143,1,1,0.5
1,0,1,1,1,30,1,1,19,19,18,0.2,0.2,0.2,0.2,0.2,4,1.3862943611198906,0.5,0.6955681061582492,1,1,0.5263157894736842
0,1,1,0,0,7,0,1,20,20,18,0.2,0.2,0.2,0.2,0.2,4,1.3862943611198906,0.5,0.5715550005943757,0,1,0.55
0,0,0,1,0,9,0,1,21,21,18,0.2,0.2,0.2,0.2,0.2,4,1.3862943611198906,0.5,0.29146567313633437,0,1,0.5714285714285714
1,0,1,0,1,22,1,1,22,22,18,0.2,0.2,0.2,0.2,0.2,4,1.3862943611198906,0.5,0.6455746417911196,0,0,0.5454545454545454
1,0,1,0,0,6,1,1,23,23,18,0.2,0.2,0.2,0.2,0.2,4,1.3862943611198906,0.5,0.6693394780337448,0,0,0.5217391304347826
0,0,1,0,0,5,0,1,24,24,18,0.2,0.2,0.2,0.2,0.2,4,1.3862943611198906,0.5,0.49465845183376583,0,1,0.5416666666666666
0,1,1,0,1,23,0,1,25,25,18,0.2,0.2,0.2,0.2,0.2,4,1.3862943611198906,0.5,0.4681304583766232,0,1,0.56
1,0,0,1,1,26,0,1,26,26,18,0.2,0.2,0.2,0.2,0.2,4,1.3862943611198906,0.5,0.5134848038272352,1,0,0.5384615384615384
0,1,0,0,0,3,0,1,27,27,18,0.2,0.2,0.2,0.2,0.2,4,1.3862943611198906,0.5,0.2614401720793941,0,1,0.5555555555555556
0,0,0,1,1,25,0,1,28,28,18,0.2,0.2,0.2,0.2,0.2,4,1.3862943611198906,0.5,0.27563035522775436,0,1,0.5714285714285714
0,1,1,1,0,15,0,1,29,29,18,0.2,0.2,0.2,0.2,0.2,4,1.3862943611198906,0.5,0.484157061951711,0,1,0.5862068965517241
1,1,0,1,1,28,0,1,30,30,18,0.2,0.2,0.2,0.2,0.2,4,1.3862943611198906,0.5,0.4796513654659572,0,1,0.6
0,0,0,0,0,1,0,1,31,31,18,0.2,0.2,0.2,0.2,0.2,4,1.3862943611198906,0.5,0.26494310814081,0,1,0.6129032258064516
0,0,1,1,1,29,0,1,32,32,18,0.2,0.2,0.2,0.2,0.2,4,1.3862943611198906,0.5,0.49408466521367705,1,0,0.59375
0,0,1,1,1,29,0,2,1,33,18,0.2,0.2,0.2,0.2,0.2,4,1.3862943611198906,0.5,0.4494469627522707,1,0,0.5757575757575758
0,0,1,0,0,5,0,2,2,34,18,0.2,0.2,0.2,0.2,0.2,4,1.3862943611198906,0.5,0.44980453927071923,0,1,0.5882352941176471
0,1,1,1,1,31,0,2,3,35,18,0.2,0.2,0.2,0.2,0.2,4,1.3862943611198906,0.5,0.4440096998982758,1,0,0.5714285714285714
1,1,0,1,1,28,0,2,4,36,18,0.2,0.2,0.2,0.2,0.2,4,1.3862943611198906,0.5,0.4637792619026026,1,0,0.5555555555555556
0,0,0,1,1,25,0,2,5,37,18,0.2,0.2,0.2,0.2,0.2,4,1.3862943611198906,0.5,0.24238763070658412,0,1,0.5675675675675675
1,0,1,1,1,30,1,2,6,38,18,0.2,0.2,0.2,0.2,0.2,4,1.3862943611198906,0.5,0.7105199682880802,0,0,0.5526315789473685
0,1,0,0,1,19,0,2,7,39,18,0.2,0.2,0.2,0.2,0.2,4,1.3862943611198906,0.5,0.2433257057437047,0,1,0.5641025641025641
0,0,1,0,1,21,0,2,8,40,18,0.2,0.2,0.2,0.2,0.2,4,1.3862943611198906,0.5,0.4432724836029918,0,1,0.575
1,0,0,1,0,10,0,2,9,41,18,0.2,0.2,0.2,0.2,0.2,4,1.3862943611198906,0.5,0.4853118754623184,1,0,0.5609756097560976
1,1,0,0,0,4,0,2,10,42,18,0.2,0.2,0.2,0.2,0.2,4,1.3862943611198906,0.5,0.4606678934864985,0,1,0.5714285714285714
1,0,0,0,0,2,0,2,11,43,18,0.2,0.2,0.2,0.2,0.2,4,1.3862943611198906,0.5,0.44952490482697904,0,1,0.5813953488372093
1,1,1,0,1,24,1,2,12,44,18,0.2,0.2,0.2,0.2,0.2,4,1.3862943611198906,0.5,0.7223562365666968,0,0,0.5681818181818182
0,1,1,0,0,7,0,2,13,45,18,0.2,0.2,0.2,0.2,0.2,4,1.3862943611198906,0.5,0.45392757644351683,1,0,0.5555555555555556
0,1,0,1,1,27,0,2,14,46,18,0.2,0.2,0.2,0.2,0.2,4,1.3862943611198906,0.5,0.2530666491432822,0,1,0.5652173913043478
1,1,1,1,1,32,1,2,15,47,18,0.2,0.2,0.2,0.2,0.2,4,1.3862943611198906,0.5,0.728927753688194,1,1,0.574468085106383
0,0,1,1,0,13,0,2,16,48,18,0.2,0.2,0.2,0.2,0.2,4,1.3862943611198906,0.5,0.4347643245228691,0,1,0.5833333333333334
0,1,1,0,1,23,0,2,17,49,18,0.2,0.2,0.2,0.2,0.2,4,1.3862943611198906,0.5,0.4747446517356377,1,0,0.5714285714285714
1,1,1,1,0,16,1,2,18,50,18,0.2,0.2,0.2,0.2,0.2,4,1.3862943611198906,0.5,0.7238039975609841,1,1,0.58
0,1,1,1,0,15,0,2,19,51,18,0.2,0.2,0.2,0.2,0.2,4,1.3862943611198906,0.5,0.47288745530544213,1,0,0.5686274509803921
1,1,0,0,1,20,0,2,20,52,18,0.2,0.2,0.2,0.2,0.2,4,1.3862943611198906,0.5,0.4856413632549281,1,0,0.5576923076923077
0,0,0,0,0,1,0,2,21,53,18,0.2,0.2,0.2,0.2,0.2,4,1.3862943611198906,0.5,0.22589100209258714,0,1,0.5660377358490566
1,1,0,1,0,12,0,2,22,54,18,0.2,0.2,0.2,0.2,0.2,4,1.3862943611198906,0.5,0.4886663899012165,0,1,0.5740740740740741
0,0,0,1,0,9,0,2,23,55,18,0.2,0.2,0.2,0.2,0.2,4,1.3862943611198906,0.5,0.24122444906570753,0,1,0.5818181818181818
1,0,1,0,1,22,1,2,24,56,18,0.2,0.2,0.2,0.2,0.2,4,1.3862943611198906,0.5,0.7239023017498967,1,1,0.5892857142857143
1,0,1,0,0,6,1,2,25,57,18,0.2,0.2,0.2,0.2,0.2,4,1.3862943611198906,0.5,0.6913966121132652,1,1,0.5964912280701754
1,1,1,0,0,8,1,2,26,58,18,0.2,0.2,0.2,0.2,0.2,4,1.3862943611198906,0.5,0.7064761327880056,1,1,0.603448275862069
0,1,0,0,0,3,0,2,27,59,18,0.2,0.2,0.2,0.2,0.2,4,1.3862943611198906,0.5,0.258412011825809,1,0,0.5932203389830508
1,0,0,1,1,26,0,2,28,60,18,0.2,0.2,0.2,0.2,0.2,4,1.3862943611198906,0.5,0.4720853283496721,1,0,0.5833333333333334
1,0,1,1,0,14,1,2,29,61,18,0.2,0.2,0.2,0.2,0.2,4,1.3862943611198906,0.5,0.7020564567207885,1,1,0.5901639344262295
0,0,0,0,1,17,0,2,30,62,18,0.2,0.2,0.2,0.2,0.2,4,1.3862943611198906,0.5,0.2565251794962948,1,0,0.5806451612903226
1,0,0,0,1,18,0,2,31,63,18,0.2,0.2,0.2,0.2,0.2,4,1.3862943611198906,0.5,0.46600541863331396,1,0,0.5714285714285714
0,1,0,1,0,11,0,2,32,64,18,0.2,0.2,0.2,0.2,0.2,4,1.3862943611198906,0.5,0.2548111228743325,0,1,0.578125
1,0,1,0,1,22,1,3,1,65,18,0.2,0.2,0.2,0.2,0.2,4,1.3862943611198906,0.5,0.7316083810955915,1,1,0.5846153846153846
1,0,0,0,1,18,0,3,2,66,18,0.2,0.2,0.2,0.2,0.2,4,1.3862943611198906,0.5,0.47216262926258784,1,0,0.5757575757575758
0,0,1,0,1,21,0,3,3,67,18,0.2,0.2,0.2,0.2,0.2,4,1.3862943611198906,0.5,0.4723463044874763,0,1,0.582089552238806
1,0,1,0,0,6,1,3,4,68,18,0.2,0.2,0.2,0.2,0.2,4,1.3862943611198906,0.5,0.7302090011655353,1,1,0.5882352941176471
1,1,0,1,0,12,0,3,5,69,18,0.2,0.2,0.2,0.2,0.2,4,1.3862943611198906,0.5,0.43937127527333114,0,1,0.5942028985507246
0,1,0,0,1,19,0,3,6,70,18,0.2,0.2,0.2,0.2,0.2,4,1.3862943611198906,0.5,0.24232646489819962,0,1,0.6
0,0,0,0,0,1,0,3,7,71,18,0.2,0.2,0.2,0.2,0.2,4,1.3862943611198906,0.5,0.26400653336850083,1,0,0.5915492957746479
1,1,1,1,0,16,1,3,8,72,18,0.2,0.2,0.2,0.2,0.2,4,1.3862943611198906,0.5,0.7198256564446509,1,1,0.5972222222222222
1,0,0,0,0,2,0,3,9,73,18,0.2,0.2,0.2,0.2,0.2,4,1.3862943611198906,0.5,0.4611477460937942,0,1,0.6027397260273972
1,0,0,1,1,26,0,3,10,74,18,0.2,0.2,0.2,0.2,0.2,4,1.3862943611198906,0.5,0.4422744769437242,1,0,0.5945945945945946
0,1,0,0,0,3,0,3,11,75,18,0.2,0.2,0.2,0.2,0.2,4,1.3862943611198906,0.5,0.2430581036381612,0,1,0.6
1,0,1,1,1,30,1,3,12,76,18,0.2,0.2,0.2,0.2,0.2,4,1.3862943611198906,0.5,0.7230882777199122,0,0,0.5921052631578947
0,1,0,1,0,11,0,3,13,77,18,0.2,0.2,0.2,0.2,0.2,4,1.3862943611198906,0.5,0.2461926534811488,1,0,0.5844155844155844
1,1,1,0,0,8,1,3,14,78,18,0.2,0.2,0.2,0.2,0.2,4,1.3862943611198906,0.5,0.7267500019588291,1,1,0.5897435897435898
0,1,1,1,1,31,0,3,15,79,18,0.2,0.2,0.2,0.2,0.2,4,1.3862943611198906,0.5,0.4527056106281539,0,1,0.5949367088607594
1,1,0,0,1,20,0,3,16,80,18,0.2,0.2,0.2,0.2,0.2,4,1.3862943611198906,0.5,0.43734465340069506,0,1,0.6
1,0,0,1,0,10,0,3,17,81,18,0.2,0.2,0.2,0.2,0.2,4,1.3862943611198906,0.5,0.4456663432567288,1,0,0.5925925925925926
0,1,1,0,1,23,0,3,18,82,18,0.2,0.2,0.2,0.2,0.2,4,1.3862943611198906,0.5,0.4437678215148252,0,1,0.5975609756097561
1,1,0,0,0,4,0,3,19,83,18,0.2,0.2,0.2,0.2,0.2,4,1.3862943611198906,0.5,0.4515971446325913,0,1,0.6024096385542169
0,0,1,1,0,13,0,3,20,84,18,0.2,0.2,0.2,0.2,0.2,4,1.3862943611198906,0.5,0.47152129348049,0,1,0.6071428571428571
0,0,1,0,0,5,0,3,21,85,18,0.2,0.2,0.2,0.2,0.2,4,1.3862943611198906,0.5,0.4715880027000635,1,0,0.6
0,0,1,1,1,29,0,3,22,86,18,0.2,0.2,0.2,0.2,0.2,4,1.3862943611198906,0.5,0.4652563090302255,1,0,0.5930232558139535
0,1,1,0,0,7,0,3,23,87,18,0.2,0.2,0.2,0.2,0.2,4,1.3862943611198906,0.5,0.4644628615205848,0,1,0.5977011494252874
0,0,0,1,1,25,0,3,24,88,18,0.2,0.2,0.2,0.2,0.2,4,1.3862943611198906,0.5,0.25745926304445527,1,0,0.5909090909090909
0,0,0,1,0,9,0,3,25,89,18,0.2,0.2,0.2,0.2,0.2,4,1.3862943611198906,0.5,0.24404478243900277,0,1,0.5955056179775281
0,1,1,1,0,15,0,3,26,90,18,0.2,0.2,0.2,0.2,0.2,4,1.3862943611198906,0.5,0.45949772912966463,0,1,0.6
1,0,1,1,0,14,1,3,27,91,18,0.2,0.2,0.2,0.2,0.2,4,1.3862943611198906,0.5,0.7228116528304315,0,0,0.5934065934065934
0,0,0,0,1,17,0,3,28,92,18,0.2,0.2,0.2,0.2,0.2,4,1.3862943611198906,0.5,0.2507549607926827,0,1,0.5978260869565217
1,1,0,1,1,28,0,3,29,93,18,0.2,0.2,0.2,0.2,0.2,4,1.3862943611198906,0.5,0.4462540182298194,0,1,0.6021505376344086
1,1,1,0,1,24,1,3,30,94,18,0.2,0.2,0.2,0.2,0.2,4,1.3862943611198906,0.5,0.7134289896003828,1,1,0.6063829787234043
1,1,1,1,1,32,1,3,31,95,18,0.2,0.2,0.2,0.2,0.2,4,1.3862943611198906,0.5,0.7182303020255089,1,1,0.6105263157894737
0,1,0,1,1,27,0,3,32,96,18,0.2,0.2,0.2,0.2,0.2,4,1.3862943611198906,0.5,0.25027913074575786,1,0,0.6041666666666666
1,0,0,0,1,18,0,1,1,1,19,0.2,0.2,0.2,0.2,0.2,4,1.3862943611198906,0.5,0.5,1,0,0
0,0,0,1,0,9,0,1,2,2,19,0.2,0.2,0.2,0.2,0.2,4,1.3862943611198906,0.5,0.5,1,0,0
1,0,1,0,0,6,1,1,3,3,19,0.2,0.2,0.2,0.2,0.2,4,1.3862943611198906,0.5,0.5,0,0,0
0,0,1,1,0,13,0,1,4,4,19,0.2,0.2,0.2,0.2,0.2,4,1.3862943611198906,0.5,0.4517285730568293,0,1,0.25
1,0,0,1,1,26,0,1,5,5,19,0.2,0.2,0.2,0.2,0.2,4,1.3862943611198906,0.5,0.2683705608305605,0,1,0.4
1,0,0,0,0,2,0,1,6,6,19,0.2,0.2,0.2,0.2,0.2,4,1.3862943611198906,0.5,0.6556781084828277,1,0,0.3333333333333333
0,1,0,1,1,27,0,1,7,7,19,0.2,0.2,0.2,0.2,0.2,4,1.3862943611198906,0.5,0.12762278042328604,0,1,0.42857142857142855
0,0,1,1,1,29,0,1,8,8,19,0.2,0.2,0.2,0.2,0.2,4,1.3862943611198906,0.5,0.3144821519470498,1,0,0.375
0,0,0,0,0,1,0,1,9,9,19,0.2,0.2,0.2,0.2,0.2,4,1.3862943611198906,0.5,0.4730027354129151,0,1,0.4444444444444444
1,0,1,1,1,30,1,1,10,10,19,0.2,0.2,0.2,0.2,0.2,4,1.3862943611198906,0.5,0.4999698372155952,1,1,0.5
1,1,1,1,1,32,1,1,11,11,19,0.2,0.2,0.2,0.2,0.2,4,1.3862943611198906,0.5,0.7089199472829357,1,1,0.5454545454545454
0,0,0,0,1,17,0,1,12,12,19,0.2,0.2,0.2,0.2,0.2,4,1.3862943611198906,0.5,0.22865297551143368,0,1,0.5833333333333334
1,1,1,1,0,16,1,1,13,13,19,0.2,0.2,0.2,0.2,0.2,4,1.3862943611198906,0.5,0.7721277706274949,1,1,0.6153846153846154
0,1,1,0,0,7,0,1,14,14,19,0.2,0.2,0.2,0.2,0.2,4,1.3862943611198906,0.5,0.5678754717407748,0,1,0.6428571428571429
0,1,0,1,0,11,0,1,15,15,19,0.2,0.2,0.2,0.2,0.2,4,1.3862943611198906,0.5,0.32896203627063586,0,1,0.6666666666666666
0,1,1,1,0,15,0,1,16,16,19,0.2,0.2,0.2,0.2,0.2,4,1.3862943611198906,0.5,0.5117124571022613,1,0,0.625
1,1,0,1,1,28,0,1,17,17,19,0.2,0.2,0.2,0.2,0.2,4,1.3862943611198906,0.5,0.588084298352287,1,0,0.5882352941176471
0,1,0,0,1,19,0,1,18,18,19,0.2,0.2,0.2,0.2,0.2,4,1.3862943611198906,0.5,0.22368953819103796,0,1,0.6111111111111112
1,1,1,0,0,8,1,1,19,19,19,0.2,0.2,0.2,0.2,0.2,4,1.3862943611198906,0.5,0.7225219875756536,1,1,0.631578947368421
0,0,1,0,1,21,0,1,20,20,19,0.2,0.2,0.2,0.2,0.2,4,1.3862943611198906,0.5,0.41772228770376096,0,1,0.65
1,0,1,1,0,14,1,1,21,21,19,0.2,0.2,0.2,0.2,0.2,4,1.3862943611198906,0.5,0.7142057844529944,1,1,0.6666666666666666
1,1,0,0,0,4,0,1,22,22,19,0.2,0.2,0.2,0.2,0.2,4,1.3862943611198906,0.5,0.5483598543836206,1,0,0.6363636363636364
0,0,1,0,0,5,0,1,23,23,19,0.2,0.2,0.2,0.2,0.2,4,1.3862943611198906,0.5,0.46724881808145263,0,1,0.6521739130434783
1,1,1,0,1,24,1,1,24,24,19,0.2,0.2,0.2,0.2,0.2,4,1.3862943611198906,0.5,0.6946053850462053,0,0,0.625
1,1,0,1,0,12,0,1,25,25,19,0.2,0.2,0.2,0.2,0.2,4,1.3862943611198906,0.5,0.5219822232105075,0,1,0.64
0,1,1,0,1,23,0,1,26,26,19,0.2,0.2,0.2,0.2,0.2,4,1.3862943611198906,0.5,0.49452085370494026,0,1,0.6538461538461539
1,1,0,0,1,20,0,1,27,27,19,0.2,0.2,0.2,0.2,0.2,4,1.3862943611198906,0.5,0.4711240675720663,1,0,0.6296296296296297
0,1,1,1,1,31,0,1,28,28,19,0.2,0.2,0.2,0.2,0.2,4,1.3862943611198906,0.5,0.4969756362821338,0,1,0.6428571428571429
1,0,0,1,0,10,0,1,29,29,19,0.2,0.2,0.2,0.2,0.2,4,1.3862943611198906,0.5,0.5064289273126688,1,0,0.6206896551724138
0,1,0,0,0,3,0,1,30,30,19,0.2,0.2,0.2,0.2,0.2,4,1.3862943611198906,0.5,0.27777602393904915,1,0,0.6
0,0,0,1,1,25,0,1,31,31,19,0.2,0.2,0.2,0.2,0.2,4,1.3862943611198906,0.5,0.2647742761154521,0,1,0.6129032258064516
1,0,1,0,1,22,1,1,32,32,19,0.2,0.2,0.2,0.2,0.2,4,1.3862943611198906,0.5,0.6765866277759096,1,1,0.625
0,1,1,1,1,31,0,2,1,33,19,0.2,0.2,0.2,0.2,0.2,4,1.3862943611198906,0.5,0.4494469627522707,0,1,0.6363636363636364
0,1,1,0,0,7,0,2,2,34,19,0.2,0.2,0.2,0.2,0.2,4,1.3862943611198906,0.5,0.44980453927071923,0,1,0.6470588235294118
1,0,1,0,0,6,1,2,3,35,19,0.2,0.2,0.2,0.2,0.2,4,1.3862943611198906,0.5,0.733591061752046,1,1,0.6571428571428571
1,1,0,1,1,28,0,2,4,36,19,0.2,0.2,0.2,0.2,0.2,4,1.3862943611198906,0.5,0.4357508830750008,1,0,0.6388888888888888
0,1,0,1,1,27,0,2,5,37,19,0.2,0.2,0.2,0.2,0.2,4,1.3862943611198906,0.5,0.21905694294802586,0,1,0.6486486486486487
0,0,0,0,0,1,0,2,6,38,19,0.2,0.2,0.2,0.2,0.2,4,1.3862943611198906,0.5,0.292172525840081,0,1,0.6578947368421053
0,0,1,0,1,21,0,2,7,39,19,0.2,0.2,0.2,0.2,0.2,4,1.3862943611198906,0.5,0.46739168729427505,1,0,0.6410256410256411
1,0,0,0,1,18,0,2,8,40,19,0.2,0.2,0.2,0.2,0.2,4,1.3862943611198906,0.5,0.4740822803191277,1,0,0.625
0,0,0,1,0,9,0,2,9,41,19,0.2,0.2,0.2,0.2,0.2,4,1.3862943611198906,0.5,0.26083639380193874,0,1,0.6341463414634146
0,1,0,0,0,3,0,2,10,42,19,0.2,0.2,0.2,0.2,0.2,4,1.3862943611198906,0.5,0.2519683020396528,0,1,0.6428571428571429
1,1,0,0,0,4,0,2,11,43,19,0.2,0.2,0.2,0.2,0.2,4,1.3862943611198906,0.5,0.46786085734741795,0,1,0.6511627906976745
1,0,1,1,1,30,1,2,12,44,19,0.2,0.2,0.2,0.2,0.2,4,1.3862943611198906,0.5,0.732431339859045,1,1,0.6590909090909091
1,1,1,1,0,16,1,2,13,45,19,0.2,0.2,0.2,0.2,0.2,4,1.3862943611198906,0.5,0.7202973409844384,1,1,0.6666666666666666
1,0,0,1,0,10,0,2,14,46,19,0.2,0.2,0.2,0.2,0.2,4,1.3862943611198906,0.5,0.48079564300839167,1,0,0.6521739130434783
0,0,0,0,1,17,0,2,15,47,19,0.2,0.2,0.2,0.2,0.2,4,1.3862943611198906,0.5,0.24040544530731894,1,0,0.6382978723404256
0,0,1,0,0,5,0,2,16,48,19,0.2,0.2,0.2,0.2,0.2,4,1.3862943611198906,0.5,0.46911139222566106,0,1,0.6458333333333334
1,0,1,1,0,14,1,2,17,49,19,0.2,0.2,0.2,0.2,0.2,4,1.3862943611198906,0.5,0.7486256272510937,1,1,0.6530612244897959
1,1,0,0,1,20,0,2,18,50,19,0.2,0.2,0.2,0.2,0.2,4,1.3862943611198906,0.5,0.4081321144812747,1,0,0.64
0,0,0,1,1,25,0,2,19,51,19,0.2,0.2,0.2,0.2,0.2,4,1.3862943611198906,0.5,0.26480427549406327,0,1,0.6470588235294118
0,1,0,1,0,11,0,2,20,52,19,0.2,0.2,0.2,0.2,0.2,4,1.3862943611198906,0.5,0.2653919935101497,0,1,0.6538461538461539
1,1,1,0,1,24,1,2,21,53,19,0.2,0.2,0.2,0.2,0.2,4,1.3862943611198906,0.5,0.6917877403285169,1,1,0.660377358490566
1,1,0,1,0,12,0,2,22,54,19,0.2,0.2,0.2,0.2,0.2,4,1.3862943611198906,0.5,0.4627476645043281,1,0,0.6481481481481481
0,0,1,1,0,13,0,2,23,55,19,0.2,0.2,0.2,0.2,0.2,4,1.3862943611198906,0.5,0.4976874338853965,1,0,0.6363636363636364
1,0,0,1,1,26,0,2,24,56,19,0.2,0.2,0.2,0.2,0.2,4,1.3862943611198906,0.5,0.466146777378424,0,1,0.6428571428571429
0,1,1,1,0,15,0,2,25,57,19,0.2,0.2,0.2,0.2,0.2,4,1.3862943611198906,0.5,0.4708116246506954,0,1,0.6491228070175439
0,0,1,1,1,29,0,2,26,58,19,0.2,0.2,0.2,0.2,0.2,4,1.3862943611198906,0.5,0.4707033947595563,0,1,0.6551724137931034
1,1,1,0,0,8,1,2,27,59,19,0.2,0.2,0.2,0.2,0.2,4,1.3862943611198906,0.5,0.7232170504553748,1,1,0.6610169491525424
1,0,1,0,1,22,1,2,28,60,19,0.2,0.2,0.2,0.2,0.2,4,1.3862943611198906,0.5,0.7167829183623515,0,0,0.65
0,1,0,0,1,19,0,2,29,61,19,0.2,0.2,0.2,0.2,0.2,4,1.3862943611198906,0.5,0.25422003274919186,0,1,0.6557377049180327
0,1,1,0,1,23,0,2,30,62,19,0.2,0.2,0.2,0.2,0.2,4,1.3862943611198906,0.5,0.4629901145799652,1,0,0.6451612903225806
1,0,0,0,0,2,0,2,31,63,19,0.2,0.2,0.2,0.2,0.2,4,1.3862943611198906,0.5,0.4825902174314434,1,0,0.6349206349206349
1,1,1,1,1,32,1,2,32,64,19,0.2,0.2,0.2,0.2,0.2,4,1.3862943611198906,0.5,0.7084622718372842,0,0,0.625
1,1,0,1,1,28,0,3,1,65,19,0.2,0.2,0.2,0.2,0.2,4,1.3862943611198906,0.5,0.4494469627522707,1,0,0.6153846153846154
0,0,0,1,1,25,0,3,2,66,19,0.2,0.2,0.2,0.2,0.2,4,1.3862943611198906,0.5,0.24246189803271775,0,1,0.6212121212121212
0,1,0,0,0,3,0,3,3,67,19,0.2,0.2,0.2,0.2,0.2,4,1.3862943611198906,0.5,0.24651513362204563,0,1,0.6268656716417911
0,0,0,0,0,1,0,3,4,68,19,0.2,0.2,0.2,0.2,0.2,4,1.3862943611198906,0.5,0.2423120773915795,1,0,0.6176470588235294
1,0,1,0,0,6,1,3,5,69,19,0.2,0.2,0.2,0.2,0.2,4,1.3862943611198906,0.5,0.7366271089637062,1,1,0.6231884057971014
1,0,0,0,0,2,0,3,6,70,19,0.2,0.2,0.2,0.2,0.2,4,1.3862943611198906,0.5,0.4722809327568054,0,1,0.6285714285714286
1,0,0,1,0,10,0,3,7,71,19,0.2,0.2,0.2,0.2,0.2,4,1.3862943611198906,0.5,0.44987912903215843,1,0,0.6197183098591549
1,1,1,1,1,32,1,3,8,72,19,0.2,0.2,0.2,0.2,0.2,4,1.3862943611198906,0.5,0.7253708605181517,0,0,0.6111111111111112
1,1,0,0,0,4,0,3,9,73,19,0.2,0.2,0.2,0.2,0.2,4,1.3862943611198906,0.5,0.4392390653033136,1,0,0.6027397260273972
0,1,1,1,0,15,0,3,10,74,19,0.2,0.2,0.2,0.2,0.2,4,1.3862943611198906,0.5,0.46259452314621957,1,0,0.5945945945945946
0,1,1,0,1,23,0,3,11,75,19,0.2,0.2,0.2,0.2,0.2,4,1.3862943611198906,0.5,0.4640975864941818,1,0,0.5866666666666667
0,0,1,0,0,5,0,3,12,76,19,0.2,0.2,0.2,0.2,0.2,4,1.3862943611198906,0.5,0.4682400475075434,1,0,0.5789473684210527
1,0,1,0,1,22,1,3,13,77,19,0.2,0.2,0.2,0.2,0.2,4,1.3862943611198906,0.5,0.7347112799522667,1,1,0.5844155844155844
0,0,1,1,0,13,0,3,14,78,19,0.2,0.2,0.2,0.2,0.2,4,1.3862943611198906,0.5,0.4442418070690225,0,1,0.5897435897435898
1,1,1,1,0,16,1,3,15,79,19,0.2,0.2,0.2,0.2,0.2,4,1.3862943611198906,0.5,0.7162667945059553,0,0,0.5822784810126582
1,1,1,0,0,8,1,3,16,80,19,0.2,0.2,0.2,0.2,0.2,4,1.3862943611198906,0.5,0.7185372770236019,1,1,0.5875
0,0,1,0,1,21,0,3,17,81,19,0.2,0.2,0.2,0.2,0.2,4,1.3862943611198906,0.5,0.45898372027984924,0,1,0.5925925925925926
1,1,0,1,0,12,0,3,18,82,19,0.2,0.2,0.2,0.2,0.2,4,1.3862943611198906,0.5,0.4619784961349259,0,1,0.5975609756097561
1,0,1,1,1,30,1,3,19,83,19,0.2,0.2,0.2,0.2,0.2,4,1.3862943611198906,0.5,0.7245096548861589,1,1,0.6024096385542169
0,1,1,0,0,7,0,3,20,84,19,0.2,0.2,0.2,0.2,0.2,4,1.3862943611198906,0.5,0.44910323722539514,1,0,0.5952380952380952
0,0,0,0,1,17,0,3,21,85,19,0.2,0.2,0.2,0.2,0.2,4,1.3862943611198906,0.5,0.2529748271059543,0,1,0.6
0,1,1,1,1,31,0,3,22,86,19,0.2,0.2,0.2,0.2,0.2,4,1.3862943611198906,0.5,0.46681448015325105,0,1,0.6046511627906976
0,1,0,1,1,27,0,3,23,87,19,0.2,0.2,0.2,0.2,0.2,4,1.3862943611198906,0.5,0.2551398139991625,0,1,0.6091954022988506
0,0,0,1,0,9,0,3,24,88,19,0.2,0.2,0.2,0.2,0.2,4,1.3862943611198906,0.5,0.2391194837273587,0,1,0.6136363636363636
0,1,0,0,1,19,0,3,25,89,19,0.2,0.2,0.2,0.2,0.2,4,1.3862943611198906,0.5,0.24141962269963982,1,0,0.6067415730337079
1,1,1,0,1,24,1,3,26,90,19,0.2,0.2,0.2,0.2,0.2,4,1.3862943611198906,0.5,0.7274178550455904,1,1,0.6111111111111112
1,1,0,0,1,20,0,3,27,91,19,0.2,0.2,0.2,0.2,0.2,4,1.3862943611198906,0.5,0.4709075500130898,1,0,0.6043956043956044
1,0,1,1,0,14,1,3,28,92,19,0.2,0.2,0.2,0.2,0.2,4,1.3862943611198906,0.5,0.7175262489571899,1,1,0.6086956521739131
0,0,1,1,1,29,0,3,29,93,19,0.2,0.2,0.2,0.2,0.2,4,1.3862943611198906,0.5,0.45912805818054486,1,0,0.6021505376344086
0,1,0,1,0,11,0,3,30,94,19,0.2,0.2,0.2,0.2,0.2,4,1.3862943611198906,0.5,0.24645323123355345,0,1,0.6063829787234043
1,0,0,1,1,26,0,3,31,95,19,0.2,0.2,0.2,0.2,0.2,4,1.3862943611198906,0.5,0.4675367084685542,0,1,0.6105263157894737
1,0,0,0,1,18,0,3,32,96,19,0.2,0.2,0.2,0.2,0.2,4,1.3862943611198906,0.5,0.46299724534126363,0,1,0.6145833333333334
0,1,1,1,1,31,0,1,1,1,20,0.2,0.2,0.2,0.2,0.2,4,1.3862943611198906,0.5,0.5,1,0,0
1,1,1,0,1,24,1,1,2,2,20,0.2,0.2,0.2,0.2,0.2,4,1.3862943611198906,0.5,0.5,1,1,0.5
0,1,0,1,1,27,0,1,3,3,20,0.2,0.2,0.2,0.2,0.2,4,1.3862943611198906,0.5,0.1679816148660755,0,1,0.6666666666666666
1,0,0,0,1,18,0,1,4,4,20,0.2,0.2,0.2,0.2,0.2,4,1.3862943611198906,0.5,0.7543681265491109,0,1,0.75
0,1,0,0,1,19,0,1,5,5,20,0.2,0.2,0.2,0.2,0.2,4,1.3862943611198906,0.5,0.41519382834994445,0,1,0.8
1,0,0,0,0,2,0,1,6,6,20,0.2,0.2,0.2,0.2,0.2,4,1.3862943611198906,0.5,0.3772069705646745,1,0,0.6666666666666666
1,1,0,0,1,20,0,1,7,7,20,0.2,0.2,0.2,0.2,0.2,4,1.3862943611198906,0.5,0.6172417003292359,1,0,0.5714285714285714
1,0,0,1,1,26,0,1,8,8,20,0.2,0.2,0.2,0.2,0.2,4,1.3862943611198906,0.5,0.3056599790393855,0,1,0.625
0,1,1,0,1,23,0,1,9,9,20,0.2,0.2,0.2,0.2,0.2,4,1.3862943611198906,0.5,0.6808020392752421,1,0,0.5555555555555556
0,0,1,1,0,13,0,1,10,10,20,0.2,0.2,0.2,0.2,0.2,4,1.3862943611198906,0.5,0.3291568120038258,0,1,0.6
1,0,1,1,0,14,1,1,11,11,20,0.2,0.2,0.2,0.2,0.2,4,1.3862943611198906,0.5,0.4099481163465622,1,1,0.6363636363636364
0,0,1,1,1,29,0,1,12,12,20,0.2,0.2,0.2,0.2,0.2,4,1.3862943611198906,0.5,0.4269565460961662,1,0,0.5833333333333334
1,0,1,1,1,30,1,1,13,13,20,0.2,0.2,0.2,0.2,0.2,4,1.3862943611198906,0.5,0.6305303523534188,1,1,0.6153846153846154
0,1,1,1,0,15,0,1,14,14,20,0.2,0.2,0.2,0.2,0.2,4,1.3862943611198906,0.5,0.4240249403060069,1,0,0.5714285714285714
0,0,1,0,0,5,0,1,15,15,20,0.2,0.2,0.2,0.2,0.2,4,1.3862943611198906,0.5,0.4597954360965098,1,0,0.5333333333333333
1,0,1,0,0,6,1,1,16,16,20,0.2,0.2,0.2,0.2,0.2,4,1.3862943611198906,0.5,0.6477314220510763,0,0,0.5
0,1,0,1,0,11,0,1,17,17,20,0.2,0.2,0.2,0.2,0.2,4,1.3862943611198906,0.5,0.23420554592608755,0,1,0.5294117647058824
1,1,0,1,0,12,0,1,18,18,20,0.2,0.2,0.2,0.2,0.2,4,1.3862943611198906,0.5,0.4421307539023153,1,0,0.5
1,1,1,0,0,8,1,1,19,19,20,0.2,0.2,0.2,0.2,0.2,4,1.3862943611198906,0.5,0.6999592357197019,1,1,0.5263157894736842
0,0,1,0,1,21,0,1,20,20,20,0.2,0.2,0.2,0.2,0.2,4,1.3862943611198906,0.5,0.4523531403213499,0,1,0.55
1,0,0,1,0,10,0,1,21,21,20,0.2,0.2,0.2,0.2,0.2,4,1.3862943611198906,0.5,0.5368922203927506,0,1,0.5714285714285714
1,0,1,0,1,22,1,1,22,22,20,0.2,0.2,0.2,0.2,0.2,4,1.3862943611198906,0.5,0.6820239298946329,1,1,0.5909090909090909
1,1,0,1,1,28,0,1,23,23,20,0.2,0.2,0.2,0.2,0.2,4,1.3862943611198906,0.5,0.3689098986676127,0,1,0.6086956521739131
0,0,0,1,0,9,0,1,24,24,20,0.2,0.2,0.2,0.2,0.2,4,1.3862943611198906,0.5,0.2934365398791061,0,1,0.625
0,0,0,0,1,17,0,1,25,25,20,0.2,0.2,0.2,0.2,0.2,4,1.3862943611198906,0.5,0.3226960585092589,0,1,0.64
1,1,1,1,0,16,1,1,26,26,20,0.2,0.2,0.2,0.2,0.2,4,1.3862943611198906,0.5,0.6454569237034421,1,1,0.6538461538461539
0,0,0,0,0,1,0,1,27,27,20,0.2,0.2,0.2,0.2,0.2,4,1.3862943611198906,0.5,0.3028942985817108,0,1,0.6666666666666666
0,1,0,0,0,3,0,1,28,28,20,0.2,0.2,0.2,0.2,0.2,4,1.3862943611198906,0.5,0.30193617537246226,1,0,0.6428571428571429
1,1,1,1,1,32,1,1,29,29,20,0.2,0.2,0.2,0.2,0.2,4,1.3862943611198906,0.5,0.6658143792789236,0,0,0.6206896551724138
1,1,0,0,0,4,0,1,30,30,20,0.2,0.2,0.2,0.2,0.2,4,1.3862943611198906,0.5,0.4868819901910453,1,0,0.6
0,0,0,1,1,25,0,1,31,31,20,0.2,0.2,0.2,0.2,0.2,4,1.3862943611198906,0.5,0.26288465538275346,0,1,0.6129032258064516
0,1,1,0,0,7,0,1,32,32,20,0.2,0.2,0.2,0.2,0.2,4,1.3862943611198906,0.5,0.49408466521367705,0,1,0.625
0,0,1,1,1,29,0,2,1,33,20,0.2,0.2,0.2,0.2,0.2,4,1.3862943611198906,0.5,0.4494469627522707,1,0,0.6060606060606061
0,1,0,0,1,19,0,2,2,34,20,0.2,0.2,0.2,0.2,0.2,4,1.3862943611198906,0.5,0.24651513362204563,0,1,0.6176470588235294
0,1,0,0,0,3,0,2,3,35,20,0.2,0.2,0.2,0.2,0.2,4,1.3862943611198906,0.5,0.24160944560442488,0,1,0.6285714285714286
1,1,0,1,0,12,0,2,4,36,20,0.2,0.2,0.2,0.2,0.2,4,1.3862943611198906,0.5,0.4627358512660407,0,1,0.6388888888888888
0,1,1,0,1,23,0,2,5,37,20,0.2,0.2,0.2,0.2,0.2,4,1.3862943611198906,0.5,0.44709435041658613,0,1,0.6486486486486487
1,1,1,1,1,32,1,2,6,38,20,0.2,0.2,0.2,0.2,0.2,4,1.3862943611198906,0.5,0.7297147654580808,1,1,0.6578947368421053
1,0,1,1,1,30,1,2,7,39,20,0.2,0.2,0.2,0.2,0.2,4,1.3862943611198906,0.5,0.7358879410595952,1,1,0.6666666666666666
1,1,0,1,1,28,0,2,8,40,20,0.2,0.2,0.2,0.2,0.2,4,1.3862943611198906,0.5,0.495985203812558,1,0,0.65
1,1,0,0,1,20,0,2,9,41,20,0.2,0.2,0.2,0.2,0.2,4,1.3862943611198906,0.5,0.43117188246918,1,0,0.6341463414634146
0,0,1,1,0,13,0,2,10,42,20,0.2,0.2,0.2,0.2,0.2,4,1.3862943611198906,0.5,0.4681428701804648,0,1,0.6428571428571429
1,0,0,0,0,2,0,2,11,43,20,0.2,0.2,0.2,0.2,0.2,4,1.3862943611198906,0.5,0.4449105269120018,1,0,0.627906976744186
0,0,0,0,0,1,0,2,12,44,20,0.2,0.2,0.2,0.2,0.2,4,1.3862943611198906,0.5,0.2289792600336308,0,1,0.6363636363636364
1,1,0,0,0,4,0,2,13,45,20,0.2,0.2,0.2,0.2,0.2,4,1.3862943611198906,0.5,0.4021212636458296,0,1,0.6444444444444445
1,1,1,0,0,8,1,2,14,46,20,0.2,0.2,0.2,0.2,0.2,4,1.3862943611198906,0.5,0.6914034125284553,0,0,0.6304347826086957
1,0,0,1,1,26,0,2,15,47,20,0.2,0.2,0.2,0.2,0.2,4,1.3862943611198906,0.5,0.49345027103577443,0,1,0.6382978723404256
0,1,0,1,1,27,0,2,16,48,20,0.2,0.2,0.2,0.2,0.2,4,1.3862943611198906,0.5,0.27442776588523776,0,1,0.6458333333333334
0,1,1,1,1,31,0,2,17,49,20,0.2,0.2,0.2,0.2,0.2,4,1.3862943611198906,0.5,0.4880845268996737,0,1,0.6530612244897959
1,0,1,1,0,14,1,2,18,50,20,0.2,0.2,0.2,0.2,0.2,4,1.3862943611198906,0.5,0.7232637125749638,1,1,0.66
0,0,1,0,1,21,0,2,19,51,20,0.2,0.2,0.2,0.2,0.2,4,1.3862943611198906,0.5,0.44459807512617694,0,1,0.6666666666666666
0,0,0,1,0,9,0,2,20,52,20,0.2,0.2,0.2,0.2,0.2,4,1.3862943611198906,0.5,0.276104127659586,0,1,0.6730769230769231
1,0,1,0,1,22,1,2,21,53,20,0.2,0.2,0.2,0.2,0.2,4,1.3862943611198906,0.5,0.7123937775635624,0,0,0.660377358490566
0,0,0,1,1,25,0,2,22,54,20,0.2,0.2,0.2,0.2,0.2,4,1.3862943611198906,0.5,0.2684270765442465,1,0,0.6481481481481481
1,0,0,0,1,18,0,2,23,55,20,0.2,0.2,0.2,0.2,0.2,4,1.3862943611198906,0.5,0.46807592233916034,0,1,0.6545454545454545
0,1,1,1,0,15,0,2,24,56,20,0.2,0.2,0.2,0.2,0.2,4,1.3862943611198906,0.5,0.4650953973200412,0,1,0.6607142857142857
1,0,0,1,0,10,0,2,25,57,20,0.2,0.2,0.2,0.2,0.2,4,1.3862943611198906,0.5,0.4675822638288617,1,0,0.6491228070175439
0,0,1,0,0,5,0,2,26,58,20,0.2,0.2,0.2,0.2,0.2,4,1.3862943611198906,0.5,0.4615517160578934,0,1,0.6551724137931034
0,1,1,0,0,7,0,2,27,59,20,0.2,0.2,0.2,0.2,0.2,4,1.3862943611198906,0.5,0.4569988836960871,0,1,0.6610169491525424
0,0,0,0,1,17,0,2,28,60,20,0.2,0.2,0.2,0.2,0.2,4,1.3862943611198906,0.5,0.258136195214231,0,1,0.6666666666666666
1,1,1,0,1,24,1,2,29,61,20,0.2,0.2,0.2,0.2,0.2,4,1.3862943611198906,0.5,0.7177648708256454,1,1,0.6721311475409836
0,1,0,1,0,11,0,2,30,62,20,0.2,0.2,0.2,0.2,0.2,4,1.3862943611198906,0.5,0.2387624488169294,0,1,0.6774193548387096
1,1,1,1,0,16,1,2,31,63,20,0.2,0.2,0.2,0.2,0.2,4,1.3862943611198906,0.5,0.7143155607625784,1,1,0.6825396825396826
1,0,1,0,0,6,1,2,32,64,20,0.2,0.2,0.2,0.2,0.2,4,1.3862943611198906,0.5,0.7084622718372842,0,0,0.671875
1,0,1,0,1,22,1,3,1,65,20,0.2,0.2,0.2,0.2,0.2,4,1.3862943611198906,0.5,0.7316083810955915,1,1,0.676923076923077
1,1,1,1,1,32,1,3,2,66,20,0.2,0.2,0.2,0.2,0.2,4,1.3862943611198906,0.5,0.7260740936282122,1,1,0.6818181818181818
1,0,0,0,1,18,0,3,3,67,20,0.2,0.2,0.2,0.2,0.2,4,1.3862943611198906,0.5,0.4649226907028129,1,0,0.6716417910447762
0,1,0,0,0,3,0,3,4,68,20,0.2,0.2,0.2,0.2,0.2,4,1.3862943611198906,0.5,0.23445860549188866,1,0,0.6617647058823529
0,0,0,1,1,25,0,3,5,69,20,0.2,0.2,0.2,0.2,0.2,4,1.3862943611198906,0.5,0.2484630032746613,1,0,0.6521739130434783
0,1,0,1,0,11,0,3,6,70,20,0.2,0.2,0.2,0.2,0.2,4,1.3862943611198906,0.5,0.23634055339728197,0,1,0.6571428571428571
0,0,0,0,1,17,0,3,7,71,20,0.2,0.2,0.2,0.2,0.2,4,1.3862943611198906,0.5,0.2500767699484296,0,1,0.6619718309859155
1,0,0,0,0,2,0,3,8,72,20,0.2,0.2,0.2,0.2,0.2,4,1.3862943611198906,0.5,0.4416271131813026,1,0,0.6527777777777778
0,0,1,1,1,29,0,3,9,73,20,0.2,0.2,0.2,0.2,0.2,4,1.3862943611198906,0.5,0.46200637385681403,1,0,0.6438356164383562
0,0,0,0,0,1,0,3,10,74,20,0.2,0.2,0.2,0.2,0.2,4,1.3862943611198906,0.5,0.2311123335815426,0,1,0.6486486486486487
0,0,0,1,0,9,0,3,11,75,20,0.2,0.2,0.2,0.2,0.2,4,1.3862943611198906,0.5,0.2280205226383689,0,1,0.6533333333333333
0,1,0,0,1,19,0,3,12,76,20,0.2,0.2,0.2,0.2,0.2,4,1.3862943611198906,0.5,0.24809949653198612,1,0,0.6447368421052632
0,0,1,0,0,5,0,3,13,77,20,0.2,0.2,0.2,0.2,0.2,4,1.3862943611198906,0.5,0.44695304457821383,0,1,0.6493506493506493
0,1,1,1,0,15,0,3,14,78,20,0.2,0.2,0.2,0.2,0.2,4,1.3862943611198906,0.5,0.4552379151337579,1,0,0.6410256410256411
1,0,1,0,0,6,1,3,15,79,20,0.2,0.2,0.2,0.2,0.2,4,1.3862943611198906,0.5,0.7203183736447831,1,1,0.6455696202531646
1,0,1,1,0,14,1,3,16,80,20,0.2,0.2,0.2,0.2,0.2,4,1.3862943611198906,0.5,0.7284192954811344,1,1,0.65
1,0,1,1,1,30,1,3,17,81,20,0.2,0.2,0.2,0.2,0.2,4,1.3862943611198906,0.5,0.7376944553312883,1,1,0.654320987654321
1,0,0,1,1,26,0,3,18,82,20,0.2,0.2,0.2,0.2,0.2,4,1.3862943611198906,0.5,0.47710586815681466,0,1,0.6585365853658537
0,1,1,0,0,7,0,3,19,83,20,0.2,0.2,0.2,0.2,0.2,4,1.3862943611198906,0.5,0.43091038301226586,0,1,0.6626506024096386
1,1,0,1,0,12,0,3,20,84,20,0.2,0.2,0.2,0.2,0.2,4,1.3862943611198906,0.5,0.45086888554026383,0,1,0.6666666666666666
1,1,1,0,1,24,1,3,21,85,20,0.2,0.2,0.2,0.2,0.2,4,1.3862943611198906,0.5,0.7330712373230998,0,0,0.6588235294117647
1,1,1,0,0,8,1,3,22,86,20,0.2,0.2,0.2,0.2,0.2,4,1.3862943611198906,0.5,0.7165516387079693,1,1,0.6627906976744186
1,1,0,1,1,28,0,3,23,87,20,0.2,0.2,0.2,0.2,0.2,4,1.3862943611198906,0.5,0.4628332716124518,0,1,0.6666666666666666
1,1,0,0,1,20,0,3,24,88,20,0.2,0.2,0.2,0.2,0.2,4,1.3862943611198906,0.5,0.4632739138049825,0,1,0.6704545454545454
1,1,1,1,0,16,1,3,25,89,20,0.2,0.2,0.2,0.2,0.2,4,1.3862943611198906,0.5,0.7181298001160562,0,0,0.6629213483146067
0,1,1,1,1,31,0,3,26,90,20,0.2,0.2,0.2,0.2,0.2,4,1.3862943611198906,0.5,0.46677015087319795,1,0,0.6555555555555556
0,1,0,1,1,27,0,3,27,91,20,0.2,0.2,0.2,0.2,0.2,4,1.3862943611198906,0.5,0.24324396406047133,0,1,0.6593406593406593
1,1,0,0,0,4,0,3,28,92,20,0.2,0.2,0.2,0.2,0.2,4,1.3862943611198906,0.5,0.4552849273137344,0,1,0.6630434782608695
0,1,1,0,1,23,0,3,29,93,20,0.2,0.2,0.2,0.2,0.2,4,1.3862943611198906,0.5,0.46232333296055,1,0,0.6559139784946236
1,0,0,1,0,10,0,3,30,94,20,0.2,0.2,0.2,0.2,0.2,4,1.3862943611198906,0.5,0.4602162408047953,1,0,0.648936170212766
0,0,1,1,0,13,0,3,31,95,20,0.2,0.2,0.2,0.2,0.2,4,1.3862943611198906,0.5,0.46306125112033725,0,1,0.6526315789473685
0,0,1,0,1,21,0,3,32,96,20,0.2,0.2,0.2,0.2,0.2,4,1.3862943611198906,0.5,0.46299724534126363,1,0,0.6458333333333334
1,0,0,1,1,26,0,1,1,1,21,0.2,0.2,0.2,0.2,0.2,5,1.6094379124341003,0.5,0.5,1,0,0
0,0,0,0,1,17,0,1,2,2,21,0.2,0.2,0.2,0.2,0.2,5,1.6094379124341003,0.5,0.5,1,0,0
1,1,1,1,0,16,1,1,3,3,21,0.2,0.2,0.2,0.2,0.2,5,1.6094379124341003,0.5,0.5,0,0,0
1,0,1,0,1,22,1,1,4,4,21,0.2,0.2,0.2,0.2,0.2,5,1.6094379124341003,0.5,0.268941421369995,0,0,0
1,0,0,0,0,2,0,1,5,5,21,0.2,0.2,0.2,0.2,0.2,5,1.6094379124341003,0.5,0.40615451504869055,0,1,0.2
1,1,1,0,1,24,1,1,6,6,21,0.2,0.2,0.2,0.2,0.2,5,1.6094379124341003,0.5,0.8348109211129294,1,1,0.3333333333333333
1,1,1,1,1,32,1,1,7,7,21,0.2,0.2,0.2,0.2,0.2,5,1.6094379124341003,0.5,0.8351327428694508,1,1,0.42857142857142855
0,0,0,1,1,25,0,1,8,8,21,0.2,0.2,0.2,0.2,0.2,5,1.6094379124341003,0.5,0.11507723279317598,0,1,0.5
1,1,0,0,1,20,0,1,9,9,21,0.2,0.2,0.2,0.2,0.2,5,1.6094379124341003,0.5,0.6016248849064304,1,0,0.4444444444444444
0,1,0,0,1,19,0,1,10,10,21,0.2,0.2,0.2,0.2,0.2,5,1.6094379124341003,0.5,0.2459069418677779,1,0,0.4
0,0,1,1,1,29,0,1,11,11,21,0.2,0.2,0.2,0.2,0.2,5,1.6094379124341003,0.5,0.43376684818801947,1,0,0.36363636363636365
0,0,0,1,0,9,0,1,12,12,21,0.2,0.2,0.2,0.2,0.2,5,1.6094379124341003,0.5,0.1429595924735888,0,1,0.4166666666666667
1,0,0,1,0,10,0,1,13,13,21,0.2,0.2,0.2,0.2,0.2,5,1.6094379124341003,0.5,0.2647273886539044,0,1,0.46153846153846156
0,1,0,1,1,27,0,1,14,14,21,0.2,0.2,0.2,0.2,0.2,5,1.6094379124341003,0.5,0.2778900365288871,0,1,0.5
0,1,0,1,0,11,0,1,15,15,21,0.2,0.2,0.2,0.2,0.2,5,1.6094379124341003,0.5,0.2742178892565508,1,0,0.4666666666666667
0,0,1,0,1,21,0,1,16,16,21,0.2,0.2,0.2,0.2,0.2,5,1.6094379124341003,0.5,0.5487452439293753,1,0,0.4375
1,1,0,1,0,12,0,1,17,17,21,0.2,0.2,0.2,0.2,0.2,5,1.6094379124341003,0.5,0.5242516950924854,1,0,0.4117647058823529
1,0,1,0,0,6,1,1,18,18,21,0.2,0.2,0.2,0.2,0.2,5,1.6094379124341003,0.5,0.6913037734933606,1,1,0.4444444444444444
1,1,1,0,0,8,1,1,19,19,21,0.2,0.2,0.2,0.2,0.2,5,1.6094379124341003,0.5,0.8355099390695805,1,1,0.47368421052631576
1,1,0,1,1,28,0,1,20,20,21,0.2,0.2,0.2,0.2,0.2,5,1.6094379124341003,0.5,0.42358131132193505,0,1,0.5
0,1,1,0,0,7,0,1,21,21,21,0.2,0.2,0.2,0.2,0.2,5,1.6094379124341003,0.5,0.7140426218323177,1,0,0.47619047619047616
0,0,1,1,0,13,0,1,22,22,21,0.2,0.2,0.2,0.2,0.2,5,1.6094379124341003,0.5,0.3912965945420746,1,0,0.45454545454545453
1,0,0,0,1,18,0,1,23,23,21,0.2,0.2,0.2,0.2,0.2,5,1.6094379124341003,0.5,0.45642946985308247,0,1,0.4782608695652174
0,1,1,1,0,15,0,1,24,24,21,0.2,0.2,0.2,0.2,0.2,5,1.6094379124341003,0.5,0.520564016953071,1,0,0.4583333333333333
0,1,0,0,0,3,0,1,25,25,21,0.2,0.2,0.2,0.2,0.2,5,1.6094379124341003,0.5,0.287728527046069,0,1,0.48
0,0,1,0,0,5,0,1,26,26,21,0.2,0.2,0.2,0.2,0.2,5,1.6094379124341003,0.5,0.5162508058200366,0,1,0.5
0,1,1,0,1,23,0,1,27,27,21,0.2,0.2,0.2,0.2,0.2,5,1.6094379124341003,0.5,0.550232924437599,1,0,0.48148148148148145
1,0,1,1,1,30,1,1,28,28,21,0.2,0.2,0.2,0.2,0.2,5,1.6094379124341003,0.5,0.6696292787096243,0,0,0.4642857142857143
0,1,1,1,1,31,0,1,29,29,21,0.2,0.2,0.2,0.2,0.2,5,1.6094379124341003,0.5,0.48765798791351017,0,1,0.4827586206896552
1,1,0,0,0,4,0,1,30,30,21,0.2,0.2,0.2,0.2,0.2,5,1.6094379124341003,0.5,0.5082217698095205,1,0,0.4666666666666667
0,0,0,0,0,1,0,1,31,31,21,0.2,0.2,0.2,0.2,0.2,5,1.6094379124341003,0.5,0.22062633371273996,1,0,0.45161290322580644
1,0,1,1,0,14,1,1,32,32,21,0.2,0.2,0.2,0.2,0.2,5,1.6094379124341003,0.5,0.7057196090526707,1,1,0.46875
0,1,0,0,0,3,0,2,1,33,21,0.2,0.2,0.2,0.2,0.2,5,1.6094379124341003,0.5,0.18956603572452682,1,0,0.45454545454545453
1,0,0,0,0,2,0,2,2,34,21,0.2,0.2,0.2,0.2,0.2,5,1.6094379124341003,0.5,0.4248870348710794,0,1,0.47058823529411764
0,1,1,0,1,23,0,2,3,35,21,0.2,0.2,0.2,0.2,0.2,5,1.6094379124341003,0.5,0.43337097851179357,0,1,0.4857142857142857
0,1,1,0,0,7,0,2,4,36,21,0.2,0.2,0.2,0.2,0.2,5,1.6094379124341003,0.5,0.4068489508214157,0,1,0.5
0,0,0,1,0,9,0,2,5,37,21,0.2,0.2,0.2,0.2,0.2,5,1.6094379124341003,0.5,0.20226940143749902,0,1,0.5135135135135135
0,1,1,1,1,31,0,2,6,38,21,0.2,0.2,0.2,0.2,0.2,5,1.6094379124341003,0.5,0.43368930918758125,0,1,0.5263157894736842
1,0,0,1,0,10,0,2,7,39,21,0.2,0.2,0.2,0.2,0.2,5,1.6094379124341003,0.5,0.4302174207909781,1,0,0.5128205128205128
1,1,1,1,0,16,1,2,8,40,21,0.2,0.2,0.2,0.2,0.2,5,1.6094379124341003,0.5,0.7777165600074161,1,1,0.525
1,0,0,1,1,26,0,2,9,41,21,0.2,0.2,0.2,0.2,0.2,5,1.6094379124341003,0.5,0.4271657897195037,0,1,0.5365853658536586
1,1,1,0,0,8,1,2,10,42,21,0.2,0.2,0.2,0.2,0.2,5,1.6094379124341003,0.5,0.7682580547519827,1,1,0.5476190476190477
0,0,0,0,0,1,0,2,11,43,21,0.2,0.2,0.2,0.2,0.2,5,1.6094379124341003,0.5,0.1826649421180979,0,1,0.5581395348837209
1,0,1,1,0,14,1,2,12,44,21,0.2,0.2,0.2,0.2,0.2,5,1.6094379124341003,0.5,0.7601266704198992,1,1,0.5681818181818182
1,0,1,1,1,30,1,2,13,45,21,0.2,0.2,0.2,0.2,0.2,5,1.6094379124341003,0.5,0.7531242914377902,1,1,0.5777777777777777
0,0,1,0,0,5,0,2,14,46,21,0.2,0.2,0.2,0.2,0.2,5,1.6094379124341003,0.5,0.4076312708509716,1,0,0.5652173913043478
0,1,0,1,1,27,0,2,15,47,21,0.2,0.2,0.2,0.2,0.2,5,1.6094379124341003,0.5,0.19801735228949874,0,1,0.574468085106383
1,1,1,0,1,24,1,2,16,48,21,0.2,0.2,0.2,0.2,0.2,5,1.6094379124341003,0.5,0.7498333138770343,1,1,0.5833333333333334
0,0,1,1,1,29,0,2,17,49,21,0.2,0.2,0.2,0.2,0.2,5,1.6094379124341003,0.5,0.453110713111979,0,1,0.5918367346938775
0,0,0,0,1,17,0,2,18,50,21,0.2,0.2,0.2,0.2,0.2,5,1.6094379124341003,0.5,0.18317638216951654,0,1,0.6
1,1,0,0,1,20,0,2,19,51,21,0.2,0.2,0.2,0.2,0.2,5,1.6094379124341003,0.5,0.47511545680320133,0,1,0.6078431372549019
0,0,0,1,1,25,0,2,20,52,21,0.2,0.2,0.2,0.2,0.2,5,1.6094379124341003,0.5,0.1945894162203287,1,0,0.5961538461538461
0,1,1,1,0,15,0,2,21,53,21,0.2,0.2,0.2,0.2,0.2,5,1.6094379124341003,0.5,0.4728479131834224,0,1,0.6037735849056604
1,0,1,0,1,22,1,2,22,54,21,0.2,0.2,0.2,0.2,0.2,5,1.6094379124341003,0.5,0.760734295446288,0,0,0.5925925925925926
1,1,1,1,1,32,1,2,23,55,21,0.2,0.2,0.2,0.2,0.2,5,1.6094379124341003,0.5,0.7607097308177875,1,1,0.6
1,1,0,1,0,12,0,2,24,56,21,0.2,0.2,0.2,0.2,0.2,5,1.6094379124341003,0.5,0.4735510714950615,0,1,0.6071428571428571
1,0,1,0,0,6,1,2,25,57,21,0.2,0.2,0.2,0.2,0.2,5,1.6094379124341003,0.5,0.7445448943424217,1,1,0.6140350877192983
1,1,0,1,1,28,0,2,26,58,21,0.2,0.2,0.2,0.2,0.2,5,1.6094379124341003,0.5,0.44099626620547927,0,1,0.6206896551724138
0,0,1,0,1,21,0,2,27,59,21,0.2,0.2,0.2,0.2,0.2,5,1.6094379124341003,0.5,0.44154200697553814,0,1,0.6271186440677966
0,1,0,0,1,19,0,2,28,60,21,0.2,0.2,0.2,0.2,0.2,5,1.6094379124341003,0.5,0.19970844010128805,0,1,0.6333333333333333
1,0,0,0,1,18,0,2,29,61,21,0.2,0.2,0.2,0.2,0.2,5,1.6094379124341003,0.5,0.44256268191820924,0,1,0.639344262295082
1,1,0,0,0,4,0,2,30,62,21,0.2,0.2,0.2,0.2,0.2,5,1.6094379124341003,0.5,0.4474203352767194,0,1,0.6451612903225806
0,1,0,1,0,11,0,2,31,63,21,0.2,0.2,0.2,0.2,0.2,5,1.6094379124341003,0.5,0.20445508511133265,0,1,0.6507936507936508
0,0,1,1,0,13,0,2,32,64,21,0.2,0.2,0.2,0.2,0.2,5,1.6094379124341003,0.5,0.4524361485729208,0,1,0.65625
0,0,0,1,1,25,0,3,1,65,21,0.2,0.2,0.2,0.2,0.2,5,1.6094379124341003,0.5,0.18956603572452682,1,0,0.6461538461538462
1,0,1,1,0,14,1,3,2,66,21,0.2,0.2,0.2,0.2,0.2,5,1.6094379124341003,0.5,0.7766297733605125,1,1,0.6515151515151515
0,1,1,1,0,15,0,3,3,67,21,0.2,0.2,0.2,0.2,0.2,5,1.6094379124341003,0.5,0.4289721330652428,1,0,0.6417910447761194
0,1,1,1,1,31,0,3,4,68,21,0.2,0.2,0.2,0.2,0.2,5,1.6094379124341003,0.5,0.4094961002208101,1,0,0.6323529411764706
1,1,0,0,0,4,0,3,5,69,21,0.2,0.2,0.2,0.2,0.2,5,1.6094379124341003,0.5,0.42700853749187406,0,1,0.6376811594202898
0,1,0,1,1,27,0,3,6,70,21,0.2,0.2,0.2,0.2,0.2,5,1.6094379124341003,0.5,0.18154186669693814,0,1,0.6428571428571429
0,1,0,0,1,19,0,3,7,71,21,0.2,0.2,0.2,0.2,0.2,5,1.6094379124341003,0.5,0.1834207964976259,0,1,0.647887323943662
1,0,0,1,0,10,0,3,8,72,21,0.2,0.2,0.2,0.2,0.2,5,1.6094379124341003,0.5,0.4688110966387872,0,1,0.6527777777777778
0,0,1,1,1,29,0,3,9,73,21,0.2,0.2,0.2,0.2,0.2,5,1.6094379124341003,0.5,0.425765739648982,0,1,0.6575342465753424
1,1,0,1,1,28,0,3,10,74,21,0.2,0.2,0.2,0.2,0.2,5,1.6094379124341003,0.5,0.41872868877580766,1,0,0.6486486486486487
0,0,0,0,0,1,0,3,11,75,21,0.2,0.2,0.2,0.2,0.2,5,1.6094379124341003,0.5,0.20572555469214945,0,1,0.6533333333333333
1,0,0,1,1,26,0,3,12,76,21,0.2,0.2,0.2,0.2,0.2,5,1.6094379124341003,0.5,0.42580199876188435,0,1,0.6578947368421053
1,0,0,0,1,18,0,3,13,77,21,0.2,0.2,0.2,0.2,0.2,5,1.6094379124341003,0.5,0.42707581516085746,0,1,0.6623376623376623
0,1,0,1,0,11,0,3,14,78,21,0.2,0.2,0.2,0.2,0.2,5,1.6094379124341003,0.5,0.19694817722553934,1,0,0.6538461538461539
1,0,1,1,1,30,1,3,15,79,21,0.2,0.2,0.2,0.2,0.2,5,1.6094379124341003,0.5,0.7651063953685008,0,0,0.6455696202531646
1,1,1,1,0,16,1,3,16,80,21,0.2,0.2,0.2,0.2,0.2,5,1.6094379124341003,0.5,0.768907528486443,1,1,0.65
0,0,1,0,1,21,0,3,17,81,21,0.2,0.2,0.2,0.2,0.2,5,1.6094379124341003,0.5,0.4277510498304503,0,1,0.654320987654321
0,1,0,0,0,3,0,3,18,82,21,0.2,0.2,0.2,0.2,0.2,5,1.6094379124341003,0.5,0.18598980167939283,1,0,0.6463414634146342
0,0,1,1,0,13,0,3,19,83,21,0.2,0.2,0.2,0.2,0.2,5,1.6094379124341003,0.5,0.4690403692819937,0,1,0.6506024096385542
1,1,0,1,0,12,0,3,20,84,21,0.2,0.2,0.2,0.2,0.2,5,1.6094379124341003,0.5,0.4499518083866839,1,0,0.6428571428571429
0,1,1,0,0,7,0,3,21,85,21,0.2,0.2,0.2,0.2,0.2,5,1.6094379124341003,0.5,0.4262791748406161,0,1,0.6470588235294118
0,0,0,0,1,17,0,3,22,86,21,0.2,0.2,0.2,0.2,0.2,5,1.6094379124341003,0.5,0.1862357225073336,0,1,0.6511627906976745
1,0,1,0,0,6,1,3,23,87,21,0.2,0.2,0.2,0.2,0.2,5,1.6094379124341003,0.5,0.7776974709676162,1,1,0.6551724137931034
0,1,1,0,1,23,0,3,24,88,21,0.2,0.2,0.2,0.2,0.2,5,1.6094379124341003,0.5,0.4016475470416357,0,1,0.6590909090909091
1,1,1,1,1,32,1,3,25,89,21,0.2,0.2,0.2,0.2,0.2,5,1.6094379124341003,0.5,0.7596216722138519,0,0,0.651685393258427
1,0,1,0,1,22,1,3,26,90,21,0.2,0.2,0.2,0.2,0.2,5,1.6094379124341003,0.5,0.7614520374082592,1,1,0.6555555555555556
0,0,0,1,0,9,0,3,27,91,21,0.2,0.2,0.2,0.2,0.2,5,1.6094379124341003,0.5,0.20657959295474823,0,1,0.6593406593406593
1,0,0,0,0,2,0,3,28,92,21,0.2,0.2,0.2,0.2,0.2,5,1.6094379124341003,0.5,0.446285400733907,1,0,0.6521739130434783
0,0,1,0,0,5,0,3,29,93,21,0.2,0.2,0.2,0.2,0.2,5,1.6094379124341003,0.5,0.44384451120531687,1,0,0.6451612903225806
1,1,1,0,0,8,1,3,30,94,21,0.2,0.2,0.2,0.2,0.2,5,1.6094379124341003,0.5,0.756555717237884,0,0,0.6382978723404256
1,1,0,0,1,20,0,3,31,95,21,0.2,0.2,0.2,0.2,0.2,5,1.6094379124341003,0.5,0.41840344101084825,0,1,0.6421052631578947
1,1,1,0,1,24,1,3,32,96,21,0.2,0.2,0.2,0.2,0.2,5,1.6094379124341003,0.5,0.7576139537139897,1,1,0.6458333333333334
0,1,1,0,1,23,0,1,1,1,22,0.2,0.2,0.2,0.2,0.2,5,1.6094379124341003,0.5,0.5,0,1,1
1,1,0,1,1,28,0,1,2,2,22,0.2,0.2,0.2,0.2,0.2,5,1.6094379124341003,0.5,0.5,1,0,0.5
0,1,1,1,0,15,0,1,3,3,22,0.2,0.2,0.2,0.2,0.2,5,1.6094379124341003,0.5,0.5,1,0,0.3333333333333333
0,1,0,0,1,19,0,1,4,4,22,0.2,0.2,0.2,0.2,0.2,5,1.6094379124341003,0.5,0.5,1,0,0.25
1,1,0,0,0,4,0,1,5,5,22,0.2,0.2,0.2,0.2,0.2,5,1.6094379124341003,0.5,0.5,0,1,0.4
1,0,0,1,1,26,0,1,6,6,22,0.2,0.2,0.2,0.2,0.2,5,1.6094379124341003,0.5,0.5,0,1,0.5
0,0,1,1,0,13,0,1,7,7,22,0.2,0.2,0.2,0.2,0.2,5,1.6094379124341003,0.5,0.5,1,0,0.42857142857142855
1,1,1,0,1,24,1,1,8,8,22,0.2,0.2,0.2,0.2,0.2,5,1.6094379124341003,0.5,0.5,1,1,0.5
0,0,0,1,1,25,0,1,9,9,22,0.2,0.2,0.2,0.2,0.2,5,1.6094379124341003,0.5,0.12569746633725154,0,1,0.5555555555555556
1,1,1,1,0,16,1,1,10,10,22,0.2,0.2,0.2,0.2,0.2,5,1.6094379124341003,0.5,0.5433043710912354,1,1,0.6
0,0,1,1,1,29,0,1,11,11,22,0.2,0.2,0.2,0.2,0.2,5,1.6094379124341003,0.5,0.2419235854753819,0,1,0.6363636363636364
1,1,1,1,1,32,1,1,12,12,22,0.2,0.2,0.2,0.2,0.2,5,1.6094379124341003,0.5,0.7491971791805475,1,1,0.6666666666666666
1,0,0,0,1,18,0,1,13,13,22,0.2,0.2,0.2,0.2,0.2,5,1.6094379124341003,0.5,0.3712005702089072,0,1,0.6923076923076923
1,0,1,0,0,6,1,1,14,14,22,0.2,0.2,0.2,0.2,0.2,5,1.6094379124341003,0.5,0.6180618793971366,1,1,0.7142857142857143
1,1,0,0,1,20,0,1,15,15,22,0.2,0.2,0.2,0.2,0.2,5,1.6094379124341003,0.5,0.4508765186939141,0,1,0.7333333333333333
0,0,0,1,0,9,0,1,16,16,22,0.2,0.2,0.2,0.2,0.2,5,1.6094379124341003,0.5,0.19922810577017486,0,1,0.75
1,0,1,1,1,30,1,1,17,17,22,0.2,0.2,0.2,0.2,0.2,5,1.6094379124341003,0.5,0.6054594903259118,0,0,0.7058823529411765
0,0,0,0,0,1,0,1,18,18,22,0.2,0.2,0.2,0.2,0.2,5,1.6094379124341003,0.5,0.26495221880541836,1,0,0.6666666666666666
0,1,0,0,0,3,0,1,19,19,22,0.2,0.2,0.2,0.2,0.2,5,1.6094379124341003,0.5,0.19427263229026867,0,1,0.6842105263157895
1,0,1,0,1,22,1,1,20,20,22,0.2,0.2,0.2,0.2,0.2,5,1.6094379124341003,0.5,0.7407552715451654,1,1,0.7
0,1,1,1,1,31,0,1,21,21,22,0.2,0.2,0.2,0.2,0.2,5,1.6094379124341003,0.5,0.5084845860033033,1,0,0.6666666666666666
0,1,0,1,0,11,0,1,22,22,22,0.2,0.2,0.2,0.2,0.2,5,1.6094379124341003,0.5,0.21383643731897903,0,1,0.6818181818181818
0,0,1,0,0,5,0,1,23,23,22,0.2,0.2,0.2,0.2,0.2,5,1.6094379124341003,0.5,0.5048704044256862,1,0,0.6521739130434783
1,1,0,1,0,12,0,1,24,24,22,0.2,0.2,0.2,0.2,0.2,5,1.6094379124341003,0.5,0.47111107008605996,0,1,0.6666666666666666
0,1,0,1,1,27,0,1,25,25,22,0.2,0.2,0.2,0.2,0.2,5,1.6094379124341003,0.5,0.2283847037933654,0,1,0.68
0,1,1,0,0,7,0,1,26,26,22,0.2,0.2,0.2,0.2,0.2,5,1.6094379124341003,0.5,0.3900642688273974,1,0,0.6538461538461539
0,0,0,0,1,17,0,1,27,27,22,0.2,0.2,0.2,0.2,0.2,5,1.6094379124341003,0.5,0.2632549823077475,1,0,0.6296296296296297
1,0,0,1,0,10,0,1,28,28,22,0.2,0.2,0.2,0.2,0.2,5,1.6094379124341003,0.5,0.4269415496820503,1,0,0.6071428571428571
1,0,1,1,0,14,1,1,29,29,22,0.2,0.2,0.2,0.2,0.2,5,1.6094379124341003,0.5,0.7186396902265034,1,1,0.6206896551724138
1,1,1,0,0,8,1,1,30,30,22,0.2,0.2,0.2,0.2,0.2,5,1.6094379124341003,0.5,0.7056515531048679,1,1,0.6333333333333333
0,0,1,0,1,21,0,1,31,31,22,0.2,0.2,0.2,0.2,0.2,5,1.6094379124341003,0.5,0.48066676325913066,1,0,0.6129032258064516
1,0,0,0,0,2,0,1,32,32,22,0.2,0.2,0.2,0.2,0.2,5,1.6094379124341003,0.5,0.48736277064831485,1,0,0.59375
0,1,0,0,1,19,0,2,1,33,22,0.2,0.2,0.2,0.2,0.2,5,1.6094379124341003,0.5,0.18956603572452682,0,1,0.6060606060606061
0,1,1,0,0,7,0,2,2,34,22,0.2,0.2,0.2,0.2,0.2,5,1.6094379124341003,0.5,0.42488703487107937,0,1,0.6176470588235294
0,0,0,0,0,1,0,2,3,35,22,0.2,0.2,0.2,0.2,0.2,5,1.6094379124341003,0.5,0.19279774806836963,1,0,0.6
1,1,1,1,0,16,1,2,4,36,22,0.2,0.2,0.2,0.2,0.2,5,1.6094379124341003,0.5,0.7824665305971651,1,1,0.6111111111111112
1,1,0,1,0,12,0,2,5,37,22,0.2,0.2,0.2,0.2,0.2,5,1.6094379124341003,0.5,0.49568386865667136,1,0,0.5945945945945946
1,1,0,0,1,20,0,2,6,38,22,0.2,0.2,0.2,0.2,0.2,5,1.6094379124341003,0.5,0.4093509025961548,0,1,0.6052631578947368
1,1,0,1,1,28,0,2,7,39,22,0.2,0.2,0.2,0.2,0.2,5,1.6094379124341003,0.5,0.4218795566548034,0,1,0.6153846153846154
0,1,0,0,0,3,0,2,8,40,22,0.2,0.2,0.2,0.2,0.2,5,1.6094379124341003,0.5,0.18373762193465668,1,0,0.6
0,0,0,0,1,17,0,2,9,41,22,0.2,0.2,0.2,0.2,0.2,5,1.6094379124341003,0.5,0.1793112944225691,0,1,0.6097560975609756
0,1,1,1,0,15,0,2,10,42,22,0.2,0.2,0.2,0.2,0.2,5,1.6094379124341003,0.5,0.4991356426444873,1,0,0.5952380952380952
0,1,0,1,1,27,0,2,11,43,22,0.2,0.2,0.2,0.2,0.2,5,1.6094379124341003,0.5,0.19610932277261833,1,0,0.5813953488372093
1,0,1,0,0,6,1,2,12,44,22,0.2,0.2,0.2,0.2,0.2,5,1.6094379124341003,0.5,0.784741909175222,1,1,0.5909090909090909
0,0,1,0,0,5,0,2,13,45,22,0.2,0.2,0.2,0.2,0.2,5,1.6094379124341003,0.5,0.47535308812722327,0,1,0.6
0,0,1,0,1,21,0,2,14,46,22,0.2,0.2,0.2,0.2,0.2,5,1.6094379124341003,0.5,0.4237228571708663,0,1,0.6086956521739131
0,0,1,1,1,29,0,2,15,47,22,0.2,0.2,0.2,0.2,0.2,5,1.6094379124341003,0.5,0.4279237656034896,0,1,0.6170212765957447
1,0,1,1,1,30,1,2,16,48,22,0.2,0.2,0.2,0.2,0.2,5,1.6094379124341003,0.5,0.7643430142865894,1,1,0.625
1,0,0,0,0,2,0,2,17,49,22,0.2,0.2,0.2,0.2,0.2,5,1.6094379124341003,0.5,0.4794339354455163,1,0,0.6122448979591837
1,0,0,0,1,18,0,2,18,50,22,0.2,0.2,0.2,0.2,0.2,5,1.6094379124341003,0.5,0.4243631688145662,1,0,0.6
1,1,1,0,1,24,1,2,19,51,22,0.2,0.2,0.2,0.2,0.2,5,1.6094379124341003,0.5,0.740175670839103,1,1,0.6078431372549019
0,1,1,0,1,23,0,2,20,52,22,0.2,0.2,0.2,0.2,0.2,5,1.6094379124341003,0.5,0.4379590666037939,0,1,0.6153846153846154
1,1,0,0,0,4,0,2,21,53,22,0.2,0.2,0.2,0.2,0.2,5,1.6094379124341003,0.5,0.4206924504407645,0,1,0.6226415094339622
1,0,0,1,1,26,0,2,22,54,22,0.2,0.2,0.2,0.2,0.2,5,1.6094379124341003,0.5,0.46762917576176194,1,0,0.6111111111111112
1,0,1,0,1,22,1,2,23,55,22,0.2,0.2,0.2,0.2,0.2,5,1.6094379124341003,0.5,0.7542160956094969,1,1,0.6181818181818182
0,0,0,1,1,25,0,2,24,56,22,0.2,0.2,0.2,0.2,0.2,5,1.6094379124341003,0.5,0.21359226179399607,0,1,0.625
1,0,1,1,0,14,1,2,25,57,22,0.2,0.2,0.2,0.2,0.2,5,1.6094379124341003,0.5,0.7848956200992495,0,0,0.6140350877192983
0,0,0,1,0,9,0,2,26,58,22,0.2,0.2,0.2,0.2,0.2,5,1.6094379124341003,0.5,0.23039592422142943,0,1,0.6206896551724138
0,1,0,1,0,11,0,2,27,59,22,0.2,0.2,0.2,0.2,0.2,5,1.6094379124341003,0.5,0.1995317027687826,0,1,0.6271186440677966
0,1,1,1,1,31,0,2,28,60,22,0.2,0.2,0.2,0.2,0.2,5,1.6094379124341003,0.5,0.41864645430049374,1,0,0.6166666666666667
1,1,1,1,1,32,1,2,29,61,22,0.2,0.2,0.2,0.2,0.2,5,1.6094379124341003,0.5,0.7501493123417351,1,1,0.6229508196721312
0,0,1,1,0,13,0,2,30,62,22,0.2,0.2,0.2,0.2,0.2,5,1.6094379124341003,0.5,0.46153311647029704,0,1,0.6290322580645161
1,0,0,1,0,10,0,2,31,63,22,0.2,0.2,0.2,0.2,0.2,5,1.6094379124341003,0.5,0.46180251010410883,1,0,0.6190476190476191
1,1,1,0,0,8,1,2,32,64,22,0.2,0.2,0.2,0.2,0.2,5,1.6094379124341003,0.5,0.7472125737616692,0,0,0.609375
0,1,1,1,1,31,0,3,1,65,22,0.2,0.2,0.2,0.2,0.2,5,1.6094379124341003,0.5,0.42336039018152866,0,1,0.6153846153846154
1,0,0,0,0,2,0,3,2,66,22,0.2,0.2,0.2,0.2,0.2,5,1.6094379124341003,0.5,0.4281875725014854,1,0,0.6060606060606061
1,0,1,1,1,30,1,3,3,67,22,0.2,0.2,0.2,0.2,0.2,5,1.6094379124341003,0.5,0.7749998375665046,0,0,0.5970149253731343
0,0,0,1,0,9,0,3,4,68,22,0.2,0.2,0.2,0.2,0.2,5,1.6094379124341003,0.5,0.19405815426411696,0,1,0.6029411764705882
0,0,1,0,0,5,0,3,5,69,22,0.2,0.2,0.2,0.2,0.2,5,1.6094379124341003,0.5,0.41977405070683366,0,1,0.6086956521739131
1,1,1,1,0,16,1,3,6,70,22,0.2,0.2,0.2,0.2,0.2,5,1.6094379124341003,0.5,0.7721055454335563,1,1,0.6142857142857143
0,1,0,1,0,11,0,3,7,71,22,0.2,0.2,0.2,0.2,0.2,5,1.6094379124341003,0.5,0.20490869805011147,1,0,0.6056338028169014
1,0,1,0,1,22,1,3,8,72,22,0.2,0.2,0.2,0.2,0.2,5,1.6094379124341003,0.5,0.7723679014701509,0,0,0.5972222222222222
1,1,0,0,1,20,0,3,9,73,22,0.2,0.2,0.2,0.2,0.2,5,1.6094379124341003,0.5,0.42583183220517723,0,1,0.6027397260273972
1,1,0,1,1,28,0,3,10,74,22,0.2,0.2,0.2,0.2,0.2,5,1.6094379124341003,0.5,0.42597139333912765,0,1,0.6081081081081081
0,0,1,1,1,29,0,3,11,75,22,0.2,0.2,0.2,0.2,0.2,5,1.6094379124341003,0.5,0.4543354155512616,1,0,0.6
1,1,1,0,1,24,1,3,12,76,22,0.2,0.2,0.2,0.2,0.2,5,1.6094379124341003,0.5,0.762963419925415,1,1,0.6052631578947368
1,0,1,0,0,6,1,3,13,77,22,0.2,0.2,0.2,0.2,0.2,5,1.6094379124341003,0.5,0.7534529222040565,0,0,0.5974025974025974
0,0,1,1,0,13,0,3,14,78,22,0.2,0.2,0.2,0.2,0.2,5,1.6094379124341003,0.5,0.4073891125694647,0,1,0.6025641025641025
1,1,1,0,0,8,1,3,15,79,22,0.2,0.2,0.2,0.2,0.2,5,1.6094379124341003,0.5,0.7732265350537215,1,1,0.6075949367088608
0,0,1,0,1,21,0,3,16,80,22,0.2,0.2,0.2,0.2,0.2,5,1.6094379124341003,0.5,0.44272984698625667,0,1,0.6125
0,1,1,1,0,15,0,3,17,81,22,0.2,0.2,0.2,0.2,0.2,5,1.6094379124341003,0.5,0.4188970203833747,0,1,0.6172839506172839
0,1,1,0,0,7,0,3,18,82,22,0.2,0.2,0.2,0.2,0.2,5,1.6094379124341003,0.5,0.44298985033183025,1,0,0.6097560975609756
1,0,0,0,1,18,0,3,19,83,22,0.2,0.2,0.2,0.2,0.2,5,1.6094379124341003,0.5,0.45421234107482567,1,0,0.6024096385542169
0,1,0,0,0,3,0,3,20,84,22,0.2,0.2,0.2,0.2,0.2,5,1.6094379124341003,0.5,0.2083027632872327,1,0,0.5952380952380952
0,0,0,0,1,17,0,3,21,85,22,0.2,0.2,0.2,0.2,0.2,5,1.6094379124341003,0.5,0.20888581091674313,1,0,0.5882352941176471
1,0,1,1,0,14,1,3,22,86,22,0.2,0.2,0.2,0.2,0.2,5,1.6094379124341003,0.5,0.7618418073432657,1,1,0.5930232558139535
1,1,0,0,0,4,0,3,23,87,22,0.2,0.2,0.2,0.2,0.2,5,1.6094379124341003,0.5,0.44187234957717847,1,0,0.5862068965517241
0,0,0,0,0,1,0,3,24,88,22,0.2,0.2,0.2,0.2,0.2,5,1.6094379124341003,0.5,0.19682934053527332,0,1,0.5909090909090909
0,1,0,0,1,19,0,3,25,89,22,0.2,0.2,0.2,0.2,0.2,5,1.6094379124341003,0.5,0.19781180819429917,0,1,0.5955056179775281
1,0,0,1,1,26,0,3,26,90,22,0.2,0.2,0.2,0.2,0.2,5,1.6094379124341003,0.5,0.447776400446051,0,1,0.6
1,0,0,1,0,10,0,3,27,91,22,0.2,0.2,0.2,0.2,0.2,5,1.6094379124341003,0.5,0.4474425873044272,0,1,0.6043956043956044
1,1,1,1,1,32,1,3,28,92,22,0.2,0.2,0.2,0.2,0.2,5,1.6094379124341003,0.5,0.7600698587860187,1,1,0.6086956521739131
0,0,0,1,1,25,0,3,29,93,22,0.2,0.2,0.2,0.2,0.2,5,1.6094379124341003,0.5,0.19887537918786094,0,1,0.6129032258064516
0,1,0,1,1,27,0,3,30,94,22,0.2,0.2,0.2,0.2,0.2,5,1.6094379124341003,0.5,0.1985796925934659,0,1,0.6170212765957447
0,1,1,0,1,23,0,3,31,95,22,0.2,0.2,0.2,0.2,0.2,5,1.6094379124341003,0.5,0.4391034606258567,1,0,0.6105263157894737
1,1,0,1,0,12,0,3,32,96,22,0.2,0.2,0.2,0.2,0.2,5,1.6094379124341003,0.5,0.44217102915600737,0,1,0.6145833333333334
1,1,1,1,1,32,1,1,1,1,23,0.2,0.2,0.2,0.2,0.2,5,1.6094379124341003,0.5,0.5,0,0,0
1,1,1,1,0,16,1,1,2,2,23,0.2,0.2,0.2,0.2,0.2,5,1.6094379124341003,0.5,0.5,1,1,0.5
0,0,1,0,0,5,0,1,3,3,23,0.2,0.2,0.2,0.2,0.2,5,1.6094379124341003,0.5,0.5,1,0,0.3333333333333333
0,0,1,1,0,13,0,1,4,4,23,0.2,0.2,0.2,0.2,0.2,5,1.6094379124341003,0.5,0.2010273906993944,0,1,0.5
0,0,0,0,0,1,0,1,5,5,23,0.2,0.2,0.2,0.2,0.2,5,1.6094379124341003,0.5,0.047425873177566774,0,1,0.6
1,0,1,1,0,14,1,1,6,6,23,0.2,0.2,0.2,0.2,0.2,5,1.6094379124341003,0.5,0.5771588197069034,0,0,0.5
1,0,0,0,0,2,0,1,7,7,23,0.2,0.2,0.2,0.2,0.2,5,1.6094379124341003,0.5,0.26894142136999516,0,1,0.5714285714285714
1,0,1,1,1,30,1,1,8,8,23,0.2,0.2,0.2,0.2,0.2,5,1.6094379124341003,0.5,0.8210023804092119,1,1,0.625
0,1,1,0,1,23,0,1,9,9,23,0.2,0.2,0.2,0.2,0.2,5,1.6094379124341003,0.5,0.5,0,1,0.6666666666666666
0,1,1,1,1,31,0,1,10,10,23,0.2,0.2,0.2,0.2,0.2,5,1.6094379124341003,0.5,0.5981475618283475,1,0,0.6
0,1,0,0,0,3,0,1,11,11,23,0.2,0.2,0.2,0.2,0.2,5,1.6094379124341003,0.5,0.13791481001001107,0,1,0.6363636363636364
1,1,0,1,1,28,0,1,12,12,23,0.2,0.2,0.2,0.2,0.2,5,1.6094379124341003,0.5,0.7859494892764728,1,0,0.5833333333333334
1,1,0,0,0,4,0,1,13,13,23,0.2,0.2,0.2,0.2,0.2,5,1.6094379124341003,0.5,0.3071097751428414,0,1,0.6153846153846154
0,0,0,0,1,17,0,1,14,14,23,0.2,0.2,0.2,0.2,0.2,5,1.6094379124341003,0.5,0.1590336494144421,0,1,0.6428571428571429
0,1,0,0,1,19,0,1,15,15,23,0.2,0.2,0.2,0.2,0.2,5,1.6094379124341003,0.5,0.1166927571208758,0,1,0.6666666666666666
1,1,0,1,0,12,0,1,16,16,23,0.2,0.2,0.2,0.2,0.2,5,1.6094379124341003,0.5,0.6002714486697909,1,0,0.625
1,1,1,0,1,24,1,1,17,17,23,0.2,0.2,0.2,0.2,0.2,5,1.6094379124341003,0.5,0.6334781973772773,1,1,0.6470588235294118
1,0,0,1,1,26,0,1,18,18,23,0.2,0.2,0.2,0.2,0.2,5,1.6094379124341003,0.5,0.621738461741186,1,0,0.6111111111111112
0,0,0,1,1,25,0,1,19,19,23,0.2,0.2,0.2,0.2,0.2,5,1.6094379124341003,0.5,0.2959333336022808,0,1,0.631578947368421
0,0,0,1,0,9,0,1,20,20,23,0.2,0.2,0.2,0.2,0.2,5,1.6094379124341003,0.5,0.2544193578241559,0,1,0.65
0,0,1,1,1,29,0,1,21,21,23,0.2,0.2,0.2,0.2,0.2,5,1.6094379124341003,0.5,0.5265128114247303,0,1,0.6666666666666666
1,0,1,0,1,22,1,1,22,22,23,0.2,0.2,0.2,0.2,0.2,5,1.6094379124341003,0.5,0.7355010611835409,0,0,0.6363636363636364
0,0,1,0,1,21,0,1,23,23,23,0.2,0.2,0.2,0.2,0.2,5,1.6094379124341003,0.5,0.45762832155843863,0,1,0.6521739130434783
1,1,1,0,0,8,1,1,24,24,23,0.2,0.2,0.2,0.2,0.2,5,1.6094379124341003,0.5,0.7034429491734352,1,1,0.6666666666666666
0,1,1,1,0,15,0,1,25,25,23,0.2,0.2,0.2,0.2,0.2,5,1.6094379124341003,0.5,0.5324917486379362,0,1,0.68
0,1,0,1,0,11,0,1,26,26,23,0.2,0.2,0.2,0.2,0.2,5,1.6094379124341003,0.5,0.23567466596893252,1,0,0.6538461538461539
1,0,0,1,0,10,0,1,27,27,23,0.2,0.2,0.2,0.2,0.2,5,1.6094379124341003,0.5,0.4575722564884489,1,0,0.6296296296296297
0,1,1,0,0,7,0,1,28,28,23,0.2,0.2,0.2,0.2,0.2,5,1.6094379124341003,0.5,0.45768125489339395,0,1,0.6428571428571429
1,0,1,0,0,6,1,1,29,29,23,0.2,0.2,0.2,0.2,0.2,5,1.6094379124341003,0.5,0.6965956199708755,0,0,0.6206896551724138
1,0,0,0,1,18,0,1,30,30,23,0.2,0.2,0.2,0.2,0.2,5,1.6094379124341003,0.5,0.5042735916695377,1,0,0.6
0,1,0,1,1,27,0,1,31,31,23,0.2,0.2,0.2,0.2,0.2,5,1.6094379124341003,0.5,0.22361511388622096,0,1,0.6129032258064516
1,1,0,0,1,20,0,1,32,32,23,0.2,0.2,0.2,0.2,0.2,5,1.6094379124341003,0.5,0.48736277064831485,0,1,0.625
1,1,0,0,1,20,0,2,1,33,23,0.2,0.2,0.2,0.2,0.2,5,1.6094379124341003,0.5,0.4233603901815287,0,1,0.6363636363636364
0,1,0,1,1,27,0,2,2,34,23,0.2,0.2,0.2,0.2,0.2,5,1.6094379124341003,0.5,0.19123288627838286,1,0,0.6176470588235294
1,0,1,0,1,22,1,2,3,35,23,0.2,0.2,0.2,0.2,0.2,5,1.6094379124341003,0.5,0.7773023142336131,1,1,0.6285714285714286
1,1,1,1,1,32,1,2,4,36,23,0.2,0.2,0.2,0.2,0.2,5,1.6094379124341003,0.5,0.7569117871651667,1,1,0.6388888888888888
1,0,1,1,1,30,1,2,5,37,23,0.2,0.2,0.2,0.2,0.2,5,1.6094379124341003,0.5,0.7862557771612281,1,1,0.6486486486486487
1,0,0,1,0,10,0,2,6,38,23,0.2,0.2,0.2,0.2,0.2,5,1.6094379124341003,0.5,0.4133286301559225,0,1,0.6578947368421053
1,0,1,0,0,6,1,2,7,39,23,0.2,0.2,0.2,0.2,0.2,5,1.6094379124341003,0.5,0.7593308705911845,1,1,0.6666666666666666
0,0,1,0,0,5,0,2,8,40,23,0.2,0.2,0.2,0.2,0.2,5,1.6094379124341003,0.5,0.4638981667232532,1,0,0.65
0,0,0,1,1,25,0,2,9,41,23,0.2,0.2,0.2,0.2,0.2,5,1.6094379124341003,0.5,0.21709949432651054,0,1,0.6585365853658537
0,1,1,0,0,7,0,2,10,42,23,0.2,0.2,0.2,0.2,0.2,5,1.6094379124341003,0.5,0.3988751819302714,0,1,0.6666666666666666
0,0,0,0,0,1,0,2,11,43,23,0.2,0.2,0.2,0.2,0.2,5,1.6094379124341003,0.5,0.20744126344984956,0,1,0.6744186046511628
0,1,1,1,1,31,0,2,12,44,23,0.2,0.2,0.2,0.2,0.2,5,1.6094379124341003,0.5,0.4581580149097735,1,0,0.6590909090909091
0,0,1,0,1,21,0,2,13,45,23,0.2,0.2,0.2,0.2,0.2,5,1.6094379124341003,0.5,0.47136460879010617,1,0,0.6444444444444445
1,1,1,1,0,16,1,2,14,46,23,0.2,0.2,0.2,0.2,0.2,5,1.6094379124341003,0.5,0.7587481460525038,0,0,0.6304347826086957
1,0,1,1,0,14,1,2,15,47,23,0.2,0.2,0.2,0.2,0.2,5,1.6094379124341003,0.5,0.7678943360134948,1,1,0.6382978723404256
0,0,0,0,1,17,0,2,16,48,23,0.2,0.2,0.2,0.2,0.2,5,1.6094379124341003,0.5,0.19440427181305273,1,0,0.625
1,0,0,0,0,2,0,2,17,49,23,0.2,0.2,0.2,0.2,0.2,5,1.6094379124341003,0.5,0.44401826641916614,1,0,0.6122448979591837
0,0,1,1,0,13,0,2,18,50,23,0.2,0.2,0.2,0.2,0.2,5,1.6094379124341003,0.5,0.4667824040215669,0,1,0.62
1,1,0,1,1,28,0,2,19,51,23,0.2,0.2,0.2,0.2,0.2,5,1.6094379124341003,0.5,0.4579222310582369,0,1,0.6274509803921569
0,1,1,0,1,23,0,2,20,52,23,0.2,0.2,0.2,0.2,0.2,5,1.6094379124341003,0.5,0.3894825053630604,1,0,0.6153846153846154
0,0,0,1,0,9,0,2,21,53,23,0.2,0.2,0.2,0.2,0.2,5,1.6094379124341003,0.5,0.21312909316133127,0,1,0.6226415094339622
0,1,1,1,0,15,0,2,22,54,23,0.2,0.2,0.2,0.2,0.2,5,1.6094379124341003,0.5,0.44936113970018887,0,1,0.6296296296296297
0,0,1,1,1,29,0,2,23,55,23,0.2,0.2,0.2,0.2,0.2,5,1.6094379124341003,0.5,0.448889332309452,0,1,0.6363636363636364
1,1,1,0,1,24,1,2,24,56,23,0.2,0.2,0.2,0.2,0.2,5,1.6094379124341003,0.5,0.7387197700580165,1,1,0.6428571428571429
1,0,0,1,1,26,0,2,25,57,23,0.2,0.2,0.2,0.2,0.2,5,1.6094379124341003,0.5,0.45833494405911285,0,1,0.6491228070175439
0,1,0,1,0,11,0,2,26,58,23,0.2,0.2,0.2,0.2,0.2,5,1.6094379124341003,0.5,0.20787375787628903,1,0,0.6379310344827587
1,1,0,0,0,4,0,2,27,59,23,0.2,0.2,0.2,0.2,0.2,5,1.6094379124341003,0.5,0.4329836903114836,0,1,0.6440677966101694
1,1,1,0,0,8,1,2,28,60,23,0.2,0.2,0.2,0.2,0.2,5,1.6094379124341003,0.5,0.747150675547084,0,0,0.6333333333333333
1,1,0,1,0,12,0,2,29,61,23,0.2,0.2,0.2,0.2,0.2,5,1.6094379124341003,0.5,0.4449561453158269,0,1,0.639344262295082
0,1,0,0,0,3,0,2,30,62,23,0.2,0.2,0.2,0.2,0.2,5,1.6094379124341003,0.5,0.2069273887451321,1,0,0.6290322580645161
0,1,0,0,1,19,0,2,31,63,23,0.2,0.2,0.2,0.2,0.2,5,1.6094379124341003,0.5,0.20445508511133265,0,1,0.6349206349206349
1,0,0,0,1,18,0,2,32,64,23,0.2,0.2,0.2,0.2,0.2,5,1.6094379124341003,0.5,0.45243614857292075,1,0,0.625
1,1,0,0,0,4,0,3,1,65,23,0.2,0.2,0.2,0.2,0.2,5,1.6094379124341003,0.5,0.42336039018152866,0,1,0.6307692307692307
1,0,1,0,1,22,1,3,2,66,23,0.2,0.2,0.2,0.2,0.2,5,1.6094379124341003,0.5,0.7766297733605125,1,1,0.6363636363636364
0,0,1,1,1,29,0,3,3,67,23,0.2,0.2,0.2,0.2,0.2,5,1.6094379124341003,0.5,0.4303380866653807,0,1,0.6417910447761194
1,0,0,1,0,10,0,3,4,68,23,0.2,0.2,0.2,0.2,0.2,5,1.6094379124341003,0.5,0.4190986433035365,0,1,0.6470588235294118
0,0,1,0,1,21,0,3,5,69,23,0.2,0.2,0.2,0.2,0.2,5,1.6094379124341003,0.5,0.4546786812885851,0,1,0.6521739130434783
0,0,0,0,0,1,0,3,6,70,23,0.2,0.2,0.2,0.2,0.2,5,1.6094379124341003,0.5,0.19559793389824764,0,1,0.6571428571428571
1,1,1,1,1,32,1,3,7,71,23,0.2,0.2,0.2,0.2,0.2,5,1.6094379124341003,0.5,0.7751925967613674,1,1,0.6619718309859155
1,0,0,0,0,2,0,3,8,72,23,0.2,0.2,0.2,0.2,0.2,5,1.6094379124341003,0.5,0.40347872847795796,0,1,0.6666666666666666
1,1,1,1,0,16,1,3,9,73,23,0.2,0.2,0.2,0.2,0.2,5,1.6094379124341003,0.5,0.7734211976614376,1,1,0.6712328767123288
1,0,0,1,1,26,0,3,10,74,23,0.2,0.2,0.2,0.2,0.2,5,1.6094379124341003,0.5,0.424727778098064,1,0,0.6621621621621622
0,1,1,0,1,23,0,3,11,75,23,0.2,0.2,0.2,0.2,0.2,5,1.6094379124341003,0.5,0.4333506055353093,0,1,0.6666666666666666
0,1,1,0,0,7,0,3,12,76,23,0.2,0.2,0.2,0.2,0.2,5,1.6094379124341003,0.5,0.42077869401515267,0,1,0.6710526315789473
1,1,0,1,0,12,0,3,13,77,23,0.2,0.2,0.2,0.2,0.2,5,1.6094379124341003,0.5,0.44924182274132646,1,0,0.6623376623376623
1,1,1,0,1,24,1,3,14,78,23,0.2,0.2,0.2,0.2,0.2,5,1.6094379124341003,0.5,0.7697768569570597,1,1,0.6666666666666666
1,1,0,1,1,28,0,3,15,79,23,0.2,0.2,0.2,0.2,0.2,5,1.6094379124341003,0.5,0.45574547848845315,1,0,0.6582278481012658
1,0,1,1,0,14,1,3,16,80,23,0.2,0.2,0.2,0.2,0.2,5,1.6094379124341003,0.5,0.7524684088198185,1,1,0.6625
0,1,0,1,1,27,0,3,17,81,23,0.2,0.2,0.2,0.2,0.2,5,1.6094379124341003,0.5,0.21214254270454855,0,1,0.6666666666666666
1,0,1,1,1,30,1,3,18,82,23,0.2,0.2,0.2,0.2,0.2,5,1.6094379124341003,0.5,0.7601130129901014,0,0,0.6585365853658537
0,1,1,1,1,31,0,3,19,83,23,0.2,0.2,0.2,0.2,0.2,5,1.6094379124341003,0.5,0.44528133222991523,1,0,0.6506024096385542
0,0,0,1,1,25,0,3,20,84,23,0.2,0.2,0.2,0.2,0.2,5,1.6094379124341003,0.5,0.20579317506116684,0,1,0.6547619047619048
0,1,0,0,1,19,0,3,21,85,23,0.2,0.2,0.2,0.2,0.2,5,1.6094379124341003,0.5,0.20237539570438723,0,1,0.6588235294117647
1,0,0,0,1,18,0,3,22,86,23,0.2,0.2,0.2,0.2,0.2,5,1.6094379124341003,0.5,0.4401689663439667,1,0,0.6511627906976745
0,1,0,1,0,11,0,3,23,87,23,0.2,0.2,0.2,0.2,0.2,5,1.6094379124341003,0.5,0.2052318196467785,0,1,0.6551724137931034
0,0,1,1,0,13,0,3,24,88,23,0.2,0.2,0.2,0.2,0.2,5,1.6094379124341003,0.5,0.4552427753749975,0,1,0.6590909090909091
0,1,1,1,0,15,0,3,25,89,23,0.2,0.2,0.2,0.2,0.2,5,1.6094379124341003,0.5,0.4394834829697304,0,1,0.6629213483146067
0,0,0,1,0,9,0,3,26,90,23,0.2,0.2,0.2,0.2,0.2,5,1.6094379124341003,0.5,0.19900009621242465,0,1,0.6666666666666666
1,0,1,0,0,6,1,3,27,91,23,0.2,0.2,0.2,0.2,0.2,5,1.6094379124341003,0.5,0.7596498750414208,1,1,0.6703296703296703
1,1,1,0,0,8,1,3,28,92,23,0.2,0.2,0.2,0.2,0.2,5,1.6094379124341003,0.5,0.7591501484472974,1,1,0.6739130434782609
0,0,1,0,0,5,0,3,29,93,23,0.2,0.2,0.2,0.2,0.2,5,1.6094379124341003,0.5,0.43838166762744785,1,0,0.6666666666666666
0,0,0,0,1,17,0,3,30,94,23,0.2,0.2,0.2,0.2,0.2,5,1.6094379124341003,0.5,0.1985796925934659,1,0,0.6595744680851063
1,1,0,0,1,20,0,3,31,95,23,0.2,0.2,0.2,0.2,0.2,5,1.6094379124341003,0.5,0.4418592916676801,1,0,0.6526315789473685
0,1,0,0,0,3,0,3,32,96,23,0.2,0.2,0.2,0.2,0.2,5,1.6094379124341003,0.5,0.19959578054857466,1,0,0.6458333333333334
1,1,0,0,1,20,0,1,1,1,24,0.2,0.2,0.2,0.2,0.2,5,1.6094379124341003,0.5,0.5,0,1,1
0,0,1,1,1,29,0,1,2,2,24,0.2,0.2,0.2,0.2,0.2,5,1.6094379124341003,0.5,0.5,1,0,0.5
0,1,0,0,0,3,0,1,3,3,24,0.2,0.2,0.2,0.2,0.2,5,1.6094379124341003,0.5,0.5,0,1,0.6666666666666666
1,0,1,1,1,30,1,1,4,4,24,0.2,0.2,0.2,0.2,0.2,5,1.6094379124341003,0.5,0.5,1,1,0.75
0,1,1,0,1,23,0,1,5,5,24,0.2,0.2,0.2,0.2,0.2,5,1.6094379124341003,0.5,0.268941421369995,1,0,0.6
1,1,0,0,0,4,0,1,6,6,24,0.2,0.2,0.2,0.2,0.2,5,1.6094379124341003,0.5,0.08464312374985343,0,1,0.6666666666666666
0,1,1,0,0,7,0,1,7,7,24,0.2,0.2,0.2,0.2,0.2,5,1.6094379124341003,0.5,0.08621181121622179,0,1,0.7142857142857143
1,0,1,0,0,6,1,1,8,8,24,0.2,0.2,0.2,0.2,0.2,5,1.6094379124341003,0.5,0.6334781973772774,1,1,0.75
0,0,1,0,1,21,0,1,9,9,24,0.2,0.2,0.2,0.2,0.2,5,1.6094379124341003,0.5,0.45086822039086044,1,0,0.6666666666666666
1,0,0,0,0,2,0,1,10,10,24,0.2,0.2,0.2,0.2,0.2,5,1.6094379124341003,0.5,0.6535994331737413,1,0,0.6
1,0,1,0,1,22,1,1,11,11,24,0.2,0.2,0.2,0.2,0.2,5,1.6094379124341003,0.5,0.7412915341106815,1,1,0.6363636363636364
1,1,1,0,1,24,1,1,12,12,24,0.2,0.2,0.2,0.2,0.2,5,1.6094379124341003,0.5,0.5687515471437102,0,0,0.5833333333333334
0,0,1,1,0,13,0,1,13,13,24,0.2,0.2,0.2,0.2,0.2,5,1.6094379124341003,0.5,0.454573223635248,1,0,0.5384615384615384
0,1,0,0,1,19,0,1,14,14,24,0.2,0.2,0.2,0.2,0.2,5,1.6094379124341003,0.5,0.23463458694817071,1,0,0.5
1,1,1,1,0,16,1,1,15,15,24,0.2,0.2,0.2,0.2,0.2,5,1.6094379124341003,0.5,0.6223092379721451,1,1,0.5333333333333333
1,1,1,1,1,32,1,1,16,16,24,0.2,0.2,0.2,0.2,0.2,5,1.6094379124341003,0.5,0.788451323976131,1,1,0.5625
0,0,0,1,1,25,0,1,17,17,24,0.2,0.2,0.2,0.2,0.2,5,1.6094379124341003,0.5,0.3236248983685534,0,1,0.5882352941176471
0,1,1,1,1,31,0,1,18,18,24,0.2,0.2,0.2,0.2,0.2,5,1.6094379124341003,0.5,0.5010682029548933,1,0,0.5555555555555556
1,1,0,1,1,28,0,1,19,19,24,0.2,0.2,0.2,0.2,0.2,5,1.6094379124341003,0.5,0.5914307833214553,0,1,0.5789473684210527
0,1,0,1,0,11,0,1,20,20,24,0.2,0.2,0.2,0.2,0.2,5,1.6094379124341003,0.5,0.25865280095228926,0,1,0.6
0,1,1,1,0,15,0,1,21,21,24,0.2,0.2,0.2,0.2,0.2,5,1.6094379124341003,0.5,0.4198503486297423,0,1,0.6190476190476191
1,1,1,0,0,8,1,1,22,22,24,0.2,0.2,0.2,0.2,0.2,5,1.6094379124341003,0.5,0.6721934683865299,0,0,0.5909090909090909
1,0,1,1,0,14,1,1,23,23,24,0.2,0.2,0.2,0.2,0.2,5,1.6094379124341003,0.5,0.7383664578662272,0,0,0.5652173913043478
0,1,0,1,1,27,0,1,24,24,24,0.2,0.2,0.2,0.2,0.2,5,1.6094379124341003,0.5,0.19197887725028223,0,1,0.5833333333333334
1,0,0,1,0,10,0,1,25,25,24,0.2,0.2,0.2,0.2,0.2,5,1.6094379124341003,0.5,0.5782457269233069,1,0,0.56
1,0,0,1,1,26,0,1,26,26,24,0.2,0.2,0.2,0.2,0.2,5,1.6094379124341003,0.5,0.49942998520014736,1,0,0.5384615384615384
0,0,0,0,0,1,0,1,27,27,24,0.2,0.2,0.2,0.2,0.2,5,1.6094379124341003,0.5,0.26570658754136123,0,1,0.5555555555555556
1,1,0,1,0,12,0,1,28,28,24,0.2,0.2,0.2,0.2,0.2,5,1.6094379124341003,0.5,0.45995222631195315,0,1,0.5714285714285714
1,0,0,0,1,18,0,1,29,29,24,0.2,0.2,0.2,0.2,0.2,5,1.6094379124341003,0.5,0.497252136992423,0,1,0.5862068965517241
0,0,1,0,0,5,0,1,30,30,24,0.2,0.2,0.2,0.2,0.2,5,1.6094379124341003,0.5,0.48959021267280706,1,0,0.5666666666666667
0,0,0,1,0,9,0,1,31,31,24,0.2,0.2,0.2,0.2,0.2,5,1.6094379124341003,0.5,0.22361511388622096,0,1,0.5806451612903226
0,0,0,0,1,17,0,1,32,32,24,0.2,0.2,0.2,0.2,0.2,5,1.6094379124341003,0.5,0.22437048510295407,0,1,0.59375
1,1,1,0,1,24,1,2,1,33,24,0.2,0.2,0.2,0.2,0.2,5,1.6094379124341003,0.5,0.7749746897595565,1,1,0.6060606060606061
1,0,0,1,0,10,0,2,2,34,24,0.2,0.2,0.2,0.2,0.2,5,1.6094379124341003,0.5,0.39950906361557387,0,1,0.6176470588235294
0,1,0,1,0,11,0,2,3,35,24,0.2,0.2,0.2,0.2,0.2,5,1.6094379124341003,0.5,0.1811944969641567,0,1,0.6285714285714286
0,1,0,1,1,27,0,2,4,36,24,0.2,0.2,0.2,0.2,0.2,5,1.6094379124341003,0.5,0.19059818385283486,0,1,0.6388888888888888
0,1,1,1,1,31,0,2,5,37,24,0.2,0.2,0.2,0.2,0.2,5,1.6094379124341003,0.5,0.4251136089452432,1,0,0.6216216216216216
0,0,1,1,1,29,0,2,6,38,24,0.2,0.2,0.2,0.2,0.2,5,1.6094379124341003,0.5,0.4093509025961548,0,1,0.631578947368421
0,1,0,0,0,3,0,2,7,39,24,0.2,0.2,0.2,0.2,0.2,5,1.6094379124341003,0.5,0.20134098993750288,0,1,0.6410256410256411
0,0,0,1,0,9,0,2,8,40,24,0.2,0.2,0.2,0.2,0.2,5,1.6094379124341003,0.5,0.17281378181632492,0,1,0.65
0,0,0,1,1,25,0,2,9,41,24,0.2,0.2,0.2,0.2,0.2,5,1.6094379124341003,0.5,0.173071082874161,0,1,0.6585365853658537
0,1,0,0,1,19,0,2,10,42,24,0.2,0.2,0.2,0.2,0.2,5,1.6094379124341003,0.5,0.23098783739182885,0,1,0.6666666666666666
1,1,0,0,1,20,0,2,11,43,24,0.2,0.2,0.2,0.2,0.2,5,1.6094379124341003,0.5,0.5041783878232539,1,0,0.6511627906976745
1,1,0,1,0,12,0,2,12,44,24,0.2,0.2,0.2,0.2,0.2,5,1.6094379124341003,0.5,0.41440676969238815,0,1,0.6590909090909091
0,0,1,0,0,5,0,2,13,45,24,0.2,0.2,0.2,0.2,0.2,5,1.6094379124341003,0.5,0.458275475628533,1,0,0.6444444444444445
1,1,1,1,0,16,1,2,14,46,24,0.2,0.2,0.2,0.2,0.2,5,1.6094379124341003,0.5,0.7635083320224406,0,0,0.6304347826086957
0,0,0,0,0,1,0,2,15,47,24,0.2,0.2,0.2,0.2,0.2,5,1.6094379124341003,0.5,0.1794473449594296,0,1,0.6382978723404256
0,0,0,0,1,17,0,2,16,48,24,0.2,0.2,0.2,0.2,0.2,5,1.6094379124341003,0.5,0.18595749774497303,1,0,0.625
1,1,0,1,1,28,0,2,17,49,24,0.2,0.2,0.2,0.2,0.2,5,1.6094379124341003,0.5,0.4404588670880403,1,0,0.6122448979591837
1,1,1,0,0,8,1,2,18,50,24,0.2,0.2,0.2,0.2,0.2,5,1.6094379124341003,0.5,0.8031618748714745,1,1,0.62
1,0,1,1,0,14,1,2,19,51,24,0.2,0.2,0.2,0.2,0.2,5,1.6094379124341003,0.5,0.7608946234997445,1,1,0.6274509803921569
0,1,1,1,0,15,0,2,20,52,24,0.2,0.2,0.2,0.2,0.2,5,1.6094379124341003,0.5,0.48253126551026126,1,0,0.6153846153846154
1,0,1,0,0,6,1,2,21,53,24,0.2,0.2,0.2,0.2,0.2,5,1.6094379124341003,0.5,0.7819312525753446,1,1,0.6226415094339622
1,0,0,1,1,26,0,2,22,54,24,0.2,0.2,0.2,0.2,0.2,5,1.6094379124341003,0.5,0.38891265550308823,1,0,0.6111111111111112
1,0,0,0,1,18,0,2,23,55,24,0.2,0.2,0.2,0.2,0.2,5,1.6094379124341003,0.5,0.41269958804381024,0,1,0.6181818181818182
0,0,1,1,0,13,0,2,24,56,24,0.2,0.2,0.2,0.2,0.2,5,1.6094379124341003,0.5,0.45782085868105965,1,0,0.6071428571428571
1,0,1,0,1,22,1,2,25,57,24,0.2,0.2,0.2,0.2,0.2,5,1.6094379124341003,0.5,0.7627036326202299,0,0,0.5964912280701754
1,0,1,1,1,30,1,2,26,58,24,0.2,0.2,0.2,0.2,0.2,5,1.6094379124341003,0.5,0.7334238582046918,0,0,0.5862068965517241
0,1,1,0,1,23,0,2,27,59,24,0.2,0.2,0.2,0.2,0.2,5,1.6094379124341003,0.5,0.45961187194670416,0,1,0.5932203389830508
0,0,1,0,1,21,0,2,28,60,24,0.2,0.2,0.2,0.2,0.2,5,1.6094379124341003,0.5,0.45309154497794585,1,0,0.5833333333333334
1,1,1,1,1,32,1,2,29,61,24,0.2,0.2,0.2,0.2,0.2,5,1.6094379124341003,0.5,0.7400169394887085,0,0,0.5737704918032787
0,1,1,0,0,7,0,2,30,62,24,0.2,0.2,0.2,0.2,0.2,5,1.6094379124341003,0.5,0.4486130389837954,0,1,0.5806451612903226
1,1,0,0,0,4,0,2,31,63,24,0.2,0.2,0.2,0.2,0.2,5,1.6094379124341003,0.5,0.4611234466800808,1,0,0.5714285714285714
1,0,0,0,0,2,0,2,32,64,24,0.2,0.2,0.2,0.2,0.2,5,1.6094379124341003,0.5,0.45243614857292075,0,1,0.578125
0,0,0,0,1,17,0,3,1,65,24,0.2,0.2,0.2,0.2,0.2,5,1.6094379124341003,0.5,0.18956603572452682,0,1,0.5846153846153846
1,0,0,0,0,2,0,3,2,66,24,0.2,0.2,0.2,0.2,0.2,5,1.6094379124341003,0.5,0.4241379172554417,1,0,0.5757575757575758
0,0,1,1,1,29,0,3,3,67,24,0.2,0.2,0.2,0.2,0.2,5,1.6094379124341003,0.5,0.42850747737908573,1,0,0.5671641791044776
1,0,0,1,0,10,0,3,4,68,24,0.2,0.2,0.2,0.2,0.2,5,1.6094379124341003,0.5,0.42376293627024,0,1,0.5735294117647058
1,1,1,0,0,8,1,3,5,69,24,0.2,0.2,0.2,0.2,0.2,5,1.6094379124341003,0.5,0.7804217312928966,1,1,0.5797101449275363
1,0,1,0,1,22,1,3,6,70,24,0.2,0.2,0.2,0.2,0.2,5,1.6094379124341003,0.5,0.7658107986127808,0,0,0.5714285714285714
0,1,0,1,0,11,0,3,7,71,24,0.2,0.2,0.2,0.2,0.2,5,1.6094379124341003,0.5,0.19097665691676266,1,0,0.5633802816901409
1,1,0,0,1,20,0,3,8,72,24,0.2,0.2,0.2,0.2,0.2,5,1.6094379124341003,0.5,0.43963341955795576,1,0,0.5555555555555556
0,0,0,0,0,1,0,3,9,73,24,0.2,0.2,0.2,0.2,0.2,5,1.6094379124341003,0.5,0.19218842768529795,0,1,0.5616438356164384
0,1,0,1,1,27,0,3,10,74,24,0.2,0.2,0.2,0.2,0.2,5,1.6094379124341003,0.5,0.18563884387548715,0,1,0.5675675675675675
0,1,1,1,1,31,0,3,11,75,24,0.2,0.2,0.2,0.2,0.2,5,1.6094379124341003,0.5,0.41462119851964147,1,0,0.56
0,1,0,0,1,19,0,3,12,76,24,0.2,0.2,0.2,0.2,0.2,5,1.6094379124341003,0.5,0.19268332250840395,0,1,0.5657894736842105
1,0,1,0,0,6,1,3,13,77,24,0.2,0.2,0.2,0.2,0.2,5,1.6094379124341003,0.5,0.7803955705948648,1,1,0.5714285714285714
1,0,1,1,0,14,1,3,14,78,24,0.2,0.2,0.2,0.2,0.2,5,1.6094379124341003,0.5,0.7680196517773386,1,1,0.5769230769230769
0,1,1,1,0,15,0,3,15,79,24,0.2,0.2,0.2,0.2,0.2,5,1.6094379124341003,0.5,0.4197997989800795,1,0,0.569620253164557
0,0,0,1,0,9,0,3,16,80,24,0.2,0.2,0.2,0.2,0.2,5,1.6094379124341003,0.5,0.20011834602700895,0,1,0.575
1,0,0,0,1,18,0,3,17,81,24,0.2,0.2,0.2,0.2,0.2,5,1.6094379124341003,0.5,0.4424680991093803,0,1,0.5802469135802469
1,1,0,1,0,12,0,3,18,82,24,0.2,0.2,0.2,0.2,0.2,5,1.6094379124341003,0.5,0.4204027199465885,1,0,0.573170731707317
1,1,1,1,1,32,1,3,19,83,24,0.2,0.2,0.2,0.2,0.2,5,1.6094379124341003,0.5,0.7498723308179136,0,0,0.5662650602409639
1,1,0,1,1,28,0,3,20,84,24,0.2,0.2,0.2,0.2,0.2,5,1.6094379124341003,0.5,0.422957389127155,0,1,0.5714285714285714
0,1,1,0,1,23,0,3,21,85,24,0.2,0.2,0.2,0.2,0.2,5,1.6094379124341003,0.5,0.43015939690203886,0,1,0.5764705882352941
0,1,1,0,0,7,0,3,22,86,24,0.2,0.2,0.2,0.2,0.2,5,1.6094379124341003,0.5,0.4518376074925639,1,0,0.5697674418604651
0,0,1,0,1,21,0,3,23,87,24,0.2,0.2,0.2,0.2,0.2,5,1.6094379124341003,0.5,0.4450760530323537,1,0,0.5632183908045977
0,1,0,0,0,3,0,3,24,88,24,0.2,0.2,0.2,0.2,0.2,5,1.6094379124341003,0.5,0.2002796560694447,0,1,0.5681818181818182
1,1,1,1,0,16,1,3,25,89,24,0.2,0.2,0.2,0.2,0.2,5,1.6094379124341003,0.5,0.7644288295983248,1,1,0.5730337078651685
1,1,1,0,1,24,1,3,26,90,24,0.2,0.2,0.2,0.2,0.2,5,1.6094379124341003,0.5,0.7564091731382411,1,1,0.5777777777777777
0,0,1,1,0,13,0,3,27,91,24,0.2,0.2,0.2,0.2,0.2,5,1.6094379124341003,0.5,0.43999973072151183,0,1,0.5824175824175825
1,0,1,1,1,30,1,3,28,92,24,0.2,0.2,0.2,0.2,0.2,5,1.6094379124341003,0.5,0.7634650970257939,1,1,0.5869565217391305
1,1,0,0,0,4,0,3,29,93,24,0.2,0.2,0.2,0.2,0.2,5,1.6094379124341003,0.5,0.4343113657912876,1,0,0.5806451612903226
1,0,0,1,1,26,0,3,30,94,24,0.2,0.2,0.2,0.2,0.2,5,1.6094379124341003,0.5,0.44432985321245805,0,1,0.5851063829787234
0,0,0,1,1,25,0,3,31,95,24,0.2,0.2,0.2,0.2,0.2,5,1.6094379124341003,0.5,0.1979811220944626,0,1,0.5894736842105263
0,0,1,0,0,5,0,3,32,96,24,0.2,0.2,0.2,0.2,0.2,5,1.6094379124341003,0.5,0.4421710291560073,0,1,0.59375
0,1,0,1,0,11,0,1,1,1,25,0.2,0.2,0.2,0.2,0.2,5,1.6094379124341003,0.5,0.5,1,0,0
1,0,1,1,1,30,1,1,2,2,25,0.2,0.2,0.2,0.2,0.2,5,1.6094379124341003,0.5,0.5,0,0,0
0,1,1,0,1,23,0,1,3,3,25,0.2,0.2,0.2,0.2,0.2,5,1.6094379124341003,0.5,0.5,1,0,0
0,1,1,1,1,31,0,1,4,4,25,0.2,0.2,0.2,0.2,0.2,5,1.6094379124341003,0.5,0.34975540905421887,0,1,0.25
1,0,0,0,1,18,0,1,5,5,25,0.2,0.2,0.2,0.2,0.2,5,1.6094379124341003,0.5,0.8245042650772805,1,0,0.2
1,0,1,0,1,22,1,1,6,6,25,0.2,0.2,0.2,0.2,0.2,5,1.6094379124341003,0.5,0.7244368384875972,1,1,0.3333333333333333
1,1,0,1,1,28,0,1,7,7,25,0.2,0.2,0.2,0.2,0.2,5,1.6094379124341003,0.5,0.44821772479593786,1,0,0.2857142857142857
1,0,0,0,0,2,0,1,8,8,25,0.2,0.2,0.2,0.2,0.2,5,1.6094379124341003,0.5,0.4844546847719401,1,0,0.25
0,0,1,1,1,29,0,1,9,9,25,0.2,0.2,0.2,0.2,0.2,5,1.6094379124341003,0.5,0.6923271856573412,1,0,0.2222222222222222
1,1,0,1,0,12,0,1,10,10,25,0.2,0.2,0.2,0.2,0.2,5,1.6094379124341003,0.5,0.19135209939462944,0,1,0.3
1,0,1,1,0,14,1,1,11,11,25,0.2,0.2,0.2,0.2,0.2,5,1.6094379124341003,0.5,0.7635083320224407,1,1,0.36363636363636365
0,0,1,1,0,13,0,1,12,12,25,0.2,0.2,0.2,0.2,0.2,5,1.6094379124341003,0.5,0.6413807010631107,1,0,0.3333333333333333
1,1,1,1,0,16,1,1,13,13,25,0.2,0.2,0.2,0.2,0.2,5,1.6094379124341003,0.5,0.6063831582349009,0,0,0.3076923076923077
1,1,0,0,1,20,0,1,14,14,25,0.2,0.2,0.2,0.2,0.2,5,1.6094379124341003,0.5,0.3102996722929279,0,1,0.35714285714285715
0,0,0,1,1,25,0,1,15,15,25,0.2,0.2,0.2,0.2,0.2,5,1.6094379124341003,0.5,0.33731556556777936,0,1,0.4
0,1,1,1,0,15,0,1,16,16,25,0.2,0.2,0.2,0.2,0.2,5,1.6094379124341003,0.5,0.48736477757991653,0,1,0.4375
0,1,1,0,0,7,0,1,17,17,25,0.2,0.2,0.2,0.2,0.2,5,1.6094379124341003,0.5,0.3524299729637631,0,1,0.47058823529411764
0,1,0,1,1,27,0,1,18,18,25,0.2,0.2,0.2,0.2,0.2,5,1.6094379124341003,0.5,0.16047177793083894,0,1,0.5
0,0,1,0,1,21,0,1,19,19,25,0.2,0.2,0.2,0.2,0.2,5,1.6094379124341003,0.5,0.5471544939693701,1,0,0.47368421052631576
0,0,1,0,0,5,0,1,20,20,25,0.2,0.2,0.2,0.2,0.2,5,1.6094379124341003,0.5,0.42146952089853995,0,1,0.5
1,0,0,1,1,26,0,1,21,21,25,0.2,0.2,0.2,0.2,0.2,5,1.6094379124341003,0.5,0.5742727077409664,1,0,0.47619047619047616
0,0,0,0,0,1,0,1,22,22,25,0.2,0.2,0.2,0.2,0.2,5,1.6094379124341003,0.5,0.23046286267690982,0,1,0.5
0,0,0,0,1,17,0,1,23,23,25,0.2,0.2,0.2,0.2,0.2,5,1.6094379124341003,0.5,0.25910518248247005,0,1,0.5217391304347826
1,0,1,0,0,6,1,1,24,24,25,0.2,0.2,0.2,0.2,0.2,5,1.6094379124341003,0.5,0.7219739628278183,0,0,0.5
1,1,1,0,0,8,1,1,25,25,25,0.2,0.2,0.2,0.2,0.2,5,1.6094379124341003,0.5,0.7139106567238479,1,1,0.52
1,1,0,0,0,4,0,1,26,26,25,0.2,0.2,0.2,0.2,0.2,5,1.6094379124341003,0.5,0.5259478111441764,1,0,0.5
0,1,0,0,0,3,0,1,27,27,25,0.2,0.2,0.2,0.2,0.2,5,1.6094379124341003,0.5,0.24300739469099472,0,1,0.5185185185185185
1,1,1,1,1,32,1,1,28,28,25,0.2,0.2,0.2,0.2,0.2,5,1.6094379124341003,0.5,0.6638650114342316,0,0,0.5
1,1,1,0,1,24,1,1,29,29,25,0.2,0.2,0.2,0.2,0.2,5,1.6094379124341003,0.5,0.69334654241693106,1,1,0.5172413793103449
1,0,0,1,0,10,0,1,30,30,25,0.2,0.2,0.2,0.2,0.2,5,1.6094379124341003,0.5,0.501056296358132,0,1,0.5333333333333333
0,1,0,0,1,19,0,1,31,31,25,0.2,0.2,0.2,0.2,0.2,5,1.6094379124341003,0.5,0.21921270248518637,0,1,0.5483870967741935
0,0,0,1,0,9,0,1,32,32,25,0.2,0.2,0.2,0.2,0.2,5,1.6094379124341003,0.5,0.22437048510295407,1,0,0.53125
0,1,1,0,0,7,0,2,1,33,25,0.2,0.2,0.2,0.2,0.2,5,1.6094379124341003,0.5,0.4233603901815287,0,1,0.5454545454545454
1,0,1,1,0,14,1,2,2,34,25,0.2,0.2,0.2,0.2,0.2,5,1.6094379124341003,0.5,0.7782253181696689,1,1,0.5588235294117647
1,1,0,1,0,12,0,2,3,35,25,0.2,0.2,0.2,0.2,0.2,5,1.6094379124341003,0.5,0.43425460127746646,0,1,0.5714285714285714
1,1,0,0,1,20,0,2,4,36,25,0.2,0.2,0.2,0.2,0.2,5,1.6094379124341003,0.5,0.40746300469519847,0,1,0.5833333333333334
0,1,0,1,1,27,0,2,5,37,25,0.2,0.2,0.2,0.2,0.2,5,1.6094379124341003,0.5,0.1867972551758336,0,1,0.5945945945945946
1,0,0,1,0,10,0,2,6,38,25,0.2,0.2,0.2,0.2,0.2,5,1.6094379124341003,0.5,0.48457672919938605,0,1,0.6052631578947368
1,0,0,1,1,26,0,2,7,39,25,0.2,0.2,0.2,0.2,0.2,5,1.6094379124341003,0.5,0.42850116903772134,0,1,0.6153846153846154
0,1,1,0,1,23,0,2,8,40,25,0.2,0.2,0.2,0.2,0.2,5,1.6094379124341003,0.5,0.41397846411733474,0,1,0.625
0,0,1,1,1,29,0,2,9,41,25,0.2,0.2,0.2,0.2,0.2,5,1.6094379124341003,0.5,0.45800215334065547,0,1,0.6341463414634146
1,1,1,0,0,8,1,2,10,42,25,0.2,0.2,0.2,0.2,0.2,5,1.6094379124341003,0.5,0.7550635771944685,1,1,0.6428571428571429
0,0,0,1,1,25,0,2,11,43,25,0.2,0.2,0.2,0.2,0.2,5,1.6094379124341003,0.5,0.180612065690462,0,1,0.6511627906976745
0,1,1,1,0,15,0,2,12,44,25,0.2,0.2,0.2,0.2,0.2,5,1.6094379124341003,0.5,0.4498248127505452,0,1,0.6590909090909091
0,1,0,0,0,3,0,2,13,45,25,0.2,0.2,0.2,0.2,0.2,5,1.6094379124341003,0.5,0.23214675923957157,1,0,0.6444444444444445
0,1,0,0,1,19,0,2,14,46,25,0.2,0.2,0.2,0.2,0.2,5,1.6094379124341003,0.5,0.18050482419747432,0,1,0.6521739130434783
1,1,0,0,0,4,0,2,15,47,25,0.2,0.2,0.2,0.2,0.2,5,1.6094379124341003,0.5,0.4671582735566544,0,1,0.6595744680851063
1,0,1,1,1,30,1,2,16,48,25,0.2,0.2,0.2,0.2,0.2,5,1.6094379124341003,0.5,0.7564482998948496,0,0,0.6458333333333334
0,0,1,0,0,5,0,2,17,49,25,0.2,0.2,0.2,0.2,0.2,5,1.6094379124341003,0.5,0.45772956178958074,0,1,0.6530612244897959
1,1,1,1,1,32,1,2,18,50,25,0.2,0.2,0.2,0.2,0.2,5,1.6094379124341003,0.5,0.7613768837750612,1,1,0.66
1,1,0,1,1,28,0,2,19,51,25,0.2,0.2,0.2,0.2,0.2,5,1.6094379124341003,0.5,0.44560347669267625,1,0,0.6470588235294118
0,0,1,0,1,21,0,2,20,52,25,0.2,0.2,0.2,0.2,0.2,5,1.6094379124341003,0.5,0.4128611762493646,1,0,0.6346153846153846
1,0,0,0,0,2,0,2,21,53,25,0.2,0.2,0.2,0.2,0.2,5,1.6094379124341003,0.5,0.4332867563925535,0,1,0.6415094339622641
1,0,0,0,1,18,0,2,22,54,25,0.2,0.2,0.2,0.2,0.2,5,1.6094379124341003,0.5,0.40769812117485504,0,1,0.6481481481481481
1,1,1,0,1,24,1,2,23,55,25,0.2,0.2,0.2,0.2,0.2,5,1.6094379124341003,0.5,0.7430532826759433,1,1,0.6545454545454545
0,0,0,0,1,17,0,2,24,56,25,0.2,0.2,0.2,0.2,0.2,5,1.6094379124341003,0.5,0.18284151128427775,1,0,0.6428571428571429
0,0,0,0,0,1,0,2,25,57,25,0.2,0.2,0.2,0.2,0.2,5,1.6094379124341003,0.5,0.18295192306690775,0,1,0.6491228070175439
0,1,1,1,1,31,0,2,26,58,25,0.2,0.2,0.2,0.2,0.2,5,1.6094379124341003,0.5,0.4714247506790054,0,1,0.6551724137931034
0,1,0,1,0,11,0,2,27,59,25,0.2,0.2,0.2,0.2,0.2,5,1.6094379124341003,0.5,0.19977091409429537,1,0,0.6440677966101694
1,0,1,0,1,22,1,2,28,60,25,0.2,0.2,0.2,0.2,0.2,5,1.6094379124341003,0.5,0.7489108472387406,0,0,0.6333333333333333
0,0,1,1,0,13,0,2,29,61,25,0.2,0.2,0.2,0.2,0.2,5,1.6094379124341003,0.5,0.4557499419516751,1,0,0.6229508196721312
1,1,1,1,0,16,1,2,30,62,25,0.2,0.2,0.2,0.2,0.2,5,1.6094379124341003,0.5,0.7520469198475256,1,1,0.6290322580645161
1,0,1,0,0,6,1,2,31,63,25,0.2,0.2,0.2,0.2,0.2,5,1.6094379124341003,0.5,0.7453522446405119,1,1,0.6349206349206349
0,0,0,1,0,9,0,2,32,64,25,0.2,0.2,0.2,0.2,0.2,5,1.6094379124341003,0.5,0.205138067394401,0,1,0.640625
1,0,0,1,0,10,0,3,1,65,25,0.2,0.2,0.2,0.2,0.2,5,1.6094379124341003,0.5,0.4233603901815287,0,1,0.6461538461538462
0,0,1,1,0,13,0,3,2,66,25,0.2,0.2,0.2,0.2,0.2,5,1.6094379124341003,0.5,0.42413791725544175,0,1,0.6515151515151515
1,0,0,0,1,18,0,3,3,67,25,0.2,0.2,0.2,0.2,0.2,5,1.6094379124341003,0.5,0.42850747737908573,0,1,0.6567164179104478
0,0,0,1,1,25,0,3,4,68,25,0.2,0.2,0.2,0.2,0.2,5,1.6094379124341003,0.5,0.1920274716493102,0,1,0.6617647058823529
0,0,1,0,1,21,0,3,5,69,25,0.2,0.2,0.2,0.2,0.2,5,1.6094379124341003,0.5,0.42980948423037674,0,1,0.6666666666666666
0,1,1,1,1,31,0,3,6,70,25,0.2,0.2,0.2,0.2,0.2,5,1.6094379124341003,0.5,0.4339302159339083,0,1,0.6714285714285714
0,0,0,0,1,17,0,3,7,71,25,0.2,0.2,0.2,0.2,0.2,5,1.6094379124341003,0.5,0.18740297506855988,0,1,0.676056338028169
0,1,1,1,0,15,0,3,8,72,25,0.2,0.2,0.2,0.2,0.2,5,1.6094379124341003,0.5,0.42931222854432954,1,0,0.6666666666666666
1,1,1,0,0,8,1,3,9,73,25,0.2,0.2,0.2,0.2,0.2,5,1.6094379124341003,0.5,0.7863298900923003,1,1,0.6712328767123288
1,1,1,1,1,32,1,3,10,74,25,0.2,0.2,0.2,0.2,0.2,5,1.6094379124341003,0.5,0.7679647288334428,1,1,0.6756756756756757
0,1,1,0,0,7,0,3,11,75,25,0.2,0.2,0.2,0.2,0.2,5,1.6094379124341003,0.5,0.4550149900690677,1,0,0.6666666666666666
1,1,1,1,0,16,1,3,12,76,25,0.2,0.2,0.2,0.2,0.2,5,1.6094379124341003,0.5,0.773466066174859,1,1,0.6710526315789473
1,0,0,1,1,26,0,3,13,77,25,0.2,0.2,0.2,0.2,0.2,5,1.6094379124341003,0.5,0.4073241938419574,0,1,0.6753246753246753
0,1,0,1,1,27,0,3,14,78,25,0.2,0.2,0.2,0.2,0.2,5,1.6094379124341003,0.5,0.2102565712068236,0,1,0.6794871794871795
1,0,1,1,1,30,1,3,15,79,25,0.2,0.2,0.2,0.2,0.2,5,1.6094379124341003,0.5,0.7520591374041865,0,0,0.6708860759493671
1,1,0,1,1,28,0,3,16,80,25,0.2,0.2,0.2,0.2,0.2,5,1.6094379124341003,0.5,0.4539090825442031,0,1,0.675
1,0,0,0,0,2,0,3,17,81,25,0.2,0.2,0.2,0.2,0.2,5,1.6094379124341003,0.5,0.41610354786278897,0,1,0.6790123456790124
0,1,0,0,0,3,0,3,18,82,25,0.2,0.2,0.2,0.2,0.2,5,1.6094379124341003,0.5,0.21323556793092766,0,1,0.6829268292682927
1,1,0,1,0,12,0,3,19,83,25,0.2,0.2,0.2,0.2,0.2,5,1.6094379124341003,0.5,0.4593825975734077,1,0,0.6746987951807228
0,1,0,1,0,11,0,3,20,84,25,0.2,0.2,0.2,0.2,0.2,5,1.6094379124341003,0.5,0.20788047106325644,0,1,0.6785714285714286
0,1,1,0,1,23,0,3,21,85,25,0.2,0.2,0.2,0.2,0.2,5,1.6094379124341003,0.5,0.4276570304095279,0,1,0.6823529411764706
1,1,1,0,1,24,1,3,22,86,25,0.2,0.2,0.2,0.2,0.2,5,1.6094379124341003,0.5,0.7706249709293627,1,1,0.686046511627907
1,1,0,0,0,4,0,3,23,87,25,0.2,0.2,0.2,0.2,0.2,5,1.6094379124341003,0.5,0.45000107039856446,0,1,0.6896551724137931
1,0,1,0,0,6,1,3,24,88,25,0.2,0.2,0.2,0.2,0.2,5,1.6094379124341003,0.5,0.7563138622700354,1,1,0.6931818181818182
1,0,1,1,0,14,1,3,25,89,25,0.2,0.2,0.2,0.2,0.2,5,1.6094379124341003,0.5,0.7597329597865821,0,0,0.6853932584269663
1,1,0,0,1,20,0,3,26,90,25,0.2,0.2,0.2,0.2,0.2,5,1.6094379124341003,0.5,0.43387666484720033,1,0,0.6777777777777778
1,0,1,0,1,22,1,3,27,91,25,0.2,0.2,0.2,0.2,0.2,5,1.6094379124341003,0.5,0.755380600139219,1,1,0.6813186813186813
0,0,1,0,0,5,0,3,28,92,25,0.2,0.2,0.2,0.2,0.2,5,1.6094379124341003,0.5,0.4445244044445071,0,1,0.6847826086956522
0,0,0,1,0,9,0,3,29,93,25,0.2,0.2,0.2,0.2,0.2,5,1.6094379124341003,0.5,0.20003126899388396,1,0,0.6774193548387096
0,0,1,1,1,29,0,3,30,94,25,0.2,0.2,0.2,0.2,0.2,5,1.6094379124341003,0.5,0.43746939690221476,0,1,0.6808510638297872
0,1,0,0,1,19,0,3,31,95,25,0.2,0.2,0.2,0.2,0.2,5,1.6094379124341003,0.5,0.1990936981024896,0,1,0.6842105263157895
0,0,0,0,0,1,0,3,32,96,25,0.2,0.2,0.2,0.2,0.2,5,1.6094379124341003,0.5,0.19959578054857466,0,1,0.6875
0,1,0,0,0,3,0,1,1,1,26,0.2,0.2,0.2,0.2,0.2,15,2.7080502011022096,0.5,0.5,1,0,0
1,1,1,0,0,8,1,1,2,2,26,0.2,0.2,0.2,0.2,0.2,15,2.7080502011022096,0.5,0.5,0,0,0
1,0,0,0,0,2,0,1,3,3,26,0.2,0.2,0.2,0.2,0.2,15,2.7080502011022096,0.5,0.5,1,0,0
1,0,1,0,1,22,1,1,4,4,26,0.2,0.2,0.2,0.2,0.2,15,2.7080502011022096,0.5,0.6661162876007323,1,1,0.25
0,0,0,0,0,1,0,1,5,5,26,0.2,0.2,0.2,0.2,0.2,15,2.7080502011022096,0.5,0.0024726231566347696,0,1,0.4
0,0,1,0,1,21,0,1,6,6,26,0.2,0.2,0.2,0.2,0.2,15,2.7080502011022096,0.5,0.9648727090571021,1,0,0.3333333333333333
1,0,0,0,1,18,0,1,7,7,26,0.2,0.2,0.2,0.2,0.2,15,2.7080502011022096,0.5,0.6453011900761475,0,1,0.42857142857142855
1,1,0,1,0,12,0,1,8,8,26,0.2,0.2,0.2,0.2,0.2,15,2.7080502011022096,0.5,0.5441281645016184,0,1,0.5
1,1,1,0,1,24,1,1,9,9,26,0.2,0.2,0.2,0.2,0.2,15,2.7080502011022096,0.5,0.9824575968818693,1,1,0.5555555555555556
0,0,1,1,1,29,0,1,10,10,26,0.2,0.2,0.2,0.2,0.2,15,2.7080502011022096,0.5,0.0943859796656081,0,1,0.6
0,0,0,0,1,17,0,1,11,11,26,0.2,0.2,0.2,0.2,0.2,15,2.7080502011022096,0.5,0.037363010162354646,0,1,0.6363636363636364
0,1,0,0,1,19,0,1,12,12,26,0.2,0.2,0.2,0.2,0.2,15,2.7080502011022096,0.5,0.06339526041352504,0,1,0.6666666666666666
0,1,0,1,1,27,0,1,13,13,26,0.2,0.2,0.2,0.2,0.2,15,2.7080502011022096,0.5,0.006730445824457187,0,1,0.6923076923076923
0,0,1,0,0,5,0,1,14,14,26,0.2,0.2,0.2,0.2,0.2,15,2.7080502011022096,0.5,0.13368930382457195,0,1,0.7142857142857143
0,0,0,1,1,25,0,1,15,15,26,0.2,0.2,0.2,0.2,0.2,15,2.7080502011022096,0.5,0.002971387850195774,0,1,0.7333333333333333
0,1,1,1,1,31,0,1,16,16,26,0.2,0.2,0.2,0.2,0.2,15,2.7080502011022096,0.5,0.09206542076634773,0,1,0.75
1,0,0,1,1,26,0,1,17,17,26,0.2,0.2,0.2,0.2,0.2,15,2.7080502011022096,0.5,0.09131508404718496,0,1,0.7647058823529411
0,1,0,1,0,11,0,1,18,18,26,0.2,0.2,0.2,0.2,0.2,15,2.7080502011022096,0.5,0.0037755096163932097,0,1,0.7777777777777778
1,1,0,0,0,4,0,1,19,19,26,0.2,0.2,0.2,0.2,0.2,15,2.7080502011022096,0.5,0.6211158931032557,1,0,0.7368421052631579
1,0,1,1,1,30,1,1,20,20,26,0.2,0.2,0.2,0.2,0.2,15,2.7080502011022096,0.5,0.7172793788175503,0,0,0.7
1,1,0,0,1,20,0,1,21,21,26,0.2,0.2,0.2,0.2,0.2,15,2.7080502011022096,0.5,0.5710433300673126,1,0,0.6666666666666666
0,1,1,1,0,15,0,1,22,22,26,0.2,0.2,0.2,0.2,0.2,15,2.7080502011022096,0.5,0.0934618280566062,0,1,0.6818181818181818
0,1,1,0,1,23,0,1,23,23,26,0.2,0.2,0.2,0.2,0.2,15,2.7080502011022096,0.5,0.5960256191697622,0,1,0.6956521739130435
1,1,0,1,1,28,0,1,24,24,26,0.2,0.2,0.2,0.2,0.2,15,2.7080502011022096,0.5,0.10321970382756962,0,1,0.7083333333333334
1,0,1,0,0,6,1,1,25,25,26,0.2,0.2,0.2,0.2,0.2,15,2.7080502011022096,0.5,0.8254683434858892,1,1,0.72
1,1,1,1,0,16,1,1,26,26,26,0.2,0.2,0.2,0.2,0.2,15,2.7080502011022096,0.5,0.674877096518271,0,0,0.6923076923076923
1,0,0,1,0,10,0,1,27,27,26,0.2,0.2,0.2,0.2,0.2,15,2.7080502011022096,0.5,0.13437027298951854,1,0,0.6666666666666666
0,0,1,1,0,13,0,1,28,28,26,0.2,0.2,0.2,0.2,0.2,15,2.7080502011022096,0.5,0.14014272167016376,0,1,0.6785714285714286
1,0,1,1,0,14,1,1,29,29,26,0.2,0.2,0.2,0.2,0.2,15,2.7080502011022096,0.5,0.8306351396625975,1,1,0.6896551724137931
1,1,1,1,1,32,1,1,30,30,26,0.2,0.2,0.2,0.2,0.2,15,2.7080502011022096,0.5,0.8070132604512289,1,1,0.7
0,1,1,0,0,7,0,1,31,31,26,0.2,0.2,0.2,0.2,0.2,15,2.7080502011022096,0.5,0.4216511279743067,0,1,0.7096774193548387
0,0,0,1,0,9,0,1,32,32,26,0.2,0.2,0.2,0.2,0.2,15,2.7080502011022096,0.5,0.02940701026127093,0,1,0.71875
0,1,0,1,1,27,0,2,1,33,26,0.2,0.2,0.2,0.2,0.2,15,2.7080502011022096,0.5,0.006717422505909638,0,1,0.7272727272727273
0,1,0,0,0,3,0,2,2,34,26,0.2,0.2,0.2,0.2,0.2,15,2.7080502011022096,0.5,0.006981848055614437,0,1,0.7352941176470589
0,0,0,0,0,1,0,2,3,35,26,0.2,0.2,0.2,0.2,0.2,15,2.7080502011022096,0.5,0.007000476626805386,0,1,0.7428571428571429
0,1,1,0,1,23,0,2,4,36,26,0.2,0.2,0.2,0.2,0.2,15,2.7080502011022096,0.5,0.1372032940890578,0,1,0.75
0,0,0,1,0,9,0,2,5,37,26,0.2,0.2,0.2,0.2,0.2,15,2.7080502011022096,0.5,0.00750763732810327,0,1,0.7567567567567568
1,0,1,0,0,6,1,2,6,38,26,0.2,0.2,0.2,0.2,0.2,15,2.7080502011022096,0.5,0.9719760642508274,1,1,0.7631578947368421
1,1,0,0,1,20,0,2,7,39,26,0.2,0.2,0.2,0.2,0.2,15,2.7080502011022096,0.5,0.13182365013995728,0,1,0.7692307692307693
1,1,0,1,0,12,0,2,8,40,26,0.2,0.2,0.2,0.2,0.2,15,2.7080502011022096,0.5,0.1355152168949833,0,1,0.775
0,1,0,0,1,19,0,2,9,41,26,0.2,0.2,0.2,0.2,0.2,15,2.7080502011022096,0.5,0.006670875997809646,0,1,0.7804878048780488
1,1,1,1,1,32,1,2,10,42,26,0.2,0.2,0.2,0.2,0.2,15,2.7080502011022096,0.5,0.9697980861215537,1,1,0.7857142857142857
0,1,0,1,0,11,0,2,11,43,26,0.2,0.2,0.2,0.2,0.2,15,2.7080502011022096,0.5,0.006454147559656287,0,1,0.7906976744186046
1,1,1,0,0,8,1,2,12,44,26,0.2,0.2,0.2,0.2,0.2,15,2.7080502011022096,0.5,0.9688335532134474,1,1,0.7954545454545454
1,1,1,0,1,24,1,2,13,45,26,0.2,0.2,0.2,0.2,0.2,15,2.7080502011022096,0.5,0.9448387702408023,1,1,0.8
1,0,0,0,1,18,0,2,14,46,26,0.2,0.2,0.2,0.2,0.2,15,2.7080502011022096,0.5,0.11948460099531576,0,1,0.8043478260869565
0,0,0,0,1,17,0,2,15,47,26,0.2,0.2,0.2,0.2,0.2,15,2.7080502011022096,0.5,0.006140111353622426,0,1,0.8085106382978723
0,1,1,1,0,15,0,2,16,48,26,0.2,0.2,0.2,0.2,0.2,15,2.7080502011022096,0.5,0.12520678807574365,0,1,0.8125
0,0,1,1,0,13,0,2,17,49,26,0.2,0.2,0.2,0.2,0.2,15,2.7080502011022096,0.5,0.12037842953566494,0,1,0.8163265306122449
1,1,1,1,0,16,1,2,18,50,26,0.2,0.2,0.2,0.2,0.2,15,2.7080502011022096,0.5,0.9457208565302676,1,1,0.82
0,0,1,0,0,5,0,2,19,51,26,0.2,0.2,0.2,0.2,0.2,15,2.7080502011022096,0.5,0.19073878113409562,1,0,0.803921568627451
1,0,1,0,1,22,1,2,20,52,26,0.2,0.2,0.2,0.2,0.2,15,2.7080502011022096,0.5,0.9539117477017469,1,1,0.8076923076923077
0,0,1,1,1,29,0,2,21,53,26,0.2,0.2,0.2,0.2,0.2,15,2.7080502011022096,0.5,0.11753275032085177,0,1,0.8113207547169812
0,1,1,0,0,7,0,2,22,54,26,0.2,0.2,0.2,0.2,0.2,15,2.7080502011022096,0.5,0.18340822624888425,0,1,0.8148148148148148
1,0,0,1,1,26,0,2,23,55,26,0.2,0.2,0.2,0.2,0.2,15,2.7080502011022096,0.5,0.12295753165780404,0,1,0.8181818181818182
1,0,1,1,0,14,1,2,24,56,26,0.2,0.2,0.2,0.2,0.2,15,2.7080502011022096,0.5,0.9528325784822546,1,1,0.8214285714285714
1,0,0,1,0,10,0,2,25,57,26,0.2,0.2,0.2,0.2,0.2,15,2.7080502011022096,0.5,0.1827806372458449,0,1,0.8245614035087719
0,1,1,1,1,31,0,2,26,58,26,0.2,0.2,0.2,0.2,0.2,15,2.7080502011022096,0.5,0.18108236126355856,0,1,0.8275862068965517
1,0,1,1,1,30,1,2,27,59,26,0.2,0.2,0.2,0.2,0.2,15,2.7080502011022096,0.5,0.9427851561521013,1,1,0.8305084745762712
0,0,1,0,1,21,0,2,28,60,26,0.2,0.2,0.2,0.2,0.2,15,2.7080502011022096,0.5,0.17775025779947423,1,0,0.8166666666666667
0,0,0,1,1,25,0,2,29,61,26,0.2,0.2,0.2,0.2,0.2,15,2.7080502011022096,0.5,0.010127400278164795,0,1,0.819672131147541
1,0,0,0,0,2,0,2,30,62,26,0.2,0.2,0.2,0.2,0.2,15,2.7080502011022096,0.5,0.18959860303402343,0,1,0.8225806451612904
1,1,0,1,1,28,0,2,31,63,26,0.2,0.2,0.2,0.2,0.2,15,2.7080502011022096,0.5,0.1878077686343269,1,0,0.8095238095238095
1,1,0,0,0,4,0,2,32,64,26,0.2,0.2,0.2,0.2,0.2,15,2.7080502011022096,0.5,0.19084312900377007,0,1,0.8125
1,1,1,1,1,32,1,3,1,65,26,0.2,0.2,0.2,0.2,0.2,15,2.7080502011022096,0.5,0.9671014993725092,1,1,0.8153846153846154
0,0,0,0,0,1,0,3,2,66,26,0.2,0.2,0.2,0.2,0.2,15,2.7080502011022096,0.5,0.006325114395926181,0,1,0.8181818181818182
1,0,1,0,0,6,1,3,3,67,26,0.2,0.2,0.2,0.2,0.2,15,2.7080502011022096,0.5,0.9654598421742929,1,1,0.8208955223880597
1,1,0,0,1,20,0,3,4,68,26,0.2,0.2,0.2,0.2,0.2,15,2.7080502011022096,0.5,0.11637542284065115,1,0,0.8088235294117647
1,1,1,1,0,16,1,3,5,69,26,0.2,0.2,0.2,0.2,0.2,15,2.7080502011022096,0.5,0.9653001533493724,1,1,0.8115942028985508
1,0,1,1,1,30,1,3,6,70,26,0.2,0.2,0.2,0.2,0.2,15,2.7080502011022096,0.5,0.9634797181124388,0,0,0.8
0,1,0,0,1,19,0,3,7,71,26,0.2,0.2,0.2,0.2,0.2,15,2.7080502011022096,0.5,0.005626994943451491,0,1,0.8028169014084507
0,0,1,1,1,29,0,3,8,72,26,0.2,0.2,0.2,0.2,0.2,15,2.7080502011022096,0.5,0.14939267339739787,0,1,0.8055555555555556
0,1,1,1,1,31,0,3,9,73,26,0.2,0.2,0.2,0.2,0.2,15,2.7080502011022096,0.5,0.1508582869300976,0,1,0.8082191780821918
0,1,1,0,1,23,0,3,10,74,26,0.2,0.2,0.2,0.2,0.2,15,2.7080502011022096,0.5,0.10967731607107209,0,1,0.8108108108108109
1,0,0,1,0,10,0,3,11,75,26,0.2,0.2,0.2,0.2,0.2,15,2.7080502011022096,0.5,0.11970160865176105,0,1,0.8133333333333334
1,0,1,1,0,14,1,3,12,76,26,0.2,0.2,0.2,0.2,0.2,15,2.7080502011022096,0.5,0.9591670863787718,1,1,0.8157894736842105
0,1,1,1,0,15,0,3,13,77,26,0.2,0.2,0.2,0.2,0.2,15,2.7080502011022096,0.5,0.1518369057787772,1,0,0.8051948051948052
1,0,0,0,1,18,0,3,14,78,26,0.2,0.2,0.2,0.2,0.2,15,2.7080502011022096,0.5,0.11413205376933559,0,1,0.8076923076923077
0,1,0,1,1,27,0,3,15,79,26,0.2,0.2,0.2,0.2,0.2,15,2.7080502011022096,0.5,0.008585132162825995,0,1,0.810126582278481
1,1,1,0,1,24,1,3,16,80,26,0.2,0.2,0.2,0.2,0.2,15,2.7080502011022096,0.5,0.9501594552619658,1,1,0.8125
1,0,0,1,1,26,0,3,17,81,26,0.2,0.2,0.2,0.2,0.2,15,2.7080502011022096,0.5,0.1501113987110573,1,0,0.8024691358024691
1,0,1,0,1,22,1,3,18,82,26,0.2,0.2,0.2,0.2,0.2,15,2.7080502011022096,0.5,0.9571501604714697,1,1,0.8048780487804879
1,0,0,0,0,2,0,3,19,83,26,0.2,0.2,0.2,0.2,0.2,15,2.7080502011022096,0.5,0.14437763377792176,0,1,0.8072289156626506
0,1,1,0,0,7,0,3,20,84,26,0.2,0.2,0.2,0.2,0.2,15,2.7080502011022096,0.5,0.11207795349821353,0,1,0.8095238095238095
0,1,0,1,0,11,0,3,21,85,26,0.2,0.2,0.2,0.2,0.2,15,2.7080502011022096,0.5,0.008393831837568097,0,1,0.8117647058823529
0,0,0,1,0,9,0,3,22,86,26,0.2,0.2,0.2,0.2,0.2,15,2.7080502011022096,0.5,0.008489859371338403,0,1,0.813953488372093
1,1,1,0,0,8,1,3,23,87,26,0.2,0.2,0.2,0.2,0.2,15,2.7080502011022096,0.5,0.958014302051695,1,1,0.8160919540229885
0,0,1,0,1,21,0,3,24,88,26,0.2,0.2,0.2,0.2,0.2,15,2.7080502011022096,0.5,0.1511440485551479,0,1,0.8181818181818182
0,0,0,0,1,17,0,3,25,89,26,0.2,0.2,0.2,0.2,0.2,15,2.7080502011022096,0.5,0.008240037525064876,0,1,0.8202247191011236
0,0,1,1,0,13,0,3,26,90,26,0.2,0.2,0.2,0.2,0.2,15,2.7080502011022096,0.5,0.15255960056808043,1,0,0.8111111111111111
0,1,0,0,0,3,0,3,27,91,26,0.2,0.2,0.2,0.2,0.2,15,2.7080502011022096,0.5,0.008494955947858448,0,1,0.8131868131868132
1,1,0,0,0,4,0,3,28,92,26,0.2,0.2,0.2,0.2,0.2,15,2.7080502011022096,0.5,0.15651244065982925,1,0,0.8043478260869565
0,0,0,1,1,25,0,3,29,93,26,0.2,0.2,0.2,0.2,0.2,15,2.7080502011022096,0.5,0.008588980922951513,0,1,0.8064516129032258
1,1,0,1,1,28,0,3,30,94,26,0.2,0.2,0.2,0.2,0.2,15,2.7080502011022096,0.5,0.16029989157352298,0,1,0.8085106382978723
0,0,1,0,0,5,0,3,31,95,26,0.2,0.2,0.2,0.2,0.2,15,2.7080502011022096,0.5,0.15968708390817576,0,1,0.8105263157894737
1,1,0,1,0,12,0,3,32,96,26,0.2,0.2,0.2,0.2,0.2,15,2.7080502011022096,0.5,0.1615993657795978,0,1,0.8125
0,0,1,1,0,13,0,1,1,1,27,0.2,0.2,0.2,0.2,0.2,15,2.7080502011022096,0.5,0.5,1,0,0
1,1,0,1,1,28,0,1,2,2,27,0.2,0.2,0.2,0.2,0.2,15,2.7080502011022096,0.5,0.5,0,1,0.5
1,1,0,1,0,12,0,1,3,3,27,0.2,0.2,0.2,0.2,0.2,15,2.7080502011022096,0.5,0.5,1,0,0.3333333333333333
1,0,1,1,1,30,1,1,4,4,27,0.2,0.2,0.2,0.2,0.2,15,2.7080502011022096,0.5,0.5,0,0,0.25
0,1,1,1,0,15,0,1,5,5,27,0.2,0.2,0.2,0.2,0.2,15,2.7080502011022096,0.5,0.007017308629353629,0,1,0.4
0,1,1,0,1,23,0,1,6,6,27,0.2,0.2,0.2,0.2,0.2,15,2.7080502011022096,0.5,0.15304956622280316,0,1,0.5
1,0,0,0,1,18,0,1,7,7,27,0.2,0.2,0.2,0.2,0.2,15,2.7080502011022096,0.5,0.8193798007854493,1,0,0.42857142857142855
1,1,0,0,0,4,0,1,8,8,27,0.2,0.2,0.2,0.2,0.2,15,2.7080502011022096,0.5,6.698587229734634e-4,0,1,0.5
0,1,1,0,0,7,0,1,9,9,27,0.2,0.2,0.2,0.2,0.2,15,2.7080502011022096,0.5,4.107472371586643e-4,0,1,0.5555555555555556
1,1,1,1,1,32,1,1,10,10,27,0.2,0.2,0.2,0.2,0.2,15,2.7080502011022096,0.5,0.8734314604398202,1,1,0.6
0,0,1,0,0,5,0,1,11,11,27,0.2,0.2,0.2,0.2,0.2,15,2.7080502011022096,0.5,0.004921184024877526,0,1,0.6363636363636364
0,1,0,0,1,19,0,1,12,12,27,0.2,0.2,0.2,0.2,0.2,15,2.7080502011022096,0.5,0.009610603337442162,0,1,0.6666666666666666
0,1,0,0,0,3,0,1,13,13,27,0.2,0.2,0.2,0.2,0.2,15,2.7080502011022096,0.5,2.019716757601695e-4,0,1,0.6923076923076923
0,1,1,1,1,31,0,1,14,14,27,0.2,0.2,0.2,0.2,0.2,15,2.7080502011022096,0.5,0.723477596186646,1,0,0.6428571428571429
1,1,1,1,0,16,1,1,15,15,27,0.2,0.2,0.2,0.2,0.2,15,2.7080502011022096,0.5,0.7362327856602394,0,0,0.6
0,1,0,1,0,11,0,1,16,16,27,0.2,0.2,0.2,0.2,0.2,15,2.7080502011022096,0.5,0.05964572566887247,0,1,0.625
0,0,0,0,0,1,0,1,17,17,27,0.2,0.2,0.2,0.2,0.2,15,2.7080502011022096,0.5,4.750490858747815e-4,0,1,0.6470588235294118
1,1,1,0,1,24,1,1,18,18,27,0.2,0.2,0.2,0.2,0.2,15,2.7080502011022096,0.5,0.7967491032930286,0,0,0.6111111111111112
1,0,1,1,0,14,1,1,19,19,27,0.2,0.2,0.2,0.2,0.2,15,2.7080502011022096,0.5,0.8602419166341069,0,0,0.5789473684210527
1,0,1,0,1,22,1,1,20,20,27,0.2,0.2,0.2,0.2,0.2,15,2.7080502011022096,0.5,0.8404549735890638,0,0,0.55
0,0,0,1,1,25,0,1,21,21,27,0.2,0.2,0.2,0.2,0.2,15,2.7080502011022096,0.5,0.27076789321759615,1,0,0.5238095238095238
1,1,1,0,0,8,1,1,22,22,27,0.2,0.2,0.2,0.2,0.2,15,2.7080502011022096,0.5,0.703593438115844,1,1,0.5454545454545454
0,1,0,1,1,27,0,1,23,23,27,0.2,0.2,0.2,0.2,0.2,15,2.7080502011022096,0.5,0.023132690518400438,0,1,0.5652173913043478
1,1,0,0,1,20,0,1,24,24,27,0.2,0.2,0.2,0.2,0.2,15,2.7080502011022096,0.5,0.3851860741677048,0,1,0.5833333333333334
0,0,1,1,1,29,0,1,25,25,27,0.2,0.2,0.2,0.2,0.2,15,2.7080502011022096,0.5,0.46587328632551006,1,0,0.56
1,0,0,1,1,26,0,1,26,26,27,0.2,0.2,0.2,0.2,0.2,15,2.7080502011022096,0.5,0.48011065027588057,1,0,0.5384615384615384
0,0,0,1,0,9,0,1,27,27,27,0.2,0.2,0.2,0.2,0.2,15,2.7080502011022096,0.5,0.033149999584255,0,1,0.5555555555555556
0,0,0,0,1,17,0,1,28,28,27,0.2,0.2,0.2,0.2,0.2,15,2.7080502011022096,0.5,0.034454542880866086,0,1,0.5714285714285714
1,0,0,1,0,10,0,1,29,29,27,0.2,0.2,0.2,0.2,0.2,15,2.7080502011022096,0.5,0.4966478669527184,1,0,0.5517241379310345
1,0,1,0,0,6,1,1,30,30,27,0.2,0.2,0.2,0.2,0.2,15,2.7080502011022096,0.5,0.8822835201177536,1,1,0.5666666666666667
0,0,1,0,1,21,0,1,31,31,27,0.2,0.2,0.2,0.2,0.2,15,2.7080502011022096,0.5,0.4216511279743067,1,0,0.5483870967741935
1,0,0,0,0,2,0,1,32,32,27,0.2,0.2,0.2,0.2,0.2,15,2.7080502011022096,0.5,0.4323879144847446,0,1,0.5625
1,1,0,1,1,28,0,2,1,33,27,0.2,0.2,0.2,0.2,0.2,15,2.7080502011022096,0.5,0.12429913934652961,0,1,0.5757575757575758
1,0,0,1,1,26,0,2,2,34,27,0.2,0.2,0.2,0.2,0.2,15,2.7080502011022096,0.5,0.12437965724828437,0,1,0.5882352941176471
0,0,1,0,0,5,0,2,3,35,27,0.2,0.2,0.2,0.2,0.2,15,2.7080502011022096,0.5,0.13327627209776305,0,1,0.6
0,0,1,1,1,29,0,2,4,36,27,0.2,0.2,0.2,0.2,0.2,15,2.7080502011022096,0.5,0.13720329408905782,0,1,0.6111111111111112
1,1,0,0,1,20,0,2,5,37,27,0.2,0.2,0.2,0.2,0.2,15,2.7080502011022096,0.5,0.13702419190826676,0,1,0.6216216216216216
0,0,0,1,0,9,0,2,6,38,27,0.2,0.2,0.2,0.2,0.2,15,2.7080502011022096,0.5,0.008058006370464131,0,1,0.631578947368421
1,0,1,1,1,30,1,2,7,39,27,0.2,0.2,0.2,0.2,0.2,15,2.7080502011022096,0.5,0.9516356727531287,1,1,0.6410256410256411
1,1,1,1,1,32,1,2,8,40,27,0.2,0.2,0.2,0.2,0.2,15,2.7080502011022096,0.5,0.9582380124058728,1,1,0.65
1,0,0,1,0,10,0,2,9,41,27,0.2,0.2,0.2,0.2,0.2,15,2.7080502011022096,0.5,0.12037025888315249,1,0,0.6341463414634146
1,1,1,1,0,16,1,2,10,42,27,0.2,0.2,0.2,0.2,0.2,15,2.7080502011022096,0.5,0.968068743408401,1,1,0.6428571428571429
1,0,1,1,0,14,1,2,11,43,27,0.2,0.2,0.2,0.2,0.2,15,2.7080502011022096,0.5,0.9522536841554043,1,1,0.6511627906976745
0,1,1,0,1,23,0,2,12,44,27,0.2,0.2,0.2,0.2,0.2,15,2.7080502011022096,0.5,0.1128724425333734,0,1,0.6590909090909091
0,1,1,1,1,31,0,2,13,45,27,0.2,0.2,0.2,0.2,0.2,15,2.7080502011022096,0.5,0.18514858251339328,0,1,0.6666666666666666
0,1,0,1,1,27,0,2,14,46,27,0.2,0.2,0.2,0.2,0.2,15,2.7080502011022096,0.5,0.011001908724039696,0,1,0.6739130434782609
1,1,1,0,0,8,1,2,15,47,27,0.2,0.2,0.2,0.2,0.2,15,2.7080502011022096,0.5,0.9646283869469326,1,1,0.6808510638297872
0,1,1,1,0,15,0,2,16,48,27,0.2,0.2,0.2,0.2,0.2,15,2.7080502011022096,0.5,0.19021654147531772,0,1,0.6875
0,1,0,0,0,3,0,2,17,49,27,0.2,0.2,0.2,0.2,0.2,15,2.7080502011022096,0.5,0.011335617480128691,0,1,0.6938775510204082
1,1,1,0,1,24,1,2,18,50,27,0.2,0.2,0.2,0.2,0.2,15,2.7080502011022096,0.5,0.939911422995203,1,1,0.7
1,0,0,0,0,2,0,2,19,51,27,0.2,0.2,0.2,0.2,0.2,15,2.7080502011022096,0.5,0.11226081470325767,1,0,0.6862745098039216
1,0,1,0,1,22,1,2,20,52,27,0.2,0.2,0.2,0.2,0.2,15,2.7080502011022096,0.5,0.9616198895807094,1,1,0.6923076923076923
0,1,0,1,0,11,0,2,21,53,27,0.2,0.2,0.2,0.2,0.2,15,2.7080502011022096,0.5,0.009462022143633862,0,1,0.6981132075471698
1,1,0,0,0,4,0,2,22,54,27,0.2,0.2,0.2,0.2,0.2,15,2.7080502011022096,0.5,0.17197254249448948,1,0,0.6851851851851852
1,0,0,0,1,18,0,2,23,55,27,0.2,0.2,0.2,0.2,0.2,15,2.7080502011022096,0.5,0.17570232831142796,0,1,0.6909090909090909
0,0,0,0,0,1,0,2,24,56,27,0.2,0.2,0.2,0.2,0.2,15,2.7080502011022096,0.5,0.00582609711986635,0,1,0.6964285714285714
0,1,1,0,0,7,0,2,25,57,27,0.2,0.2,0.2,0.2,0.2,15,2.7080502011022096,0.5,0.17756154371614385,1,0,0.6842105263157895
0,0,1,0,1,21,0,2,26,58,27,0.2,0.2,0.2,0.2,0.2,15,2.7080502011022096,0.5,0.18640636492077955,0,1,0.6896551724137931
1,0,1,0,0,6,1,2,27,59,27,0.2,0.2,0.2,0.2,0.2,15,2.7080502011022096,0.5,0.9416471529730376,1,1,0.6949152542372882
0,0,0,1,1,25,0,2,28,60,27,0.2,0.2,0.2,0.2,0.2,15,2.7080502011022096,0.5,0.010243310380679363,0,1,0.7
0,0,1,1,0,13,0,2,29,61,27,0.2,0.2,0.2,0.2,0.2,15,2.7080502011022096,0.5,0.1808909780322714,0,1,0.7049180327868853
0,0,0,0,1,17,0,2,30,62,27,0.2,0.2,0.2,0.2,0.2,15,2.7080502011022096,0.5,0.010678642910809858,0,1,0.7096774193548387
1,1,0,1,0,12,0,2,31,63,27,0.2,0.2,0.2,0.2,0.2,15,2.7080502011022096,0.5,0.18755726534388795,0,1,0.7142857142857143
0,1,0,0,1,19,0,2,32,64,27,0.2,0.2,0.2,0.2,0.2,15,2.7080502011022096,0.5,0.010792377825869153,0,1,0.71875
1,0,0,0,1,18,0,3,1,65,27,0.2,0.2,0.2,0.2,0.2,15,2.7080502011022096,0.5,0.12429913934652961,0,1,0.7230769230769231
1,0,1,0,0,6,1,3,2,66,27,0.2,0.2,0.2,0.2,0.2,15,2.7080502011022096,0.5,0.9674237512219309,1,1,0.7272727272727273
0,0,1,0,0,5,0,3,3,67,27,0.2,0.2,0.2,0.2,0.2,15,2.7080502011022096,0.5,0.16339375433152226,0,1,0.7313432835820896
1,1,0,1,0,12,0,3,4,68,27,0.2,0.2,0.2,0.2,0.2,15,2.7080502011022096,0.5,0.12226878754782163,0,1,0.7352941176470589
0,1,0,0,1,19,0,3,5,69,27,0.2,0.2,0.2,0.2,0.2,15,2.7080502011022096,0.5,0.0067174225059096395,0,1,0.7391304347826086
0,1,1,0,0,7,0,3,6,70,27,0.2,0.2,0.2,0.2,0.2,15,2.7080502011022096,0.5,0.12642796881778606,0,1,0.7428571428571429
0,1,0,1,0,11,0,3,7,71,27,0.2,0.2,0.2,0.2,0.2,15,2.7080502011022096,0.5,0.00683994345956332,0,1,0.7464788732394366
1,1,1,0,0,8,1,3,8,72,27,0.2,0.2,0.2,0.2,0.2,15,2.7080502011022096,0.5,0.9626567721848068,1,1,0.75
1,1,1,0,1,24,1,3,9,73,27,0.2,0.2,0.2,0.2,0.2,15,2.7080502011022096,0.5,0.96679125559704,1,1,0.7534246575342466
1,1,1,1,1,32,1,3,10,74,27,0.2,0.2,0.2,0.2,0.2,15,2.7080502011022096,0.5,0.9656653881376815,1,1,0.7567567567567568
1,0,1,0,1,22,1,3,11,75,27,0.2,0.2,0.2,0.2,0.2,15,2.7080502011022096,0.5,0.9576646735752918,1,1,0.76
0,1,0,0,0,3,0,3,12,76,27,0.2,0.2,0.2,0.2,0.2,15,2.7080502011022096,0.5,0.008009085840859406,0,1,0.7631578947368421
1,1,1,1,0,16,1,3,13,77,27,0.2,0.2,0.2,0.2,0.2,15,2.7080502011022096,0.5,0.9560566189052846,1,1,0.7662337662337663
0,1,1,1,1,31,0,3,14,78,27,0.2,0.2,0.2,0.2,0.2,15,2.7080502011022096,0.5,0.14835433630280614,0,1,0.7692307692307693
0,0,0,0,1,17,0,3,15,79,27,0.2,0.2,0.2,0.2,0.2,15,2.7080502011022096,0.5,0.008076173529097582,0,1,0.7721518987341772
1,1,0,0,0,4,0,3,16,80,27,0.2,0.2,0.2,0.2,0.2,15,2.7080502011022096,0.5,0.14952793005957363,0,1,0.775
1,1,0,0,1,20,0,3,17,81,27,0.2,0.2,0.2,0.2,0.2,15,2.7080502011022096,0.5,0.1493909703561097,0,1,0.7777777777777778
0,1,1,0,1,23,0,3,18,82,27,0.2,0.2,0.2,0.2,0.2,15,2.7080502011022096,0.5,0.1514533759923227,0,1,0.7804878048780488
1,0,0,1,1,26,0,3,19,83,27,0.2,0.2,0.2,0.2,0.2,15,2.7080502011022096,0.5,0.1165186882414918,0,1,0.7831325301204819
1,0,0,1,0,10,0,3,20,84,27,0.2,0.2,0.2,0.2,0.2,15,2.7080502011022096,0.5,0.11618469978893554,1,0,0.7738095238095238
1,0,0,0,0,2,0,3,21,85,27,0.2,0.2,0.2,0.2,0.2,15,2.7080502011022096,0.5,0.15577810377042783,0,1,0.7764705882352941
1,1,0,1,1,28,0,3,22,86,27,0.2,0.2,0.2,0.2,0.2,15,2.7080502011022096,0.5,0.1578876250223002,0,1,0.7790697674418605
1,0,1,1,1,30,1,3,23,87,27,0.2,0.2,0.2,0.2,0.2,15,2.7080502011022096,0.5,0.9595879700676606,1,1,0.7816091954022989
0,1,0,1,1,27,0,3,24,88,27,0.2,0.2,0.2,0.2,0.2,15,2.7080502011022096,0.5,0.00859676689168618,0,1,0.7840909090909091
0,0,1,1,0,13,0,3,25,89,27,0.2,0.2,0.2,0.2,0.2,15,2.7080502011022096,0.5,0.12227979291164935,0,1,0.7865168539325843
0,0,0,0,0,1,0,3,26,90,27,0.2,0.2,0.2,0.2,0.2,15,2.7080502011022096,0.5,0.00873503051895904,0,1,0.7888888888888889
0,0,1,0,1,21,0,3,27,91,27,0.2,0.2,0.2,0.2,0.2,15,2.7080502011022096,0.5,0.16212254326743966,0,1,0.7912087912087912
0,1,1,1,0,15,0,3,28,92,27,0.2,0.2,0.2,0.2,0.2,15,2.7080502011022096,0.5,0.1598265232380857,1,0,0.782608695652174
0,0,0,1,1,25,0,3,29,93,27,0.2,0.2,0.2,0.2,0.2,15,2.7080502011022096,0.5,0.009276862111449973,0,1,0.7849462365591398
0,0,0,1,0,9,0,3,30,94,27,0.2,0.2,0.2,0.2,0.2,15,2.7080502011022096,0.5,0.006580533588402598,0,1,0.7872340425531915
0,0,1,1,1,29,0,3,31,95,27,0.2,0.2,0.2,0.2,0.2,15,2.7080502011022096,0.5,0.1654443117842829,0,1,0.7894736842105263
1,0,1,1,0,14,1,3,32,96,27,0.2,0.2,0.2,0.2,0.2,15,2.7080502011022096,0.5,0.956210687597356,1,1,0.7916666666666666
0,1,1,1,1,31,0,1,1,1,28,0.2,0.2,0.2,0.2,0.2,15,2.7080502011022096,0.5,0.5,0,1,1
0,0,0,1,1,25,0,1,2,2,28,0.2,0.2,0.2,0.2,0.2,15,2.7080502011022096,0.5,0.5,0,1,1
1,0,0,0,0,2,0,1,3,3,28,0.2,0.2,0.2,0.2,0.2,15,2.7080502011022096,0.5,0.5,0,1,1
0,0,1,1,0,13,0,1,4,4,28,0.2,0.2,0.2,0.2,0.2,15,2.7080502011022096,0.5,0.5,1,0,0.75
0,0,0,0,0,1,0,1,5,5,28,0.2,0.2,0.2,0.2,0.2,15,2.7080502011022096,0.5,0.5,0,1,0.8
1,0,1,0,0,6,1,1,6,6,28,0.2,0.2,0.2,0.2,0.2,15,2.7080502011022096,0.5,0.5,1,1,0.8333333333333334
1,0,1,1,1,30,1,1,7,7,28,0.2,0.2,0.2,0.2,0.2,15,2.7080502011022096,0.5,0.620943236528905,1,1,0.8571428571428571
1,1,1,1,0,16,1,1,8,8,28,0.2,0.2,0.2,0.2,0.2,15,2.7080502011022096,0.5,0.7087428819653737,0,0,0.75
1,0,0,0,1,18,0,1,9,9,28,0.2,0.2,0.2,0.2,0.2,15,2.7080502011022096,0.5,0.13125176838053274,0,1,0.7777777777777778
1,0,1,0,1,22,1,1,10,10,28,0.2,0.2,0.2,0.2,0.2,15,2.7080502011022096,0.5,0.7907653890578424,1,1,0.8
1,1,0,0,0,4,0,1,11,11,28,0.2,0.2,0.2,0.2,0.2,15,2.7080502011022096,0.5,0.12229761420069662,0,1,0.8181818181818182
0,0,0,0,1,17,0,1,12,12,28,0.2,0.2,0.2,0.2,0.2,15,2.7080502011022096,0.5,0.030387766530150302,0,1,0.8333333333333334
0,0,1,0,0,5,0,1,13,13,28,0.2,0.2,0.2,0.2,0.2,15,2.7080502011022096,0.5,0.5,1,0,0.7692307692307693
0,1,1,1,0,15,0,1,14,14,28,0.2,0.2,0.2,0.2,0.2,15,2.7080502011022096,0.5,0.5236119583719442,1,0,0.7142857142857143
0,1,0,0,0,3,0,1,15,15,28,0.2,0.2,0.2,0.2,0.2,15,2.7080502011022096,0.5,0.005724077366751421,0,1,0.7333333333333333
1,1,0,1,0,12,0,1,16,16,28,0.2,0.2,0.2,0.2,0.2,15,2.7080502011022096,0.5,0.704022060018376,0,1,0.75
1,1,0,1,1,28,0,1,17,17,28,0.2,0.2,0.2,0.2,0.2,15,2.7080502011022096,0.5,0.20221649799600466,0,1,0.7647058823529411
0,1,0,1,0,11,0,1,18,18,28,0.2,0.2,0.2,0.2,0.2,15,2.7080502011022096,0.5,0.046882162510723795,0,1,0.7777777777777778
1,0,0,1,1,26,0,1,19,19,28,0.2,0.2,0.2,0.2,0.2,15,2.7080502011022096,0.5,0.538627193982376,1,0,0.7368421052631579
1,1,1,0,0,8,1,1,20,20,28,0.2,0.2,0.2,0.2,0.2,15,2.7080502011022096,0.5,0.8589226912711043,1,1,0.75
1,0,1,1,0,14,1,1,21,21,28,0.2,0.2,0.2,0.2,0.2,15,2.7080502011022096,0.5,0.8801227867798784,1,1,0.7619047619047619
1,1,1,0,1,24,1,1,22,22,28,0.2,0.2,0.2,0.2,0.2,15,2.7080502011022096,0.5,0.9612276298871871,0,0,0.7272727272727273
0,0,1,0,1,21,0,1,23,23,28,0.2,0.2,0.2,0.2,0.2,15,2.7080502011022096,0.5,0.5226681174356091,1,0,0.6956521739130435
1,0,0,1,0,10,0,1,24,24,28,0.2,0.2,0.2,0.2,0.2,15,2.7080502011022096,0.5,0.4399784135691227,1,0,0.6666666666666666
0,1,0,0,1,19,0,1,25,25,28,0.2,0.2,0.2,0.2,0.2,15,2.7080502011022096,0.5,0.05260336188537252,0,1,0.68
0,0,0,1,0,9,0,1,26,26,28,0.2,0.2,0.2,0.2,0.2,15,2.7080502011022096,0.5,0.026817527328810542,0,1,0.6923076923076923
1,1,1,1,1,32,1,1,27,27,28,0.2,0.2,0.2,0.2,0.2,15,2.7080502011022096,0.5,0.7976826907026383,1,1,0.7037037037037037
1,1,0,0,1,20,0,1,28,28,28,0.2,0.2,0.2,0.2,0.2,15,2.7080502011022096,0.5,0.39186216529307605,0,1,0.7142857142857143
0,1,0,1,1,27,0,1,29,29,28,0.2,0.2,0.2,0.2,0.2,15,2.7080502011022096,0.5,0.026145419552943205,0,1,0.7241379310344828
0,1,1,0,1,23,0,1,30,30,28,0.2,0.2,0.2,0.2,0.2,15,2.7080502011022096,0.5,0.47799192738989515,0,1,0.7333333333333333
0,1,1,0,0,7,0,1,31,31,28,0.2,0.2,0.2,0.2,0.2,15,2.7080502011022096,0.5,0.42165112797430676,0,1,0.7419354838709677
0,0,1,1,1,29,0,1,32,32,28,0.2,0.2,0.2,0.2,0.2,15,2.7080502011022096,0.5,0.4323879144847446,0,1,0.75
1,1,0,0,1,20,0,2,1,33,28,0.2,0.2,0.2,0.2,0.2,15,2.7080502011022096,0.5,0.12429913934652963,0,1,0.7575757575757576
1,0,1,1,0,14,1,2,2,34,28,0.2,0.2,0.2,0.2,0.2,15,2.7080502011022096,0.5,0.9683742302037035,1,1,0.7647058823529411
1,1,1,1,1,32,1,2,3,35,28,0.2,0.2,0.2,0.2,0.2,15,2.7080502011022096,0.5,0.9639203089815749,1,1,0.7714285714285715
1,0,0,1,0,10,0,2,4,36,28,0.2,0.2,0.2,0.2,0.2,15,2.7080502011022096,0.5,0.18083682096687853,0,1,0.7777777777777778
1,0,1,0,1,22,1,2,5,37,28,0.2,0.2,0.2,0.2,0.2,15,2.7080502011022096,0.5,0.9615892913489213,1,1,0.7837837837837838
0,1,0,1,1,27,0,2,6,38,28,0.2,0.2,0.2,0.2,0.2,15,2.7080502011022096,0.5,0.009838646855779716,0,1,0.7894736842105263
1,0,1,1,1,30,1,2,7,39,28,0.2,0.2,0.2,0.2,0.2,15,2.7080502011022096,0.5,0.9636945354176222,1,1,0.7948717948717948
1,1,0,1,0,12,0,2,8,40,28,0.2,0.2,0.2,0.2,0.2,15,2.7080502011022096,0.5,0.09980709892068437,0,1,0.8
1,1,0,0,0,4,0,2,9,41,28,0.2,0.2,0.2,0.2,0.2,15,2.7080502011022096,0.5,0.09298431944031277,0,1,0.8048780487804879
1,0,0,0,1,18,0,2,10,42,28,0.2,0.2,0.2,0.2,0.2,15,2.7080502011022096,0.5,0.17296555039216574,1,0,0.7857142857142857
1,0,0,0,0,2,0,2,11,43,28,0.2,0.2,0.2,0.2,0.2,15,2.7080502011022096,0.5,0.10253455411145568,0,1,0.7906976744186046
0,0,0,0,1,17,0,2,12,44,28,0.2,0.2,0.2,0.2,0.2,15,2.7080502011022096,0.5,0.0105392973436427,0,1,0.7954545454545454
0,0,0,0,0,1,0,2,13,45,28,0.2,0.2,0.2,0.2,0.2,15,2.7080502011022096,0.5,0.00599690048380843,0,1,0.8
0,1,0,0,1,19,0,2,14,46,28,0.2,0.2,0.2,0.2,0.2,15,2.7080502011022096,0.5,0.005969536914325789,0,1,0.8043478260869565
0,1,0,1,0,11,0,2,15,47,28,0.2,0.2,0.2,0.2,0.2,15,2.7080502011022096,0.5,0.0063579398844114685,0,1,0.8085106382978723
0,0,1,0,1,21,0,2,16,48,28,0.2,0.2,0.2,0.2,0.2,15,2.7080502011022096,0.5,0.20120831981539253,0,1,0.8125
0,1,1,1,1,31,0,2,17,49,28,0.2,0.2,0.2,0.2,0.2,15,2.7080502011022096,0.5,0.20577338493999614,0,1,0.8163265306122449
0,1,1,0,1,23,0,2,18,50,28,0.2,0.2,0.2,0.2,0.2,15,2.7080502011022096,0.5,0.12326983850791852,0,1,0.82
1,1,1,0,1,24,1,2,19,51,28,0.2,0.2,0.2,0.2,0.2,15,2.7080502011022096,0.5,0.9453380430730196,1,1,0.8235294117647058
0,0,1,0,0,5,0,2,20,52,28,0.2,0.2,0.2,0.2,0.2,15,2.7080502011022096,0.5,0.12168891794688397,1,0,0.8076923076923077
1,1,0,1,1,28,0,2,21,53,28,0.2,0.2,0.2,0.2,0.2,15,2.7080502011022096,0.5,0.1964051476539381,0,1,0.8113207547169812
0,0,0,1,1,25,0,2,22,54,28,0.2,0.2,0.2,0.2,0.2,15,2.7080502011022096,0.5,0.012490638133671423,0,1,0.8148148148148148
0,1,1,1,0,15,0,2,23,55,28,0.2,0.2,0.2,0.2,0.2,15,2.7080502011022096,0.5,0.12982477268413892,0,1,0.8181818181818182
0,1,1,0,0,7,0,2,24,56,28,0.2,0.2,0.2,0.2,0.2,15,2.7080502011022096,0.5,0.12380714942948792,0,1,0.8214285714285714
1,0,1,0,0,6,1,2,25,57,28,0.2,0.2,0.2,0.2,0.2,15,2.7080502011022096,0.5,0.9470816370592525,1,1,0.8245614035087719
1,1,1,0,0,8,1,2,26,58,28,0.2,0.2,0.2,0.2,0.2,15,2.7080502011022096,0.5,0.9432664004154783,1,1,0.8275862068965517
0,0,1,1,1,29,0,2,27,59,28,0.2,0.2,0.2,0.2,0.2,15,2.7080502011022096,0.5,0.19292502371706136,0,1,0.8305084745762712
0,0,1,1,0,13,0,2,28,60,28,0.2,0.2,0.2,0.2,0.2,15,2.7080502011022096,0.5,0.19275339189164264,0,1,0.8333333333333334
1,1,1,1,0,16,1,2,29,61,28,0.2,0.2,0.2,0.2,0.2,15,2.7080502011022096,0.5,0.9435605265155852,1,1,0.8360655737704918
0,0,0,1,0,9,0,2,30,62,28,0.2,0.2,0.2,0.2,0.2,15,2.7080502011022096,0.5,0.01037082484395832,0,1,0.8387096774193549
1,0,0,1,1,26,0,2,31,63,28,0.2,0.2,0.2,0.2,0.2,15,2.7080502011022096,0.5,0.18754481098177284,0,1,0.8412698412698413
0,1,0,0,0,3,0,2,32,64,28,0.2,0.2,0.2,0.2,0.2,15,2.7080502011022096,0.5,0.010792377825869153,0,1,0.84375
1,0,0,0,1,18,0,3,1,65,28,0.2,0.2,0.2,0.2,0.2,15,2.7080502011022096,0.5,0.1242991393465296,0,1,0.8461538461538461
1,1,0,0,1,20,0,3,2,66,28,0.2,0.2,0.2,0.2,0.2,15,2.7080502011022096,0.5,0.12434020687883897,0,1,0.8484848484848485
0,1,0,1,1,27,0,3,3,67,28,0.2,0.2,0.2,0.2,0.2,15,2.7080502011022096,0.5,0.006988259807363528,0,1,0.8507462686567164
1,1,1,0,0,8,1,3,4,68,28,0.2,0.2,0.2,0.2,0.2,15,2.7080502011022096,0.5,0.9686447341232082,1,1,0.8529411764705882
1,0,0,0,0,2,0,3,5,69,28,0.2,0.2,0.2,0.2,0.2,15,2.7080502011022096,0.5,0.12430427159518762,0,1,0.855072463768116
1,0,0,1,0,10,0,3,6,70,28,0.2,0.2,0.2,0.2,0.2,15,2.7080502011022096,0.5,0.12420668342783324,0,1,0.8571428571428571
0,1,0,1,0,11,0,3,7,71,28,0.2,0.2,0.2,0.2,0.2,15,2.7080502011022096,0.5,0.006984952582146109,0,1,0.8591549295774648
0,0,1,0,1,21,0,3,8,72,28,0.2,0.2,0.2,0.2,0.2,15,2.7080502011022096,0.5,0.13064375017938165,0,1,0.8611111111111112
0,0,1,1,1,29,0,3,9,73,28,0.2,0.2,0.2,0.2,0.2,15,2.7080502011022096,0.5,0.13031623364022443,0,1,0.863013698630137
0,1,1,0,0,7,0,3,10,74,28,0.2,0.2,0.2,0.2,0.2,15,2.7080502011022096,0.5,0.18214978139507182,0,1,0.8648648648648649
1,0,1,0,0,6,1,3,11,75,28,0.2,0.2,0.2,0.2,0.2,15,2.7080502011022096,0.5,0.9639846184208719,1,1,0.8666666666666667
0,1,1,1,1,31,0,3,12,76,28,0.2,0.2,0.2,0.2,0.2,15,2.7080502011022096,0.5,0.12562499058382048,0,1,0.868421052631579
0,0,0,0,0,1,0,3,13,77,28,0.2,0.2,0.2,0.2,0.2,15,2.7080502011022096,0.5,0.010200850932364551,0,1,0.8701298701298701
1,1,1,1,1,32,1,3,14,78,28,0.2,0.2,0.2,0.2,0.2,15,2.7080502011022096,0.5,0.9627247808351043,1,1,0.8717948717948718
0,0,1,1,0,13,0,3,15,79,28,0.2,0.2,0.2,0.2,0.2,15,2.7080502011022096,0.5,0.12777519697552053,0,1,0.8734177215189873
0,0,1,0,0,5,0,3,16,80,28,0.2,0.2,0.2,0.2,0.2,15,2.7080502011022096,0.5,0.1669242421829681,0,1,0.875
1,1,0,0,0,4,0,3,17,81,28,0.2,0.2,0.2,0.2,0.2,15,2.7080502011022096,0.5,0.17440441793730663,0,1,0.8765432098765432
0,1,0,0,0,3,0,3,18,82,28,0.2,0.2,0.2,0.2,0.2,15,2.7080502011022096,0.5,0.009789807521974359,0,1,0.8780487804878049
1,1,0,1,1,28,0,3,19,83,28,0.2,0.2,0.2,0.2,0.2,15,2.7080502011022096,0.5,0.1769161544120291,0,1,0.8795180722891566
0,1,0,0,1,19,0,3,20,84,28,0.2,0.2,0.2,0.2,0.2,15,2.7080502011022096,0.5,0.00737804372671018,0,1,0.8809523809523809
1,0,1,0,1,22,1,3,21,85,28,0.2,0.2,0.2,0.2,0.2,15,2.7080502011022096,0.5,0.9589779514981858,1,1,0.8823529411764706
1,1,1,0,1,24,1,3,22,86,28,0.2,0.2,0.2,0.2,0.2,15,2.7080502011022096,0.5,0.9634603439933485,1,1,0.8837209302325582
0,1,1,1,0,15,0,3,23,87,28,0.2,0.2,0.2,0.2,0.2,15,2.7080502011022096,0.5,0.12352050594063343,0,1,0.8850574712643678
0,0,0,1,1,25,0,3,24,88,28,0.2,0.2,0.2,0.2,0.2,15,2.7080502011022096,0.5,0.0070155697635732915,0,1,0.8863636363636364
0,0,0,0,1,17,0,3,25,89,28,0.2,0.2,0.2,0.2,0.2,15,2.7080502011022096,0.5,0.009532552326830843,0,1,0.8876404494382022
1,1,0,1,0,12,0,3,26,90,28,0.2,0.2,0.2,0.2,0.2,15,2.7080502011022096,0.5,0.1283785955809122,0,1,0.8888888888888888
0,1,1,0,1,23,0,3,27,91,28,0.2,0.2,0.2,0.2,0.2,15,2.7080502011022096,0.5,0.17611726065195701,0,1,0.8901098901098901
1,0,1,1,1,30,1,3,28,92,28,0.2,0.2,0.2,0.2,0.2,15,2.7080502011022096,0.5,0.9636274436462472,1,1,0.8913043478260869
1,0,0,1,1,26,0,3,29,93,28,0.2,0.2,0.2,0.2,0.2,15,2.7080502011022096,0.5,0.1696954110440253,0,1,0.8924731182795699
0,0,0,1,0,9,0,3,30,94,28,0.2,0.2,0.2,0.2,0.2,15,2.7080502011022096,0.5,0.006829590419592414,0,1,0.8936170212765957
1,1,1,1,0,16,1,3,31,95,28,0.2,0.2,0.2,0.2,0.2,15,2.7080502011022096,0.5,0.9572085913158151,1,1,0.8947368421052632
1,0,1,1,0,14,1,3,32,96,28,0.2,0.2,0.2,0.2,0.2,15,2.7080502011022096,0.5,0.956210687597356,1,1,0.8958333333333334
1,1,0,0,1,20,0,1,1,1,29,0.2,0.2,0.2,0.2,0.2,15,2.7080502011022096,0.5,0.5,0,1,1
1,0,0,0,1,18,0,1,2,2,29,0.2,0.2,0.2,0.2,0.2,15,2.7080502011022096,0.5,0.5,1,0,0.5
0,1,1,1,1,31,0,1,3,3,29,0.2,0.2,0.2,0.2,0.2,15,2.7080502011022096,0.5,0.5,1,0,0.3333333333333333
1,0,0,1,0,10,0,1,4,4,29,0.2,0.2,0.2,0.2,0.2,15,2.7080502011022096,0.5,0.5,0,1,0.5
1,1,0,1,0,12,0,1,5,5,29,0.2,0.2,0.2,0.2,0.2,15,2.7080502011022096,0.5,0.5,1,0,0.4
1,0,1,1,1,30,1,1,6,6,29,0.2,0.2,0.2,0.2,0.2,15,2.7080502011022096,0.5,0.5,0,0,0.3333333333333333
1,1,0,1,1,28,0,1,7,7,29,0.2,0.2,0.2,0.2,0.2,15,2.7080502011022096,0.5,0.10379673112427881,0,1,0.42857142857142855
1,0,1,1,0,14,1,1,8,8,29,0.2,0.2,0.2,0.2,0.2,15,2.7080502011022096,0.5,0.8501778679085116,1,1,0.5
0,0,0,1,1,25,0,1,9,9,29,0.2,0.2,0.2,0.2,0.2,15,2.7080502011022096,0.5,0.434458448942998,1,0,0.4444444444444444
1,1,1,1,0,16,1,1,10,10,29,0.2,0.2,0.2,0.2,0.2,15,2.7080502011022096,0.5,0.7612919075396758,0,0,0.4
1,0,1,0,1,22,1,1,11,11,29,0.2,0.2,0.2,0.2,0.2,15,2.7080502011022096,0.5,0.6984945669357179,0,0,0.36363636363636365
0,1,1,0,0,7,0,1,12,12,29,0.2,0.2,0.2,0.2,0.2,15,2.7080502011022096,0.5,0.6348060208311954,1,0,0.3333333333333333
1,0,0,1,1,26,0,1,13,13,29,0.2,0.2,0.2,0.2,0.2,15,2.7080502011022096,0.5,0.34951604404593895,1,0,0.3076923076923077
0,1,0,0,1,19,0,1,14,14,29,0.2,0.2,0.2,0.2,0.2,15,2.7080502011022096,0.5,0.004877434793585098,0,1,0.35714285714285715
1,1,1,0,1,24,1,1,15,15,29,0.2,0.2,0.2,0.2,0.2,15,2.7080502011022096,0.5,0.6871901679881197,0,0,0.3333333333333333
0,0,1,0,0,5,0,1,16,16,29,0.2,0.2,0.2,0.2,0.2,15,2.7080502011022096,0.5,0.17445579589888446,0,1,0.375
1,1,0,0,0,4,0,1,17,17,29,0.2,0.2,0.2,0.2,0.2,15,2.7080502011022096,0.5,0.09267545217926865,0,1,0.4117647058823529
0,1,1,0,1,23,0,1,18,18,29,0.2,0.2,0.2,0.2,0.2,15,2.7080502011022096,0.5,0.44876658611871656,1,0,0.3888888888888889
1,1,1,0,0,8,1,1,19,19,29,0.2,0.2,0.2,0.2,0.2,15,2.7080502011022096,0.5,0.711909734677434,0,0,0.3684210526315789
0,0,1,0,1,21,0,1,20,20,29,0.2,0.2,0.2,0.2,0.2,15,2.7080502011022096,0.5,0.5149698131894078,0,1,0.4
0,1,1,1,0,15,0,1,21,21,29,0.2,0.2,0.2,0.2,0.2,15,2.7080502011022096,0.5,0.5435512918476864,1,0,0.38095238095238093
0,1,0,1,0,11,0,1,22,22,29,0.2,0.2,0.2,0.2,0.2,15,2.7080502011022096,0.5,0.0550820291081388,0,1,0.4090909090909091
0,0,0,0,0,1,0,1,23,23,29,0.2,0.2,0.2,0.2,0.2,15,2.7080502011022096,0.5,0.014539711215508315,0,1,0.43478260869565216
0,0,0,0,1,17,0,1,24,24,29,0.2,0.2,0.2,0.2,0.2,15,2.7080502011022096,0.5,0.029017435207842744,0,1,0.4583333333333333
0,1,0,0,0,3,0,1,25,25,29,0.2,0.2,0.2,0.2,0.2,15,2.7080502011022096,0.5,0.03011522442977548,0,1,0.48
1,1,1,1,1,32,1,1,26,26,29,0.2,0.2,0.2,0.2,0.2,15,2.7080502011022096,0.5,0.8146446906225757,1,1,0.5
1,0,0,0,0,2,0,1,27,27,29,0.2,0.2,0.2,0.2,0.2,15,2.7080502011022096,0.5,0.08986249194236003,0,1,0.5185185185185185
0,0,1,1,1,29,0,1,28,28,29,0.2,0.2,0.2,0.2,0.2,15,2.7080502011022096,0.5,0.5024081292962155,0,1,0.5357142857142857
0,0,0,1,0,9,0,1,29,29,29,0.2,0.2,0.2,0.2,0.2,15,2.7080502011022096,0.5,0.03609551309667927,0,1,0.5517241379310345
0,0,1,1,0,13,0,1,30,30,29,0.2,0.2,0.2,0.2,0.2,15,2.7080502011022096,0.5,0.4436269154444911,1,0,0.5333333333333333
1,0,1,0,0,6,1,1,31,31,29,0.2,0.2,0.2,0.2,0.2,15,2.7080502011022096,0.5,0.8136759881078224,1,1,0.5483870967741935
0,1,0,1,1,27,0,1,32,32,29,0.2,0.2,0.2,0.2,0.2,15,2.7080502011022096,0.5,0.029407010261270936,0,1,0.5625
0,1,0,0,1,19,0,2,1,33,29,0.2,0.2,0.2,0.2,0.2,15,2.7080502011022096,0.5,0.006717422505909638,0,1,0.5757575757575758
0,1,0,1,1,27,0,2,2,34,29,0.2,0.2,0.2,0.2,0.2,15,2.7080502011022096,0.5,0.006733664737209348,0,1,0.5882352941176471
1,1,1,0,0,8,1,2,3,35,29,0.2,0.2,0.2,0.2,0.2,15,2.7080502011022096,0.5,0.9695227190194727,1,1,0.6
0,1,1,1,0,15,0,2,4,36,29,0.2,0.2,0.2,0.2,0.2,15,2.7080502011022096,0.5,0.12454516614641238,0,1,0.6111111111111112
0,0,0,0,0,1,0,2,5,37,29,0.2,0.2,0.2,0.2,0.2,15,2.7080502011022096,0.5,0.0069896053798234525,0,1,0.6216216216216216
0,0,1,0,1,21,0,2,6,38,29,0.2,0.2,0.2,0.2,0.2,15,2.7080502011022096,0.5,0.12807454459451798,0,1,0.631578947368421
1,0,1,1,0,14,1,2,7,39,29,0.2,0.2,0.2,0.2,0.2,15,2.7080502011022096,0.5,0.9686776404289068,1,1,0.6410256410256411
1,0,1,0,0,6,1,2,8,40,29,0.2,0.2,0.2,0.2,0.2,15,2.7080502011022096,0.5,0.967306926411527,1,1,0.65
0,1,1,1,1,31,0,2,9,41,29,0.2,0.2,0.2,0.2,0.2,15,2.7080502011022096,0.5,0.10344263519094615,0,1,0.6585365853658537
1,1,0,0,0,4,0,2,10,42,29,0.2,0.2,0.2,0.2,0.2,15,2.7080502011022096,0.5,0.1970148356859324,0,1,0.6666666666666666
1,0,0,1,1,26,0,2,11,43,29,0.2,0.2,0.2,0.2,0.2,15,2.7080502011022096,0.5,0.12205516512531474,0,1,0.6744186046511628
0,0,0,1,1,25,0,2,12,44,29,0.2,0.2,0.2,0.2,0.2,15,2.7080502011022096,0.5,0.0062714769761984925,1,0,0.6590909090909091
0,1,1,0,0,7,0,2,13,45,29,0.2,0.2,0.2,0.2,0.2,15,2.7080502011022096,0.5,0.20499087053304518,0,1,0.6666666666666666
1,1,1,1,0,16,1,2,14,46,29,0.2,0.2,0.2,0.2,0.2,15,2.7080502011022096,0.5,0.9568319074540296,1,1,0.6739130434782609
1,0,1,1,1,30,1,2,15,47,29,0.2,0.2,0.2,0.2,0.2,15,2.7080502011022096,0.5,0.9513539457849036,1,1,0.6808510638297872
1,0,0,0,1,18,0,2,16,48,29,0.2,0.2,0.2,0.2,0.2,15,2.7080502011022096,0.5,0.11376403157267215,1,0,0.6666666666666666
0,0,1,0,0,5,0,2,17,49,29,0.2,0.2,0.2,0.2,0.2,15,2.7080502011022096,0.5,0.1811907560502052,0,1,0.673469387755102
0,0,0,0,1,17,0,2,18,50,29,0.2,0.2,0.2,0.2,0.2,15,2.7080502011022096,0.5,0.005632258982445671,0,1,0.68
0,1,1,0,1,23,0,2,19,51,29,0.2,0.2,0.2,0.2,0.2,15,2.7080502011022096,0.5,0.1076060709021998,0,1,0.6862745098039216
1,0,1,0,1,22,1,2,20,52,29,0.2,0.2,0.2,0.2,0.2,15,2.7080502011022096,0.5,0.9416983022019876,0,0,0.6730769230769231
1,1,1,1,1,32,1,2,21,53,29,0.2,0.2,0.2,0.2,0.2,15,2.7080502011022096,0.5,0.9505413844518066,1,1,0.6792452830188679
0,1,0,0,0,3,0,2,22,54,29,0.2,0.2,0.2,0.2,0.2,15,2.7080502011022096,0.5,0.009488348161578076,0,1,0.6851851851851852
0,1,0,1,0,11,0,2,23,55,29,0.2,0.2,0.2,0.2,0.2,15,2.7080502011022096,0.5,0.010260793723701742,0,1,0.6909090909090909
0,0,1,1,0,13,0,2,24,56,29,0.2,0.2,0.2,0.2,0.2,15,2.7080502011022096,0.5,0.1873458070153894,0,1,0.6964285714285714
1,1,1,0,1,24,1,2,25,57,29,0.2,0.2,0.2,0.2,0.2,15,2.7080502011022096,0.5,0.951388529066113,0,0,0.6842105263157895
1,1,0,0,1,20,0,2,26,58,29,0.2,0.2,0.2,0.2,0.2,15,2.7080502011022096,0.5,0.1762279133363959,0,1,0.6896551724137931
1,0,0,0,0,2,0,2,27,59,29,0.2,0.2,0.2,0.2,0.2,15,2.7080502011022096,0.5,0.1797528744786051,0,1,0.6949152542372882
1,1,0,1,1,28,0,2,28,60,29,0.2,0.2,0.2,0.2,0.2,15,2.7080502011022096,0.5,0.18299265606595266,0,1,0.7
0,0,1,1,1,29,0,2,29,61,29,0.2,0.2,0.2,0.2,0.2,15,2.7080502011022096,0.5,0.18113458484644027,0,1,0.7049180327868853
1,1,0,1,0,12,0,2,30,62,29,0.2,0.2,0.2,0.2,0.2,15,2.7080502011022096,0.5,0.18986028908830546,1,0,0.6935483870967742
1,0,0,1,0,10,0,2,31,63,29,0.2,0.2,0.2,0.2,0.2,15,2.7080502011022096,0.5,0.1929848648786833,0,1,0.6984126984126984
0,0,0,1,0,9,0,2,32,64,29,0.2,0.2,0.2,0.2,0.2,15,2.7080502011022096,0.5,0.010792377825869151,0,1,0.703125
1,1,1,1,1,32,1,3,1,65,29,0.2,0.2,0.2,0.2,0.2,15,2.7080502011022096,0.5,0.9671014993725092,1,1,0.7076923076923077
1,0,1,1,1,30,1,3,2,66,29,0.2,0.2,0.2,0.2,0.2,15,2.7080502011022096,0.5,0.9658267264622651,1,1,0.7121212121212122
0,1,1,1,1,31,0,3,3,67,29,0.2,0.2,0.2,0.2,0.2,15,2.7080502011022096,0.5,0.15498770959687205,0,1,0.7164179104477612
1,1,0,0,1,20,0,3,4,68,29,0.2,0.2,0.2,0.2,0.2,15,2.7080502011022096,0.5,0.11637542284065114,1,0,0.7058823529411765
0,1,0,1,1,27,0,3,5,69,29,0.2,0.2,0.2,0.2,0.2,15,2.7080502011022096,0.5,0.008840822837446517,0,1,0.7101449275362319
0,1,0,0,0,3,0,3,6,70,29,0.2,0.2,0.2,0.2,0.2,15,2.7080502011022096,0.5,0.006341110034860675,0,1,0.7142857142857143
1,0,1,1,0,14,1,3,7,71,29,0.2,0.2,0.2,0.2,0.2,15,2.7080502011022096,0.5,0.9665884941300065,1,1,0.7183098591549296
1,1,0,0,0,4,0,3,8,72,29,0.2,0.2,0.2,0.2,0.2,15,2.7080502011022096,0.5,0.11085067660268942,0,1,0.7222222222222222
0,0,0,0,0,1,0,3,9,73,29,0.2,0.2,0.2,0.2,0.2,15,2.7080502011022096,0.5,0.006261135289666317,0,1,0.726027397260274
0,1,1,1,0,15,0,3,10,74,29,0.2,0.2,0.2,0.2,0.2,15,2.7080502011022096,0.5,0.12072555370090991,0,1,0.7297297297297297
0,0,0,1,1,25,0,3,11,75,29,0.2,0.2,0.2,0.2,0.2,15,2.7080502011022096,0.5,0.009334514929766932,0,1,0.7333333333333333
0,0,1,1,0,13,0,3,12,76,29,0.2,0.2,0.2,0.2,0.2,15,2.7080502011022096,0.5,0.1654094364744695,0,1,0.7368421052631579
1,0,0,0,1,18,0,3,13,77,29,0.2,0.2,0.2,0.2,0.2,15,2.7080502011022096,0.5,0.12430451584864706,0,1,0.7402597402597403
1,0,0,1,0,10,0,3,14,78,29,0.2,0.2,0.2,0.2,0.2,15,2.7080502011022096,0.5,0.17287664757707624,0,1,0.7435897435897436
1,1,0,1,0,12,0,3,15,79,29,0.2,0.2,0.2,0.2,0.2,15,2.7080502011022096,0.5,0.1279824441969561,0,1,0.7468354430379747
0,1,1,0,0,7,0,3,16,80,29,0.2,0.2,0.2,0.2,0.2,15,2.7080502011022096,0.5,0.12532011923383915,0,1,0.75
0,0,1,0,0,5,0,3,17,81,29,0.2,0.2,0.2,0.2,0.2,15,2.7080502011022096,0.5,0.1274361192744805,0,1,0.7530864197530864
1,1,1,1,0,16,1,3,18,82,29,0.2,0.2,0.2,0.2,0.2,15,2.7080502011022096,0.5,0.9576516436458391,1,1,0.7560975609756098
0,0,0,1,0,9,0,3,19,83,29,0.2,0.2,0.2,0.2,0.2,15,2.7080502011022096,0.5,0.009433206219168993,0,1,0.7590361445783133
0,1,0,0,1,19,0,3,20,84,29,0.2,0.2,0.2,0.2,0.2,15,2.7080502011022096,0.5,0.006781014764255318,0,1,0.7619047619047619
0,0,0,0,1,17,0,3,21,85,29,0.2,0.2,0.2,0.2,0.2,15,2.7080502011022096,0.5,0.006770185372972714,0,1,0.7647058823529411
1,0,0,0,0,2,0,3,22,86,29,0.2,0.2,0.2,0.2,0.2,15,2.7080502011022096,0.5,0.1263861639506732,0,1,0.7674418604651163
1,0,1,0,1,22,1,3,23,87,29,0.2,0.2,0.2,0.2,0.2,15,2.7080502011022096,0.5,0.9634127338719767,1,1,0.7701149425287356
1,1,0,1,1,28,0,3,24,88,29,0.2,0.2,0.2,0.2,0.2,15,2.7080502011022096,0.5,0.1706428380170112,1,0,0.7613636363636364
1,0,1,0,0,6,1,3,25,89,29,0.2,0.2,0.2,0.2,0.2,15,2.7080502011022096,0.5,0.9564491961892055,1,1,0.7640449438202247
0,0,1,0,1,21,0,3,26,90,29,0.2,0.2,0.2,0.2,0.2,15,2.7080502011022096,0.5,0.16879282792926328,0,1,0.7666666666666667
0,0,1,1,1,29,0,3,27,91,29,0.2,0.2,0.2,0.2,0.2,15,2.7080502011022096,0.5,0.16779035625720443,0,1,0.7692307692307693
1,1,1,0,0,8,1,3,28,92,29,0.2,0.2,0.2,0.2,0.2,15,2.7080502011022096,0.5,0.9557446929317926,1,1,0.7717391304347826
0,1,1,0,1,23,0,3,29,93,29,0.2,0.2,0.2,0.2,0.2,15,2.7080502011022096,0.5,0.12215404172890963,0,1,0.7741935483870968
1,0,0,1,1,26,0,3,30,94,29,0.2,0.2,0.2,0.2,0.2,15,2.7080502011022096,0.5,0.16538854458788857,0,1,0.776595744680851
0,1,0,1,0,11,0,3,31,95,29,0.2,0.2,0.2,0.2,0.2,15,2.7080502011022096,0.5,0.00933505242893974,0,1,0.7789473684210526
1,1,1,0,1,24,1,3,32,96,29,0.2,0.2,0.2,0.2,0.2,15,2.7080502011022096,0.5,0.956210687597356,1,1,0.78125
1,0,0,0,0,2,0,1,1,1,30,0.2,0.2,0.2,0.2,0.2,15,2.7080502011022096,0.5,0.5,1,0,0
0,1,0,1,0,11,0,1,2,2,30,0.2,0.2,0.2,0.2,0.2,15,2.7080502011022096,0.5,0.5,0,1,0.5
1,0,0,1,1,26,0,1,3,3,30,0.2,0.2,0.2,0.2,0.2,15,2.7080502011022096,0.5,0.5,0,1,0.6666666666666666
1,1,1,0,0,8,1,1,4,4,30,0.2,0.2,0.2,0.2,0.2,15,2.7080502011022096,0.5,0.5,0,0,0.5
1,1,0,0,0,4,0,1,5,5,30,0.2,0.2,0.2,0.2,0.2,15,2.7080502011022096,0.5,0.7403265562664568,1,0,0.4
1,0,1,1,1,30,1,1,6,6,30,0.2,0.2,0.2,0.2,0.2,15,2.7080502011022096,0.5,0.009791241727497204,0,0,0.3333333333333333
1,1,1,1,1,32,1,1,7,7,30,0.2,0.2,0.2,0.2,0.2,15,2.7080502011022096,0.5,0.9745326263190104,1,1,0.42857142857142855
0,0,0,0,1,17,0,1,8,8,30,0.2,0.2,0.2,0.2,0.2,15,2.7080502011022096,0.5,0.03359747569385916,0,1,0.5
0,0,1,1,1,29,0,1,9,9,30,0.2,0.2,0.2,0.2,0.2,15,2.7080502011022096,0.5,0.9448268849994614,1,0,0.4444444444444444
0,1,1,1,0,15,0,1,10,10,30,0.2,0.2,0.2,0.2,0.2,15,2.7080502011022096,0.5,0.16240867719432822,0,1,0.5
0,1,1,0,0,7,0,1,11,11,30,0.2,0.2,0.2,0.2,0.2,15,2.7080502011022096,0.5,0.6787924776156964,0,1,0.5454545454545454
0,0,0,0,0,1,0,1,12,12,30,0.2,0.2,0.2,0.2,0.2,15,2.7080502011022096,0.5,0.003214545911206598,0,1,0.5833333333333334
1,0,0,1,0,10,0,1,13,13,30,0.2,0.2,0.2,0.2,0.2,15,2.7080502011022096,0.5,0.070755183174509,0,1,0.6153846153846154
0,1,0,1,1,27,0,1,14,14,30,0.2,0.2,0.2,0.2,0.2,15,2.7080502011022096,0.5,0.12619494470938586,0,1,0.6428571428571429
1,0,1,1,0,14,1,1,15,15,30,0.2,0.2,0.2,0.2,0.2,15,2.7080502011022096,0.5,0.7692632711257376,0,0,0.6
1,1,0,0,1,20,0,1,16,16,30,0.2,0.2,0.2,0.2,0.2,15,2.7080502011022096,0.5,0.18854309780262143,0,1,0.625
0,1,0,0,0,3,0,1,17,17,30,0.2,0.2,0.2,0.2,0.2,15,2.7080502011022096,0.5,0.03410439915517625,0,1,0.6470588235294118
0,0,0,1,1,25,0,1,18,18,30,0.2,0.2,0.2,0.2,0.2,15,2.7080502011022096,0.5,0.04102394317502089,0,1,0.6666666666666666
0,0,1,0,1,21,0,1,19,19,30,0.2,0.2,0.2,0.2,0.2,15,2.7080502011022096,0.5,0.08468977883611721,0,1,0.6842105263157895
1,0,1,0,1,22,1,1,20,20,30,0.2,0.2,0.2,0.2,0.2,15,2.7080502011022096,0.5,0.7735555452591715,1,1,0.7
1,0,0,0,1,18,0,1,21,21,30,0.2,0.2,0.2,0.2,0.2,15,2.7080502011022096,0.5,0.42697148840092625,0,1,0.7142857142857143
0,0,1,0,0,5,0,1,22,22,30,0.2,0.2,0.2,0.2,0.2,15,2.7080502011022096,0.5,0.12974522311272813,1,0,0.6818181818181818
0,1,1,0,1,23,0,1,23,23,30,0.2,0.2,0.2,0.2,0.2,15,2.7080502011022096,0.5,0.17953636997549302,0,1,0.6956521739130435
1,1,1,0,1,24,1,1,24,24,30,0.2,0.2,0.2,0.2,0.2,15,2.7080502011022096,0.5,0.8319553078312548,0,0,0.6666666666666666
1,1,1,1,0,16,1,1,25,25,30,0.2,0.2,0.2,0.2,0.2,15,2.7080502011022096,0.5,0.8841421089939915,1,1,0.68
1,0,1,0,0,6,1,1,26,26,30,0.2,0.2,0.2,0.2,0.2,15,2.7080502011022096,0.5,0.7777263451942026,1,1,0.6923076923076923
1,1,0,1,0,12,0,1,27,27,30,0.2,0.2,0.2,0.2,0.2,15,2.7080502011022096,0.5,0.44028752855893,0,1,0.7037037037037037
0,1,0,0,1,19,0,1,28,28,30,0.2,0.2,0.2,0.2,0.2,15,2.7080502011022096,0.5,0.024871219289588575,0,1,0.7142857142857143
0,0,1,1,0,13,0,1,29,29,30,0.2,0.2,0.2,0.2,0.2,15,2.7080502011022096,0.5,0.4658427446512919,0,1,0.7241379310344828
0,1,1,1,1,31,0,1,30,30,30,0.2,0.2,0.2,0.2,0.2,15,2.7080502011022096,0.5,0.41312914329508355,0,1,0.7333333333333333
0,0,0,1,0,9,0,1,31,31,30,0.2,0.2,0.2,0.2,0.2,15,2.7080502011022096,0.5,0.028176873351428256,0,1,0.7419354838709677
1,1,0,1,1,28,0,1,32,32,30,0.2,0.2,0.2,0.2,0.2,15,2.7080502011022096,0.5,0.4323879144847446,0,1,0.75
1,0,1,1,0,14,1,2,1,33,30,0.2,0.2,0.2,0.2,0.2,15,2.7080502011022096,0.5,0.9671014993725092,1,1,0.7575757575757576
1,1,0,1,0,12,0,2,2,34,30,0.2,0.2,0.2,0.2,0.2,15,2.7080502011022096,0.5,0.11629608996839336,1,0,0.7352941176470589
1,0,1,0,1,22,1,2,3,35,30,0.2,0.2,0.2,0.2,0.2,15,2.7080502011022096,0.5,0.9646341942051239,1,1,0.7428571428571429
0,0,1,1,1,29,0,2,4,36,30,0.2,0.2,0.2,0.2,0.2,15,2.7080502011022096,0.5,0.11384076056180982,0,1,0.75
1,1,1,0,1,24,1,2,5,37,30,0.2,0.2,0.2,0.2,0.2,15,2.7080502011022096,0.5,0.9636636377897005,1,1,0.7567567567567568
1,1,1,0,0,8,1,2,6,38,30,0.2,0.2,0.2,0.2,0.2,15,2.7080502011022096,0.5,0.9596071444611965,1,1,0.7631578947368421
1,0,0,0,0,2,0,2,7,39,30,0.2,0.2,0.2,0.2,0.2,15,2.7080502011022096,0.5,0.10372758978315855,1,0,0.7435897435897436
0,0,0,0,0,1,0,2,8,40,30,0.2,0.2,0.2,0.2,0.2,15,2.7080502011022096,0.5,0.0054903850883694615,0,1,0.75
0,1,1,1,0,15,0,2,9,41,30,0.2,0.2,0.2,0.2,0.2,15,2.7080502011022096,0.5,0.10686370245555742,0,1,0.7560975609756098
1,0,0,1,1,26,0,2,10,42,30,0.2,0.2,0.2,0.2,0.2,15,2.7080502011022096,0.5,0.11006089243298137,1,0,0.7380952380952381
0,1,1,0,1,23,0,2,11,43,30,0.2,0.2,0.2,0.2,0.2,15,2.7080502011022096,0.5,0.18683173154516444,1,0,0.7209302325581395
0,1,0,0,1,19,0,2,12,44,30,0.2,0.2,0.2,0.2,0.2,15,2.7080502011022096,0.5,0.010788079031633794,0,1,0.7272727272727273
0,0,1,0,0,5,0,2,13,45,30,0.2,0.2,0.2,0.2,0.2,15,2.7080502011022096,0.5,0.11975201778601337,1,0,0.7111111111111111
1,0,0,1,0,10,0,2,14,46,30,0.2,0.2,0.2,0.2,0.2,15,2.7080502011022096,0.5,0.17771778235358257,0,1,0.717391304347826
0,0,1,1,0,13,0,2,15,47,30,0.2,0.2,0.2,0.2,0.2,15,2.7080502011022096,0.5,0.18183983969546047,0,1,0.723404255319149
1,1,1,1,0,16,1,2,16,48,30,0.2,0.2,0.2,0.2,0.2,15,2.7080502011022096,0.5,0.9426973017570268,1,1,0.7291666666666666
0,1,0,0,0,3,0,2,17,49,30,0.2,0.2,0.2,0.2,0.2,15,2.7080502011022096,0.5,0.01078428190009658,0,1,0.7346938775510204
0,1,1,1,1,31,0,2,18,50,30,0.2,0.2,0.2,0.2,0.2,15,2.7080502011022096,0.5,0.11268252979910005,0,1,0.74
0,0,0,1,0,9,0,2,19,51,30,0.2,0.2,0.2,0.2,0.2,15,2.7080502011022096,0.5,0.010726666775394213,0,1,0.7450980392156863
0,0,0,1,1,25,0,2,20,52,30,0.2,0.2,0.2,0.2,0.2,15,2.7080502011022096,0.5,0.006331298332279896,0,1,0.75
1,1,0,0,1,20,0,2,21,53,30,0.2,0.2,0.2,0.2,0.2,15,2.7080502011022096,0.5,0.20860560983284146,0,1,0.7547169811320755
0,1,0,1,0,11,0,2,22,54,30,0.2,0.2,0.2,0.2,0.2,15,2.7080502011022096,0.5,0.011455251550624306,0,1,0.7592592592592593
1,0,1,1,1,30,1,2,23,55,30,0.2,0.2,0.2,0.2,0.2,15,2.7080502011022096,0.5,0.9457035866043274,1,1,0.7636363636363637
1,1,1,1,1,32,1,2,24,56,30,0.2,0.2,0.2,0.2,0.2,15,2.7080502011022096,0.5,0.9545068499968224,1,1,0.7678571428571429
0,1,0,1,1,27,0,2,25,57,30,0.2,0.2,0.2,0.2,0.2,15,2.7080502011022096,0.5,0.010401061565658617,1,0,0.7543859649122807
1,1,0,0,0,4,0,2,26,58,30,0.2,0.2,0.2,0.2,0.2,15,2.7080502011022096,0.5,0.18109515193358133,0,1,0.7586206896551724
0,0,0,0,1,17,0,2,27,59,30,0.2,0.2,0.2,0.2,0.2,15,2.7080502011022096,0.5,0.01101522704834448,0,1,0.7627118644067796
0,0,1,0,1,21,0,2,28,60,30,0.2,0.2,0.2,0.2,0.2,15,2.7080502011022096,0.5,0.18781863577838986,1,0,0.75
1,0,1,0,0,6,1,2,29,61,30,0.2,0.2,0.2,0.2,0.2,15,2.7080502011022096,0.5,0.9445992240837016,1,1,0.7540983606557377
0,1,1,0,0,7,0,2,30,62,30,0.2,0.2,0.2,0.2,0.2,15,2.7080502011022096,0.5,0.18421946483092702,0,1,0.7580645161290323
1,0,0,0,1,18,0,2,31,63,30,0.2,0.2,0.2,0.2,0.2,15,2.7080502011022096,0.5,0.1878077686343269,1,0,0.746031746031746
1,1,0,1,1,28,0,2,32,64,30,0.2,0.2,0.2,0.2,0.2,15,2.7080502011022096,0.5,0.19084312900377004,0,1,0.75
0,1,0,0,1,19,0,3,1,65,30,0.2,0.2,0.2,0.2,0.2,15,2.7080502011022096,0.5,0.006717422505909638,0,1,0.7538461538461538
0,1,1,1,1,31,0,3,2,66,30,0.2,0.2,0.2,0.2,0.2,15,2.7080502011022096,0.5,0.1264485269709925,1,0,0.7424242424242424
1,0,1,0,1,22,1,3,3,67,30,0.2,0.2,0.2,0.2,0.2,15,2.7080502011022096,0.5,0.9683438150701064,1,1,0.746268656716418
1,1,1,1,1,32,1,3,4,68,30,0.2,0.2,0.2,0.2,0.2,15,2.7080502011022096,0.5,0.9597049297584733,1,1,0.75
0,1,0,1,0,11,0,3,5,69,30,0.2,0.2,0.2,0.2,0.2,15,2.7080502011022096,0.5,0.0063440270936629285,0,1,0.7536231884057971
1,0,0,0,0,2,0,3,6,70,30,0.2,0.2,0.2,0.2,0.2,15,2.7080502011022096,0.5,0.12044187953776805,0,1,0.7571428571428571
1,0,1,1,1,30,1,3,7,71,30,0.2,0.2,0.2,0.2,0.2,15,2.7080502011022096,0.5,0.9668903043554512,1,1,0.7605633802816901
0,1,1,0,0,7,0,3,8,72,30,0.2,0.2,0.2,0.2,0.2,15,2.7080502011022096,0.5,0.11455374959713718,0,1,0.7638888888888888
0,0,1,0,1,21,0,3,9,73,30,0.2,0.2,0.2,0.2,0.2,15,2.7080502011022096,0.5,0.16065702640969287,0,1,0.7671232876712328
1,0,0,0,1,18,0,3,10,74,30,0.2,0.2,0.2,0.2,0.2,15,2.7080502011022096,0.5,0.16059661365142455,0,1,0.7702702702702703
0,0,0,1,1,25,0,3,11,75,30,0.2,0.2,0.2,0.2,0.2,15,2.7080502011022096,0.5,0.009488559390061612,0,1,0.7733333333333333
1,0,1,0,0,6,1,3,12,76,30,0.2,0.2,0.2,0.2,0.2,15,2.7080502011022096,0.5,0.9596311442366517,1,1,0.7763157894736842
0,0,0,1,0,9,0,3,13,77,30,0.2,0.2,0.2,0.2,0.2,15,2.7080502011022096,0.5,0.006301297215569126,0,1,0.7792207792207793
0,0,1,0,0,5,0,3,14,78,30,0.2,0.2,0.2,0.2,0.2,15,2.7080502011022096,0.5,0.1582879736380972,0,1,0.782051282051282
1,1,0,1,0,12,0,3,15,79,30,0.2,0.2,0.2,0.2,0.2,15,2.7080502011022096,0.5,0.12075661462618341,1,0,0.7721518987341772
0,1,0,0,0,3,0,3,16,80,30,0.2,0.2,0.2,0.2,0.2,15,2.7080502011022096,0.5,0.006364811918549905,0,1,0.775
0,0,1,1,0,13,0,3,17,81,30,0.2,0.2,0.2,0.2,0.2,15,2.7080502011022096,0.5,0.12419847463224694,0,1,0.7777777777777778
0,1,1,0,1,23,0,3,18,82,30,0.2,0.2,0.2,0.2,0.2,15,2.7080502011022096,0.5,0.12214069061864531,0,1,0.7804878048780488
1,0,0,1,1,26,0,3,19,83,30,0.2,0.2,0.2,0.2,0.2,15,2.7080502011022096,0.5,0.17174988366613125,0,1,0.7831325301204819
1,1,1,0,0,8,1,3,20,84,30,0.2,0.2,0.2,0.2,0.2,15,2.7080502011022096,0.5,0.9614627959323662,1,1,0.7857142857142857
0,1,1,1,0,15,0,3,21,85,30,0.2,0.2,0.2,0.2,0.2,15,2.7080502011022096,0.5,0.120092379639696,0,1,0.788235294117647
0,0,0,0,0,1,0,3,22,86,30,0.2,0.2,0.2,0.2,0.2,15,2.7080502011022096,0.5,0.009259123807052821,0,1,0.7906976744186046
0,0,1,1,1,29,0,3,23,87,30,0.2,0.2,0.2,0.2,0.2,15,2.7080502011022096,0.5,0.1658860119724844,0,1,0.7931034482758621
1,1,1,1,0,16,1,3,24,88,30,0.2,0.2,0.2,0.2,0.2,15,2.7080502011022096,0.5,0.9563991663606504,1,1,0.7954545454545454
1,1,0,0,1,20,0,3,25,89,30,0.2,0.2,0.2,0.2,0.2,15,2.7080502011022096,0.5,0.12652637527615843,0,1,0.797752808988764
1,0,1,1,0,14,1,3,26,90,30,0.2,0.2,0.2,0.2,0.2,15,2.7080502011022096,0.5,0.9611470845737722,1,1,0.8
0,1,0,1,1,27,0,3,27,91,30,0.2,0.2,0.2,0.2,0.2,15,2.7080502011022096,0.5,0.008858324830717775,0,1,0.8021978021978022
0,0,0,0,1,17,0,3,28,92,30,0.2,0.2,0.2,0.2,0.2,15,2.7080502011022096,0.5,0.008824367260335976,0,1,0.8043478260869565
1,1,0,0,0,4,0,3,29,93,30,0.2,0.2,0.2,0.2,0.2,15,2.7080502011022096,0.5,0.1617903056739484,0,1,0.8064516129032258
1,1,1,0,1,24,1,3,30,94,30,0.2,0.2,0.2,0.2,0.2,15,2.7080502011022096,0.5,0.9553173298172183,1,1,0.8085106382978723
1,0,0,1,0,10,0,3,31,95,30,0.2,0.2,0.2,0.2,0.2,15,2.7080502011022096,0.5,0.159812284664039,0,1,0.8105263157894737
1,1,0,1,1,28,0,3,32,96,30,0.2,0.2,0.2,0.2,0.2,15,2.7080502011022096,0.5,0.16159936577959777,0,1,0.8125
0,1,0,0,0,3,0,1,1,1,31,0.3,0.1,0.3,0.15,0.15,0.5,-0.6931471805599453,0.5,0.5,1,0,0
0,1,1,1,0,15,0,1,2,2,31,0.3,0.1,0.3,0.15,0.15,0.5,-0.6931471805599453,0.5,0.5,1,0,0
1,1,0,1,0,12,0,1,3,3,31,0.3,0.1,0.3,0.15,0.15,0.5,-0.6931471805599453,0.5,0.5,1,0,0
0,1,1,1,1,31,0,1,4,4,31,0.3,0.1,0.3,0.15,0.15,0.5,-0.6931471805599453,0.5,0.5,1,0,0
0,0,1,1,1,29,0,1,5,5,31,0.3,0.1,0.3,0.15,0.15,0.5,-0.6931471805599453,0.5,0.5,1,0,0
0,0,0,0,0,1,0,1,6,6,31,0.3,0.1,0.3,0.15,0.15,0.5,-0.6931471805599453,0.5,0.5,1,0,0
1,0,0,1,0,10,0,1,7,7,31,0.3,0.1,0.3,0.15,0.15,0.5,-0.6931471805599453,0.5,0.5,0,1,0.14285714285714285
0,1,1,0,0,7,0,1,8,8,31,0.3,0.1,0.3,0.15,0.15,0.5,-0.6931471805599453,0.5,0.5,0,1,0.25
0,0,1,0,0,5,0,1,9,9,31,0.3,0.1,0.3,0.15,0.15,0.5,-0.6931471805599453,0.5,0.5,1,0,0.2222222222222222
0,1,1,0,1,23,0,1,10,10,31,0.3,0.1,0.3,0.15,0.15,0.5,-0.6931471805599453,0.5,0.5,1,0,0.2
0,0,1,1,0,13,0,1,11,11,31,0.3,0.1,0.3,0.15,0.15,0.5,-0.6931471805599453,0.5,0.5,0,1,0.2727272727272727
1,1,1,0,0,8,1,1,12,12,31,0.3,0.1,0.3,0.15,0.15,0.5,-0.6931471805599453,0.5,0.5,0,0,0.25
1,1,0,0,0,4,0,1,13,13,31,0.3,0.1,0.3,0.15,0.15,0.5,-0.6931471805599453,0.5,0.5356452875607219,1,0,0.23076923076923078
1,1,0,0,1,20,0,1,14,14,31,0.3,0.1,0.3,0.15,0.15,0.5,-0.6931471805599453,0.5,0.520359674450022,0,1,0.2857142857142857
0,0,0,0,1,17,0,1,15,15,31,0.3,0.1,0.3,0.15,0.15,0.5,-0.6931471805599453,0.5,0.4541652064578748,1,0,0.26666666666666666
0,0,0,1,0,9,0,1,16,16,31,0.3,0.1,0.3,0.15,0.15,0.5,-0.6931471805599453,0.5,0.4471809025410618,1,0,0.25
1,1,1,1,1,32,1,1,17,17,31,0.3,0.1,0.3,0.15,0.15,0.5,-0.6931471805599453,0.5,0.5370185803746542,1,1,0.29411764705882354
1,0,0,1,1,26,0,1,18,18,31,0.3,0.1,0.3,0.15,0.15,0.5,-0.6931471805599453,0.5,0.5041285603708071,1,0,0.2777777777777778
1,0,0,0,0,2,0,1,19,19,31,0.3,0.1,0.3,0.15,0.15,0.5,-0.6931471805599453,0.5,0.4943558756687617,0,1,0.3157894736842105
1,0,0,0,1,18,0,1,20,20,31,0.3,0.1,0.3,0.15,0.15,0.5,-0.6931471805599453,0.5,0.49527259315701516,1,0,0.3
0,1,0,1,1,27,0,1,21,21,31,0.3,0.1,0.3,0.15,0.15,0.5,-0.6931471805599453,0.5,0.46442892457106816,1,0,0.2857142857142857
1,0,1,0,0,6,1,1,22,22,31,0.3,0.1,0.3,0.15,0.15,0.5,-0.6931471805599453,0.5,0.5385801681049326,1,1,0.3181818181818182
1,0,1,1,0,14,1,1,23,23,31,0.3,0.1,0.3,0.15,0.15,0.5,-0.6931471805599453,0.5,0.542963215159273,0,0,0.30434782608695654
1,1,1,0,1,24,1,1,24,24,31,0.3,0.1,0.3,0.15,0.15,0.5,-0.6931471805599453,0.5,0.5432463189268526,1,1,0.3333333333333333
1,1,1,1,0,16,1,1,25,25,31,0.3,0.1,0.3,0.15,0.15,0.5,-0.6931471805599453,0.5,0.5469986356818753,1,1,0.36
1,0,1,0,1,22,1,1,26,26,31,0.3,0.1,0.3,0.15,0.15,0.5,-0.6931471805599453,0.5,0.5421676619154207,1,1,0.38461538461538464
0,0,1,0,1,21,0,1,27,27,31,0.3,0.1,0.3,0.15,0.15,0.5,-0.6931471805599453,0.5,0.4980519510480881,1,0,0.37037037037037035
0,1,0,0,1,19,0,1,28,28,31,0.3,0.1,0.3,0.15,0.15,0.5,-0.6931471805599453,0.5,0.454306090975988,1,0,0.35714285714285715
1,1,0,1,1,28,0,1,29,29,31,0.3,0.1,0.3,0.15,0.15,0.5,-0.6931471805599453,0.5,0.5003131880353894,1,0,0.3448275862068966
0,1,0,1,0,11,0,1,30,30,31,0.3,0.1,0.3,0.15,0.15,0.5,-0.6931471805599453,0.5,0.4537492133430208,0,1,0.36666666666666664
1,0,1,1,1,30,1,1,31,31,31,0.3,0.1,0.3,0.15,0.15,0.5,-0.6931471805599453,0.5,0.5454984777825301,0,0,0.3548387096774194
0,0,0,1,1,25,0,1,32,32,31,0.3,0.1,0.3,0.15,0.15,0.5,-0.6931471805599453,0.5,0.45187568211397267,0,1,0.375
0,0,0,0,0,1,0,2,1,33,31,0.3,0.1,0.3,0.15,0.15,0.5,-0.6931471805599453,0.5,0.4495373837958407,0,1,0.3939393939393939
1,0,1,0,0,6,1,2,2,34,31,0.3,0.1,0.3,0.15,0.15,0.5,-0.6931471805599453,0.5,0.5492670767144742,0,0,0.38235294117647056
0,1,0,0,1,19,0,2,3,35,31,0.3,0.1,0.3,0.15,0.15,0.5,-0.6931471805599453,0.5,0.4480873524108489,1,0,0.37142857142857144
0,0,1,1,0,13,0,2,4,36,31,0.3,0.1,0.3,0.15,0.15,0.5,-0.6931471805599453,0.5,0.49962501981437363,1,0,0.3611111111111111
1,0,0,0,0,2,0,2,5,37,31,0.3,0.1,0.3,0.15,0.15,0.5,-0.6931471805599453,0.5,0.5015757405536406,0,1,0.3783783783783784
0,1,0,1,0,11,0,2,6,38,31,0.3,0.1,0.3,0.15,0.15,0.5,-0.6931471805599453,0.5,0.4484614192910835,0,1,0.39473684210526316
1,0,1,1,0,14,1,2,7,39,31,0.3,0.1,0.3,0.15,0.15,0.5,-0.6931471805599453,0.5,0.5505834333076204,0,0,0.38461538461538464
0,1,0,1,1,27,0,2,8,40,31,0.3,0.1,0.3,0.15,0.15,0.5,-0.6931471805599453,0.5,0.4461914283299089,1,0,0.375
1,1,0,1,0,12,0,2,9,41,31,0.3,0.1,0.3,0.15,0.15,0.5,-0.6931471805599453,0.5,0.4983791962470551,0,1,0.3902439024390244
1,1,1,1,0,16,1,2,10,42,31,0.3,0.1,0.3,0.15,0.15,0.5,-0.6931471805599453,0.5,0.5503224647211858,0,0,0.38095238095238093
0,1,1,1,1,31,0,2,11,43,31,0.3,0.1,0.3,0.15,0.15,0.5,-0.6931471805599453,0.5,0.49753709457781115,1,0,0.37209302325581395
1,1,1,0,0,8,1,2,12,44,31,0.3,0.1,0.3,0.15,0.15,0.5,-0.6931471805599453,0.5,0.5514904681387462,0,0,0.36363636363636365
1,1,0,0,0,4,0,2,13,45,31,0.3,0.1,0.3,0.15,0.15,0.5,-0.6931471805599453,0.5,0.5008459977975194,0,1,0.37777777777777777
1,0,1,0,1,22,1,2,14,46,31,0.3,0.1,0.3,0.15,0.15,0.5,-0.6931471805599453,0.5,0.5489511632475803,1,1,0.391304347826087
1,1,0,0,1,20,0,2,15,47,31,0.3,0.1,0.3,0.15,0.15,0.5,-0.6931471805599453,0.5,0.49570417278891116,1,0,0.3829787234042553
0,0,0,0,1,17,0,2,16,48,31,0.3,0.1,0.3,0.15,0.15,0.5,-0.6931471805599453,0.5,0.44918070418997225,0,1,0.3958333333333333
1,1,1,0,1,24,1,2,17,49,31,0.3,0.1,0.3,0.15,0.15,0.5,-0.6931471805599453,0.5,0.5482202233161653,0,0,0.3877551020408163
0,0,0,1,0,9,0,2,18,50,31,0.3,0.1,0.3,0.15,0.15,0.5,-0.6931471805599453,0.5,0.4487440051632585,1,0,0.38
0,0,1,0,1,21,0,2,19,51,31,0.3,0.1,0.3,0.15,0.15,0.5,-0.6931471805599453,0.5,0.5013216667438251,0,1,0.39215686274509803
0,1,0,0,0,3,0,2,20,52,31,0.3,0.1,0.3,0.15,0.15,0.5,-0.6931471805599453,0.5,0.4498576851234134,1,0,0.38461538461538464
1,1,1,1,1,32,1,2,21,53,31,0.3,0.1,0.3,0.15,0.15,0.5,-0.6931471805599453,0.5,0.5493759389473207,1,1,0.39622641509433965
0,1,1,1,0,15,0,2,22,54,31,0.3,0.1,0.3,0.15,0.15,0.5,-0.6931471805599453,0.5,0.49945023282235457,1,0,0.3888888888888889
1,0,0,1,1,26,0,2,23,55,31,0.3,0.1,0.3,0.15,0.15,0.5,-0.6931471805599453,0.5,0.49830185167666274,1,0,0.38181818181818183
0,1,1,0,0,7,0,2,24,56,31,0.3,0.1,0.3,0.15,0.15,0.5,-0.6931471805599453,0.5,0.5002091659206647,0,1,0.39285714285714285
0,0,0,1,1,25,0,2,25,57,31,0.3,0.1,0.3,0.15,0.15,0.5,-0.6931471805599453,0.5,0.44798461411075596,0,1,0.40350877192982454
1,0,0,1,0,10,0,2,26,58,31,0.3,0.1,0.3,0.15,0.15,0.5,-0.6931471805599453,0.5,0.4977984991889494,0,1,0.41379310344827586
0,0,1,1,1,29,0,2,27,59,31,0.3,0.1,0.3,0.15,0.15,0.5,-0.6931471805599453,0.5,0.49792358733487574,1,0,0.4067796610169492
1,1,0,1,1,28,0,2,28,60,31,0.3,0.1,0.3,0.15,0.15,0.5,-0.6931471805599453,0.5,0.49753638061953864,0,1,0.4166666666666667
0,1,1,0,1,23,0,2,29,61,31,0.3,0.1,0.3,0.15,0.15,0.5,-0.6931471805599453,0.5,0.5001926579787732,0,1,0.4262295081967213
1,0,1,1,1,30,1,2,30,62,31,0.3,0.1,0.3,0.15,0.15,0.5,-0.6931471805599453,0.5,0.54788788943185,0,0,0.41935483870967744
1,0,0,0,1,18,0,2,31,63,31,0.3,0.1,0.3,0.15,0.15,0.5,-0.6931471805599453,0.5,0.49892691170649983,1,0,0.4126984126984127
0,0,1,0,0,5,0,2,32,64,31,0.3,0.1,0.3,0.15,0.15,0.5,-0.6931471805599453,0.5,0.4995809119423031,0,1,0.421875
0,0,1,0,1,21,0,3,1,65,31,0.3,0.1,0.3,0.15,0.15,0.5,-0.6931471805599453,0.5,0.49812851298230415,0,1,0.4307692307692308
1,0,0,0,1,18,0,3,2,66,31,0.3,0.1,0.3,0.15,0.15,0.5,-0.6931471805599453,0.5,0.498421976931694,0,1,0.4393939393939394
0,0,1,1,1,29,0,3,3,67,31,0.3,0.1,0.3,0.15,0.15,0.5,-0.6931471805599453,0.5,0.4978549511667509,0,1,0.44776119402985076
0,1,1,0,0,7,0,3,4,68,31,0.3,0.1,0.3,0.15,0.15,0.5,-0.6931471805599453,0.5,0.49814728113071516,1,0,0.4411764705882353
0,0,0,1,0,9,0,3,5,69,31,0.3,0.1,0.3,0.15,0.15,0.5,-0.6931471805599453,0.5,0.45098414843190543,1,0,0.43478260869565216
0,1,0,1,0,11,0,3,6,70,31,0.3,0.1,0.3,0.15,0.15,0.5,-0.6931471805599453,0.5,0.45063274099948697,0,1,0.44285714285714284
0,1,1,0,1,23,0,3,7,71,31,0.3,0.1,0.3,0.15,0.15,0.5,-0.6931471805599453,0.5,0.4969787870786282,1,0,0.43661971830985913
1,0,1,0,1,22,1,3,8,72,31,0.3,0.1,0.3,0.15,0.15,0.5,-0.6931471805599453,0.5,0.5484103338878485,1,1,0.4444444444444444
1,0,0,0,0,2,0,3,9,73,31,0.3,0.1,0.3,0.15,0.15,0.5,-0.6931471805599453,0.5,0.5004067379430619,1,0,0.4383561643835616
1,1,1,1,1,32,1,3,10,74,31,0.3,0.1,0.3,0.15,0.15,0.5,-0.6931471805599453,0.5,0.5490102980027732,1,1,0.44594594594594594
0,0,0,0,1,17,0,3,11,75,31,0.3,0.1,0.3,0.15,0.15,0.5,-0.6931471805599453,0.5,0.45060129738338156,0,1,0.4533333333333333
0,0,0,0,0,1,0,3,12,76,31,0.3,0.1,0.3,0.15,0.15,0.5,-0.6931471805599453,0.5,0.4479245733192643,1,0,0.4473684210526316
0,0,1,0,0,5,0,3,13,77,31,0.3,0.1,0.3,0.15,0.15,0.5,-0.6931471805599453,0.5,0.49488531822813625,0,1,0.45454545454545453
0,1,1,1,1,31,0,3,14,78,31,0.3,0.1,0.3,0.15,0.15,0.5,-0.6931471805599453,0.5,0.49877678372920226,1,0,0.44871794871794873
1,1,1,1,0,16,1,3,15,79,31,0.3,0.1,0.3,0.15,0.15,0.5,-0.6931471805599453,0.5,0.5493029205387735,0,0,0.4430379746835443
1,1,1,0,1,24,1,3,16,80,31,0.3,0.1,0.3,0.15,0.15,0.5,-0.6931471805599453,0.5,0.5492458175409304,0,0,0.4375
1,1,0,1,1,28,0,3,17,81,31,0.3,0.1,0.3,0.15,0.15,0.5,-0.6931471805599453,0.5,0.5032926515339056,1,0,0.43209876543209874
0,1,0,1,1,27,0,3,18,82,31,0.3,0.1,0.3,0.15,0.15,0.5,-0.6931471805599453,0.5,0.45190564771667535,0,1,0.43902439024390244
1,0,0,1,0,10,0,3,19,83,31,0.3,0.1,0.3,0.15,0.15,0.5,-0.6931471805599453,0.5,0.4987812115340442,0,1,0.4457831325301205
1,1,1,0,0,8,1,3,20,84,31,0.3,0.1,0.3,0.15,0.15,0.5,-0.6931471805599453,0.5,0.5491749979173984,1,1,0.4523809523809524
0,0,1,1,0,13,0,3,21,85,31,0.3,0.1,0.3,0.15,0.15,0.5,-0.6931471805599453,0.5,0.49528533383714585,0,1,0.4588235294117647
0,1,1,1,0,15,0,3,22,86,31,0.3,0.1,0.3,0.15,0.15,0.5,-0.6931471805599453,0.5,0.49683108789586006,1,0,0.45348837209302323
1,1,0,0,1,20,0,3,23,87,31,0.3,0.1,0.3,0.15,0.15,0.5,-0.6931471805599453,0.5,0.5027938965504215,0,1,0.45977011494252873
0,1,0,0,1,19,0,3,24,88,31,0.3,0.1,0.3,0.15,0.15,0.5,-0.6931471805599453,0.5,0.452096382151093,1,0,0.45454545454545453
1,0,1,1,0,14,1,3,25,89,31,0.3,0.1,0.3,0.15,0.15,0.5,-0.6931471805599453,0.5,0.5474373879870121,1,1,0.4606741573033708
0,1,0,0,0,3,0,3,26,90,31,0.3,0.1,0.3,0.15,0.15,0.5,-0.6931471805599453,0.5,0.45038988981385986,0,1,0.4666666666666667
1,1,0,0,0,4,0,3,27,91,31,0.3,0.1,0.3,0.15,0.15,0.5,-0.6931471805599453,0.5,0.5001056920946825,0,1,0.4725274725274725
1,0,1,0,0,6,1,3,28,92,31,0.3,0.1,0.3,0.15,0.15,0.5,-0.6931471805599453,0.5,0.5481782206289213,0,0,0.4673913043478261
1,0,1,1,1,30,1,3,29,93,31,0.3,0.1,0.3,0.15,0.15,0.5,-0.6931471805599453,0.5,0.5487362495187095,1,1,0.4731182795698925
0,0,0,1,1,25,0,3,30,94,31,0.3,0.1,0.3,0.15,0.15,0.5,-0.6931471805599453,0.5,0.45020836463224806,1,0,0.46808510638297873
1,1,0,1,0,12,0,3,31,95,31,0.3,0.1,0.3,0.15,0.15,0.5,-0.6931471805599453,0.5,0.4995433122739698,1,0,0.4631578947368421
1,0,0,1,1,26,0,3,32,96,31,0.3,0.1,0.3,0.15,0.15,0.5,-0.6931471805599453,0.5,0.49908901351898466,0,1,0.46875
0,0,0,1,1,25,0,1,1,1,32,0.3,0.1,0.3,0.15,0.15,0.5,-0.6931471805599453,0.5,0.5,0,1,1
1,0,0,0,1,18,0,1,2,2,32,0.3,0.1,0.3,0.15,0.15,0.5,-0.6931471805599453,0.5,0.5,1,0,0.5
1,1,1,1,0,16,1,1,3,3,32,0.3,0.1,0.3,0.15,0.15,0.5,-0.6931471805599453,0.5,0.5,1,1,0.6666666666666666
1,1,0,0,1,20,0,1,4,4,32,0.3,0.1,0.3,0.15,0.15,0.5,-0.6931471805599453,0.5,0.4641081350451488,0,1,0.75
0,0,1,0,1,21,0,1,5,5,32,0.3,0.1,0.3,0.15,0.15,0.5,-0.6931471805599453,0.5,0.4850899871872806,1,0,0.6
1,1,1,0,0,8,1,1,6,6,32,0.3,0.1,0.3,0.15,0.15,0.5,-0.6931471805599453,0.5,0.5592888656170435,0,0,0.5
1,1,0,0,0,4,0,1,7,7,32,0.3,0.1,0.3,0.15,0.15,0.5,-0.6931471805599453,0.5,0.5115420642226278,1,0,0.42857142857142855
1,0,1,0,0,6,1,1,8,8,32,0.3,0.1,0.3,0.15,0.15,0.5,-0.6931471805599453,0.5,0.5459287065643377,0,0,0.375
1,0,0,1,1,26,0,1,9,9,32,0.3,0.1,0.3,0.15,0.15,0.5,-0.6931471805599453,0.5,0.46804436197033644,0,1,0.4444444444444444
1,1,1,0,1,24,1,1,10,10,32,0.3,0.1,0.3,0.15,0.15,0.5,-0.6931471805599453,0.5,0.5314302565153329,0,0,0.4
0,0,1,0,0,5,0,1,11,11,32,0.3,0.1,0.3,0.15,0.15,0.5,-0.6931471805599453,0.5,0.5243686688418546,1,0,0.36363636363636365
0,1,0,1,1,27,0,1,12,12,32,0.3,0.1,0.3,0.15,0.15,0.5,-0.6931471805599453,0.5,0.45302766299794317,1,0,0.3333333333333333
1,0,1,0,1,22,1,1,13,13,32,0.3,0.1,0.3,0.15,0.15,0.5,-0.6931471805599453,0.5,0.5344296253607862,1,1,0.38461538461538464
0,1,1,0,1,23,0,1,14,14,32,0.3,0.1,0.3,0.15,0.15,0.5,-0.6931471805599453,0.5,0.5074528225118704,0,1,0.42857142857142855
0,1,0,0,1,19,0,1,15,15,32,0.3,0.1,0.3,0.15,0.15,0.5,-0.6931471805599453,0.5,0.451531197772524,0,1,0.4666666666666667
0,0,0,1,0,9,0,1,16,16,32,0.3,0.1,0.3,0.15,0.15,0.5,-0.6931471805599453,0.5,0.45514871023042724,1,0,0.4375
0,0,1,1,0,13,0,1,17,17,32,0.3,0.1,0.3,0.15,0.15,0.5,-0.6931471805599453,0.5,0.5027871865656878,0,1,0.47058823529411764
1,0,1,1,0,14,1,1,18,18,32,0.3,0.1,0.3,0.15,0.15,0.5,-0.6931471805599453,0.5,0.5478400325614925,1,1,0.5
1,1,0,1,1,28,0,1,19,19,32,0.3,0.1,0.3,0.15,0.15,0.5,-0.6931471805599453,0.5,0.49091448123964293,0,1,0.5263157894736842
0,1,1,0,0,7,0,1,20,20,32,0.3,0.1,0.3,0.15,0.15,0.5,-0.6931471805599453,0.5,0.5102362159101914,0,1,0.55
0,0,0,0,1,17,0,1,21,21,32,0.3,0.1,0.3,0.15,0.15,0.5,-0.6931471805599453,0.5,0.4478018331133238,1,0,0.5238095238095238
1,1,1,1,1,32,1,1,22,22,32,0.3,0.1,0.3,0.15,0.15,0.5,-0.6931471805599453,0.5,0.5423211670116245,0,0,0.5
0,0,1,1,1,29,0,1,23,23,32,0.3,0.1,0.3,0.15,0.15,0.5,-0.6931471805599453,0.5,0.49321732486252756,0,1,0.5217391304347826
0,1,1,1,1,31,0,1,24,24,32,0.3,0.1,0.3,0.15,0.15,0.5,-0.6931471805599453,0.5,0.4930254711289951,0,1,0.5416666666666666
1,0,0,0,0,2,0,1,25,25,32,0.3,0.1,0.3,0.15,0.15,0.5,-0.6931471805599453,0.5,0.5075391992937563,0,1,0.56
1,0,1,1,1,30,1,1,26,26,32,0.3,0.1,0.3,0.15,0.15,0.5,-0.6931471805599453,0.5,0.5409914858714654,1,1,0.5769230769230769
0,1,1,1,0,15,0,1,27,27,32,0.3,0.1,0.3,0.15,0.15,0.5,-0.6931471805599453,0.5,0.5007626450066339,0,1,0.5925925925925926
0,1,0,0,0,3,0,1,28,28,32,0.3,0.1,0.3,0.15,0.15,0.5,-0.6931471805599453,0.5,0.4547601538771087,0,1,0.6071428571428571
0,1,0,1,0,11,0,1,29,29,32,0.3,0.1,0.3,0.15,0.15,0.5,-0.6931471805599453,0.5,0.45368388721336045,1,0,0.5862068965517241
1,1,0,1,0,12,0,1,30,30,32,0.3,0.1,0.3,0.15,0.15,0.5,-0.6931471805599453,0.5,0.5035297943462689,0,1,0.6
0,0,0,0,0,1,0,1,31,31,32,0.3,0.1,0.3,0.15,0.15,0.5,-0.6931471805599453,0.5,0.4516549187965767,0,1,0.6129032258064516
1,0,0,1,0,10,0,1,32,32,32,0.3,0.1,0.3,0.15,0.15,0.5,-0.6931471805599453,0.5,0.5011055161599992,1,0,0.59375
0,0,1,1,1,29,0,2,1,33,32,0.3,0.1,0.3,0.15,0.15,0.5,-0.6931471805599453,0.5,0.49812851298230415,0,1,0.6060606060606061
1,0,1,1,1,30,1,2,2,34,32,0.3,0.1,0.3,0.15,0.15,0.5,-0.6931471805599453,0.5,0.5476754834345738,1,1,0.6176470588235294
1,1,1,0,1,24,1,2,3,35,32,0.3,0.1,0.3,0.15,0.15,0.5,-0.6931471805599453,0.5,0.5482910195683768,0,0,0.6
1,0,0,0,1,18,0,2,4,36,32,0.3,0.1,0.3,0.15,0.15,0.5,-0.6931471805599453,0.5,0.5012064432989024,1,0,0.5833333333333334
0,1,0,1,0,11,0,2,5,37,32,0.3,0.1,0.3,0.15,0.15,0.5,-0.6931471805599453,0.5,0.44972497297194225,0,1,0.5945945945945946
1,0,0,1,0,10,0,2,6,38,32,0.3,0.1,0.3,0.15,0.15,0.5,-0.6931471805599453,0.5,0.49619010317570716,1,0,0.5789473684210527
0,1,1,0,1,23,0,2,7,39,32,0.3,0.1,0.3,0.15,0.15,0.5,-0.6931471805599453,0.5,0.5024347732295605,0,1,0.5897435897435898
0,0,0,0,0,1,0,2,8,40,32,0.3,0.1,0.3,0.15,0.15,0.5,-0.6931471805599453,0.5,0.44899581985619275,0,1,0.6
1,0,0,0,0,2,0,2,9,41,32,0.3,0.1,0.3,0.15,0.15,0.5,-0.6931471805599453,0.5,0.4956602693737455,1,0,0.5853658536585366
0,1,1,1,1,31,0,2,10,42,32,0.3,0.1,0.3,0.15,0.15,0.5,-0.6931471805599453,0.5,0.5020675644760267,1,0,0.5714285714285714
1,1,0,1,1,28,0,2,11,43,32,0.3,0.1,0.3,0.15,0.15,0.5,-0.6931471805599453,0.5,0.50062712288444,1,0,0.5581395348837209
1,1,1,0,0,8,1,2,12,44,32,0.3,0.1,0.3,0.15,0.15,0.5,-0.6931471805599453,0.5,0.5472111491843225,0,0,0.5454545454545454
0,1,0,0,1,19,0,2,13,45,32,0.3,0.1,0.3,0.15,0.15,0.5,-0.6931471805599453,0.5,0.4532213490117652,1,0,0.5333333333333333
0,0,0,0,1,17,0,2,14,46,32,0.3,0.1,0.3,0.15,0.15,0.5,-0.6931471805599453,0.5,0.45047968559339996,1,0,0.5217391304347826
1,1,1,1,1,32,1,2,15,47,32,0.3,0.1,0.3,0.15,0.15,0.5,-0.6931471805599453,0.5,0.5495985722793191,1,1,0.5319148936170213
0,1,0,0,0,3,0,2,16,48,32,0.3,0.1,0.3,0.15,0.15,0.5,-0.6931471805599453,0.5,0.44939857886202184,0,1,0.5416666666666666
1,1,0,0,0,4,0,2,17,49,32,0.3,0.1,0.3,0.15,0.15,0.5,-0.6931471805599453,0.5,0.4967143855601764,1,0,0.5306122448979592
0,0,1,1,0,13,0,2,18,50,32,0.3,0.1,0.3,0.15,0.15,0.5,-0.6931471805599453,0.5,0.49889732058869823,0,1,0.54
1,0,1,0,1,22,1,2,19,51,32,0.3,0.1,0.3,0.15,0.15,0.5,-0.6931471805599453,0.5,0.549512131549471,1,1,0.5490196078431373
1,0,0,1,1,26,0,2,20,52,32,0.3,0.1,0.3,0.15,0.15,0.5,-0.6931471805599453,0.5,0.49888326054725196,0,1,0.5576923076923077
1,0,1,1,0,14,1,2,21,53,32,0.3,0.1,0.3,0.15,0.15,0.5,-0.6931471805599453,0.5,0.5460797601546543,1,1,0.5660377358490566
0,0,0,1,1,25,0,2,22,54,32,0.3,0.1,0.3,0.15,0.15,0.5,-0.6931471805599453,0.5,0.4509039937173777,1,0,0.5555555555555556
1,1,0,0,1,20,0,2,23,55,32,0.3,0.1,0.3,0.15,0.15,0.5,-0.6931471805599453,0.5,0.49758873363677975,1,0,0.5454545454545454
0,0,0,1,0,9,0,2,24,56,32,0.3,0.1,0.3,0.15,0.15,0.5,-0.6931471805599453,0.5,0.44870851046566407,1,0,0.5357142857142857
0,1,1,1,0,15,0,2,25,57,32,0.3,0.1,0.3,0.15,0.15,0.5,-0.6931471805599453,0.5,0.5002002267091449,1,0,0.5263157894736842
1,0,1,0,0,6,1,2,26,58,32,0.3,0.1,0.3,0.15,0.15,0.5,-0.6931471805599453,0.5,0.5488271847446327,1,1,0.5344827586206896
1,1,0,1,0,12,0,2,27,59,32,0.3,0.1,0.3,0.15,0.15,0.5,-0.6931471805599453,0.5,0.4950448547397666,1,0,0.5254237288135594
0,0,1,0,0,5,0,2,28,60,32,0.3,0.1,0.3,0.15,0.15,0.5,-0.6931471805599453,0.5,0.5017660323121723,0,1,0.5333333333333333
1,1,1,1,0,16,1,2,29,61,32,0.3,0.1,0.3,0.15,0.15,0.5,-0.6931471805599453,0.5,0.5472096277833731,1,1,0.5409836065573771
0,0,1,0,1,21,0,2,30,62,32,0.3,0.1,0.3,0.15,0.15,0.5,-0.6931471805599453,0.5,0.5001443954538608,0,1,0.5483870967741935
0,1,0,1,1,27,0,2,31,63,32,0.3,0.1,0.3,0.15,0.15,0.5,-0.6931471805599453,0.5,0.45016876485399304,1,0,0.5396825396825397
0,1,1,0,0,7,0,2,32,64,32,0.3,0.1,0.3,0.15,0.15,0.5,-0.6931471805599453,0.5,0.4995809119423031,0,1,0.546875
1,1,1,0,1,24,1,3,1,65,32,0.3,0.1,0.3,0.15,0.15,0.5,-0.6931471805599453,0.5,0.5492258121295862,1,1,0.5538461538461539
0,1,1,0,1,23,0,3,2,66,32,0.3,0.1,0.3,0.15,0.15,0.5,-0.6931471805599453,0.5,0.4996426368439533,0,1,0.5606060606060606
1,0,1,1,0,14,1,3,3,67,32,0.3,0.1,0.3,0.15,0.15,0.5,-0.6931471805599453,0.5,0.5480796075002324,0,0,0.5522388059701493
1,1,1,1,0,16,1,3,4,68,32,0.3,0.1,0.3,0.15,0.15,0.5,-0.6931471805599453,0.5,0.5492339684918948,0,0,0.5441176470588235
1,0,1,0,1,22,1,3,5,69,32,0.3,0.1,0.3,0.15,0.15,0.5,-0.6931471805599453,0.5,0.5474418443686491,1,1,0.5507246376811594
1,1,0,0,1,20,0,3,6,70,32,0.3,0.1,0.3,0.15,0.15,0.5,-0.6931471805599453,0.5,0.49849221302995855,1,0,0.5428571428571428
0,0,0,0,0,1,0,3,7,71,32,0.3,0.1,0.3,0.15,0.15,0.5,-0.6931471805599453,0.5,0.4502233169444105,1,0,0.5352112676056338
1,0,0,1,0,10,0,3,8,72,32,0.3,0.1,0.3,0.15,0.15,0.5,-0.6931471805599453,0.5,0.4990372765984693,0,1,0.5416666666666666
0,0,1,0,0,5,0,3,9,73,32,0.3,0.1,0.3,0.15,0.15,0.5,-0.6931471805599453,0.5,0.4984239591818526,1,0,0.5342465753424658
0,0,0,1,1,25,0,3,10,74,32,0.3,0.1,0.3,0.15,0.15,0.5,-0.6931471805599453,0.5,0.4505603589507896,1,0,0.527027027027027
0,0,0,1,0,9,0,3,11,75,32,0.3,0.1,0.3,0.15,0.15,0.5,-0.6931471805599453,0.5,0.44965852607427104,1,0,0.52
0,0,0,0,1,17,0,3,12,76,32,0.3,0.1,0.3,0.15,0.15,0.5,-0.6931471805599453,0.5,0.4488561982037309,0,1,0.5263157894736842
0,0,1,1,1,29,0,3,13,77,32,0.3,0.1,0.3,0.15,0.15,0.5,-0.6931471805599453,0.5,0.49808776725336645,1,0,0.5194805194805194
1,1,1,1,1,32,1,3,14,78,32,0.3,0.1,0.3,0.15,0.15,0.5,-0.6931471805599453,0.5,0.5503058308707421,0,0,0.5128205128205128
1,0,0,0,0,2,0,3,15,79,32,0.3,0.1,0.3,0.15,0.15,0.5,-0.6931471805599453,0.5,0.4970915141344353,1,0,0.5063291139240507
1,0,1,1,1,30,1,3,16,80,32,0.3,0.1,0.3,0.15,0.15,0.5,-0.6931471805599453,0.5,0.5498921877283929,0,0,0.5
1,1,0,0,0,4,0,3,17,81,32,0.3,0.1,0.3,0.15,0.15,0.5,-0.6931471805599453,0.5,0.4967022426066457,1,0,0.49382716049382713
1,1,1,0,0,8,1,3,18,82,32,0.3,0.1,0.3,0.15,0.15,0.5,-0.6931471805599453,0.5,0.547527898099868,1,1,0.5
0,0,1,1,0,13,0,3,19,83,32,0.3,0.1,0.3,0.15,0.15,0.5,-0.6931471805599453,0.5,0.4983301375265528,0,1,0.5060240963855421
0,1,0,1,0,11,0,3,20,84,32,0.3,0.1,0.3,0.15,0.15,0.5,-0.6931471805599453,0.5,0.45050121237195967,1,0,0.5
0,1,1,0,0,7,0,3,21,85,32,0.3,0.1,0.3,0.15,0.15,0.5,-0.6931471805599453,0.5,0.4976433736971322,1,0,0.49411764705882355
0,0,1,0,1,21,0,3,22,86,32,0.3,0.1,0.3,0.15,0.15,0.5,-0.6931471805599453,0.5,0.49719349820615505,1,0,0.4883720930232558
0,1,0,0,1,19,0,3,23,87,32,0.3,0.1,0.3,0.15,0.15,0.5,-0.6931471805599453,0.5,0.4503587134126917,0,1,0.4942528735632184
0,1,0,0,0,3,0,3,24,88,32,0.3,0.1,0.3,0.15,0.15,0.5,-0.6931471805599453,0.5,0.4481873605765741,0,1,0.5
0,1,1,1,0,15,0,3,25,89,32,0.3,0.1,0.3,0.15,0.15,0.5,-0.6931471805599453,0.5,0.49798786645749693,1,0,0.4943820224719101
1,1,0,1,0,12,0,3,26,90,32,0.3,0.1,0.3,0.15,0.15,0.5,-0.6931471805599453,0.5,0.5003440435482212,1,0,0.4888888888888889
1,0,1,0,0,6,1,3,27,91,32,0.3,0.1,0.3,0.15,0.15,0.5,-0.6931471805599453,0.5,0.5472959195727319,1,1,0.4945054945054945
1,0,0,1,1,26,0,3,28,92,32,0.3,0.1,0.3,0.15,0.15,0.5,-0.6931471805599453,0.5,0.5003811272839338,0,1,0.5
1,0,0,0,1,18,0,3,29,93,32,0.3,0.1,0.3,0.15,0.15,0.5,-0.6931471805599453,0.5,0.49883969033843595,0,1,0.5053763440860215
1,1,0,1,1,28,0,3,30,94,32,0.3,0.1,0.3,0.15,0.15,0.5,-0.6931471805599453,0.5,0.49925356989905717,1,0,0.5
0,1,1,1,1,31,0,3,31,95,32,0.3,0.1,0.3,0.15,0.15,0.5,-0.6931471805599453,0.5,0.49944376603253904,1,0,0.49473684210526314
0,1,0,1,1,27,0,3,32,96,32,0.3,0.1,0.3,0.15,0.15,0.5,-0.6931471805599453,0.5,0.45029220634337536,1,0,0.4895833333333333
0,0,1,0,0,5,0,1,1,1,33,0.3,0.1,0.3,0.15,0.15,0.5,-0.6931471805599453,0.5,0.5,1,0,0
0,0,0,0,0,1,0,1,2,2,33,0.3,0.1,0.3,0.15,0.15,0.5,-0.6931471805599453,0.5,0.5,0,1,0.5
1,1,0,1,1,28,0,1,3,3,33,0.3,0.1,0.3,0.15,0.15,0.5,-0.6931471805599453,0.5,0.5,1,0,0.3333333333333333
1,0,1,1,1,30,1,1,4,4,33,0.3,0.1,0.3,0.15,0.15,0.5,-0.6931471805599453,0.5,0.5,1,1,0.5
0,0,0,1,0,9,0,1,5,5,33,0.3,0.1,0.3,0.15,0.15,0.5,-0.6931471805599453,0.5,0.45338698427776764,0,1,0.6
1,0,1,0,0,6,1,1,6,6,33,0.3,0.1,0.3,0.15,0.15,0.5,-0.6931471805599453,0.5,0.5349056028920639,0,0,0.5
1,1,1,1,0,16,1,1,7,7,33,0.3,0.1,0.3,0.15,0.15,0.5,-0.6931471805599453,0.5,0.5475791650173231,0,0,0.42857142857142855
0,0,0,1,1,25,0,1,8,8,33,0.3,0.1,0.3,0.15,0.15,0.5,-0.6931471805599453,0.5,0.44730779706937174,1,0,0.375
0,0,0,0,1,17,0,1,9,9,33,0.3,0.1,0.3,0.15,0.15,0.5,-0.6931471805599453,0.5,0.43582248848746546,0,1,0.4444444444444444
0,0,1,0,1,21,0,1,10,10,33,0.3,0.1,0.3,0.15,0.15,0.5,-0.6931471805599453,0.5,0.49058823425984405,0,1,0.5
1,0,0,0,1,18,0,1,11,11,33,0.3,0.1,0.3,0.15,0.15,0.5,-0.6931471805599453,0.5,0.49363585529972526,0,1,0.5454545454545454
1,0,0,0,0,2,0,1,12,12,33,0.3,0.1,0.3,0.15,0.15,0.5,-0.6931471805599453,0.5,0.4969659900858408,0,1,0.5833333333333334
0,1,1,0,0,7,0,1,13,13,33,0.3,0.1,0.3,0.15,0.15,0.5,-0.6931471805599453,0.5,0.5033757957198677,1,0,0.5384615384615384
0,1,1,0,1,23,0,1,14,14,33,0.3,0.1,0.3,0.15,0.15,0.5,-0.6931471805599453,0.5,0.4897103271885754,0,1,0.5714285714285714
0,1,1,1,1,31,0,1,15,15,33,0.3,0.1,0.3,0.15,0.15,0.5,-0.6931471805599453,0.5,0.4994251528224355,1,0,0.5333333333333333
0,1,0,0,0,3,0,1,16,16,33,0.3,0.1,0.3,0.15,0.15,0.5,-0.6931471805599453,0.5,0.4484365085935958,0,1,0.5625
0,1,0,1,0,11,0,1,17,17,33,0.3,0.1,0.3,0.15,0.15,0.5,-0.6931471805599453,0.5,0.45744731652982096,0,1,0.5882352941176471
1,1,1,1,1,32,1,1,18,18,33,0.3,0.1,0.3,0.15,0.15,0.5,-0.6931471805599453,0.5,0.5540514104601557,0,0,0.5555555555555556
1,0,0,1,0,10,0,1,19,19,33,0.3,0.1,0.3,0.15,0.15,0.5,-0.6931471805599453,0.5,0.5097905237707988,1,0,0.5263157894736842
1,1,0,1,0,12,0,1,20,20,33,0.3,0.1,0.3,0.15,0.15,0.5,-0.6931471805599453,0.5,0.5077617007646725,1,0,0.5
0,1,0,0,1,19,0,1,21,21,33,0.3,0.1,0.3,0.15,0.15,0.5,-0.6931471805599453,0.5,0.4440791448332519,1,0,0.47619047619047616
1,1,1,0,1,24,1,1,22,22,33,0.3,0.1,0.3,0.15,0.15,0.5,-0.6931471805599453,0.5,0.5462882845756352,1,1,0.5
1,1,0,0,0,4,0,1,23,23,33,0.3,0.1,0.3,0.15,0.15,0.5,-0.6931471805599453,0.5,0.49433577042595295,1,0,0.4782608695652174
1,1,1,0,0,8,1,1,24,24,33,0.3,0.1,0.3,0.15,0.15,0.5,-0.6931471805599453,0.5,0.5456028393942605,1,1,0.5
0,1,1,1,0,15,0,1,25,25,33,0.3,0.1,0.3,0.15,0.15,0.5,-0.6931471805599453,0.5,0.5037854851386206,1,0,0.48
0,0,1,1,1,29,0,1,26,26,33,0.3,0.1,0.3,0.15,0.15,0.5,-0.6931471805599453,0.5,0.49971611736473254,0,1,0.5
1,0,1,1,0,14,1,1,27,27,33,0.3,0.1,0.3,0.15,0.15,0.5,-0.6931471805599453,0.5,0.547734208580481,1,1,0.5185185185185185
1,0,1,0,1,22,1,1,28,28,33,0.3,0.1,0.3,0.15,0.15,0.5,-0.6931471805599453,0.5,0.5461466704295752,1,1,0.5357142857142857
0,0,1,1,0,13,0,1,29,29,33,0.3,0.1,0.3,0.15,0.15,0.5,-0.6931471805599453,0.5,0.4966915854994191,1,0,0.5172413793103449
1,0,0,1,1,26,0,1,30,30,33,0.3,0.1,0.3,0.15,0.15,0.5,-0.6931471805599453,0.5,0.5033816724924346,1,0,0.5
0,1,0,1,1,27,0,1,31,31,33,0.3,0.1,0.3,0.15,0.15,0.5,-0.6931471805599453,0.5,0.4516549187965767,0,1,0.5161290322580645
1,1,0,0,1,20,0,1,32,32,33,0.3,0.1,0.3,0.15,0.15,0.5,-0.6931471805599453,0.5,0.5011055161599992,1,0,0.5
0,0,0,0,0,1,0,2,1,33,33,0.3,0.1,0.3,0.15,0.15,0.5,-0.6931471805599453,0.5,0.4495373837958407,1,0,0.48484848484848486
1,1,1,1,0,16,1,2,2,34,33,0.3,0.1,0.3,0.15,0.15,0.5,-0.6931471805599453,0.5,0.5504284948413092,1,1,0.5
1,1,0,1,0,12,0,2,3,35,33,0.3,0.1,0.3,0.15,0.15,0.5,-0.6931471805599453,0.5,0.501317360130549,0,1,0.5142857142857142
0,1,1,1,1,31,0,2,4,36,33,0.3,0.1,0.3,0.15,0.15,0.5,-0.6931471805599453,0.5,0.5009940264507948,0,1,0.5277777777777778
1,1,0,1,1,28,0,2,5,37,33,0.3,0.1,0.3,0.15,0.15,0.5,-0.6931471805599453,0.5,0.49860244987610763,1,0,0.5135135135135135
1,0,1,0,0,6,1,2,6,38,33,0.3,0.1,0.3,0.15,0.15,0.5,-0.6931471805599453,0.5,0.5492840633996793,0,0,0.5
1,0,0,1,1,26,0,2,7,39,33,0.3,0.1,0.3,0.15,0.15,0.5,-0.6931471805599453,0.5,0.4946707226660721,0,1,0.5128205128205128
1,0,1,0,1,22,1,2,8,40,33,0.3,0.1,0.3,0.15,0.15,0.5,-0.6931471805599453,0.5,0.547521501156578,0,0,0.5
0,0,0,1,1,25,0,2,9,41,33,0.3,0.1,0.3,0.15,0.15,0.5,-0.6931471805599453,0.5,0.448261714288976,1,0,0.4878048780487805
1,1,1,0,1,24,1,2,10,42,33,0.3,0.1,0.3,0.15,0.15,0.5,-0.6931471805599453,0.5,0.5492608653076627,1,1,0.5
0,0,1,0,0,5,0,2,11,43,33,0.3,0.1,0.3,0.15,0.15,0.5,-0.6931471805599453,0.5,0.5039212325584538,1,0,0.4883720930232558
0,1,1,0,0,7,0,2,12,44,33,0.3,0.1,0.3,0.15,0.15,0.5,-0.6931471805599453,0.5,0.5020119930347018,1,0,0.4772727272727273
1,0,0,0,0,2,0,2,13,45,33,0.3,0.1,0.3,0.15,0.15,0.5,-0.6931471805599453,0.5,0.5003893341006413,0,1,0.4888888888888889
0,1,0,1,1,27,0,2,14,46,33,0.3,0.1,0.3,0.15,0.15,0.5,-0.6931471805599453,0.5,0.44925693947950096,0,1,0.5
0,0,0,1,0,9,0,2,15,47,33,0.3,0.1,0.3,0.15,0.15,0.5,-0.6931471805599453,0.5,0.44792788878947676,1,0,0.48936170212765956
0,0,1,0,1,21,0,2,16,48,33,0.3,0.1,0.3,0.15,0.15,0.5,-0.6931471805599453,0.5,0.5017972369735809,0,1,0.5
1,0,1,1,1,30,1,2,17,49,33,0.3,0.1,0.3,0.15,0.15,0.5,-0.6931471805599453,0.5,0.5467836834623591,1,1,0.5102040816326531
0,1,0,0,0,3,0,2,18,50,33,0.3,0.1,0.3,0.15,0.15,0.5,-0.6931471805599453,0.5,0.44996164667830024,1,0,0.5
0,1,0,0,1,19,0,2,19,51,33,0.3,0.1,0.3,0.15,0.15,0.5,-0.6931471805599453,0.5,0.45060940146343104,0,1,0.5098039215686274
1,0,0,1,0,10,0,2,20,52,33,0.3,0.1,0.3,0.15,0.15,0.5,-0.6931471805599453,0.5,0.4971612351291195,1,0,0.5
1,1,0,0,1,20,0,2,21,53,33,0.3,0.1,0.3,0.15,0.15,0.5,-0.6931471805599453,0.5,0.49910715764336816,1,0,0.49056603773584906
0,0,1,1,0,13,0,2,22,54,33,0.3,0.1,0.3,0.15,0.15,0.5,-0.6931471805599453,0.5,0.49923569843860666,0,1,0.5
0,1,0,1,0,11,0,2,23,55,33,0.3,0.1,0.3,0.15,0.15,0.5,-0.6931471805599453,0.5,0.4471614894770417,0,1,0.509090909090909
1,0,0,0,1,18,0,2,24,56,33,0.3,0.1,0.3,0.15,0.15,0.5,-0.6931471805599453,0.5,0.5002987019196766,0,1,0.5178571428571429
1,0,1,1,0,14,1,2,25,57,33,0.3,0.1,0.3,0.15,0.15,0.5,-0.6931471805599453,0.5,0.5482576577643469,0,0,0.5087719298245614
0,0,0,0,1,17,0,2,26,58,33,0.3,0.1,0.3,0.15,0.15,0.5,-0.6931471805599453,0.5,0.450260544817359,1,0,0.5
1,1,1,1,1,32,1,2,27,59,33,0.3,0.1,0.3,0.15,0.15,0.5,-0.6931471805599453,0.5,0.5496611944128063,0,0,0.4915254237288136
0,1,1,1,0,15,0,2,28,60,33,0.3,0.1,0.3,0.15,0.15,0.5,-0.6931471805599453,0.5,0.49981517311733475,1,0,0.48333333333333334
1,1,1,0,0,8,1,2,29,61,33,0.3,0.1,0.3,0.15,0.15,0.5,-0.6931471805599453,0.5,0.5484945980125322,1,1,0.4918032786885246
1,1,0,0,0,4,0,2,30,62,33,0.3,0.1,0.3,0.15,0.15,0.5,-0.6931471805599453,0.5,0.49767525236121785,1,0,0.4838709677419355
0,1,1,0,1,23,0,2,31,63,33,0.3,0.1,0.3,0.15,0.15,0.5,-0.6931471805599453,0.5,0.5002846635369539,1,0,0.47619047619047616
0,0,1,1,1,29,0,2,32,64,33,0.3,0.1,0.3,0.15,0.15,0.5,-0.6931471805599453,0.5,0.4995809119423031,0,1,0.484375
1,1,1,1,1,32,1,3,1,65,33,0.3,0.1,0.3,0.15,0.15,0.5,-0.6931471805599453,0.5,0.5492258121295862,1,1,0.49230769230769234
1,1,0,1,0,12,0,3,2,66,33,0.3,0.1,0.3,0.15,0.15,0.5,-0.6931471805599453,0.5,0.49847466251740075,1,0,0.48484848484848486
1,1,1,0,0,8,1,3,3,67,33,0.3,0.1,0.3,0.15,0.15,0.5,-0.6931471805599453,0.5,0.5481198856496969,1,1,0.4925373134328358
0,1,0,0,0,3,0,3,4,68,33,0.3,0.1,0.3,0.15,0.15,0.5,-0.6931471805599453,0.5,0.4504089534097651,1,0,0.4852941176470588
1,1,0,0,1,20,0,3,5,69,33,0.3,0.1,0.3,0.15,0.15,0.5,-0.6931471805599453,0.5,0.49822773902917766,0,1,0.4927536231884058
1,0,1,1,0,14,1,3,6,70,33,0.3,0.1,0.3,0.15,0.15,0.5,-0.6931471805599453,0.5,0.5488557879980839,0,0,0.4857142857142857
0,0,1,1,1,29,0,3,7,71,33,0.3,0.1,0.3,0.15,0.15,0.5,-0.6931471805599453,0.5,0.4999823618668292,0,1,0.49295774647887325
0,0,1,0,0,5,0,3,8,72,33,0.3,0.1,0.3,0.15,0.15,0.5,-0.6931471805599453,0.5,0.49877888297188905,1,0,0.4861111111111111
1,0,0,0,1,18,0,3,9,73,33,0.3,0.1,0.3,0.15,0.15,0.5,-0.6931471805599453,0.5,0.4969233163878247,1,0,0.4794520547945205
0,0,1,1,0,13,0,3,10,74,33,0.3,0.1,0.3,0.15,0.15,0.5,-0.6931471805599453,0.5,0.49969021379620765,0,1,0.4864864864864865
0,1,1,0,0,7,0,3,11,75,33,0.3,0.1,0.3,0.15,0.15,0.5,-0.6931471805599453,0.5,0.49824870838411683,1,0,0.48
0,1,0,1,0,11,0,3,12,76,33,0.3,0.1,0.3,0.15,0.15,0.5,-0.6931471805599453,0.5,0.45191050820270817,1,0,0.47368421052631576
1,0,1,1,1,30,1,3,13,77,33,0.3,0.1,0.3,0.15,0.15,0.5,-0.6931471805599453,0.5,0.5489902454863903,0,0,0.4675324675324675
0,0,0,0,1,17,0,3,14,78,33,0.3,0.1,0.3,0.15,0.15,0.5,-0.6931471805599453,0.5,0.44970053435248614,0,1,0.47435897435897434
1,1,0,1,1,28,0,3,15,79,33,0.3,0.1,0.3,0.15,0.15,0.5,-0.6931471805599453,0.5,0.5002885601234566,1,0,0.46835443037974683
0,0,1,0,1,21,0,3,16,80,33,0.3,0.1,0.3,0.15,0.15,0.5,-0.6931471805599453,0.5,0.4972210993529888,0,1,0.475
1,0,0,1,1,26,0,3,17,81,33,0.3,0.1,0.3,0.15,0.15,0.5,-0.6931471805599453,0.5,0.5000013454188351,0,1,0.48148148148148145
0,1,1,1,0,15,0,3,18,82,33,0.3,0.1,0.3,0.15,0.15,0.5,-0.6931471805599453,0.5,0.49934575915439505,1,0,0.47560975609756095
0,0,0,1,1,25,0,3,19,83,33,0.3,0.1,0.3,0.15,0.15,0.5,-0.6931471805599453,0.5,0.451602102960592,0,1,0.4819277108433735
0,0,0,1,0,9,0,3,20,84,33,0.3,0.1,0.3,0.15,0.15,0.5,-0.6931471805599453,0.5,0.45098855602577564,0,1,0.4880952380952381
1,1,1,1,0,16,1,3,21,85,33,0.3,0.1,0.3,0.15,0.15,0.5,-0.6931471805599453,0.5,0.549799720931994,1,1,0.49411764705882355
0,1,0,0,1,19,0,3,22,86,33,0.3,0.1,0.3,0.15,0.15,0.5,-0.6931471805599453,0.5,0.44877119485334493,0,1,0.5
1,1,0,0,0,4,0,3,23,87,33,0.3,0.1,0.3,0.15,0.15,0.5,-0.6931471805599453,0.5,0.4986325234497763,0,1,0.5057471264367817
0,0,0,0,0,1,0,3,24,88,33,0.3,0.1,0.3,0.15,0.15,0.5,-0.6931471805599453,0.5,0.4483914369678811,0,1,0.5113636363636364
1,0,1,0,0,6,1,3,25,89,33,0.3,0.1,0.3,0.15,0.15,0.5,-0.6931471805599453,0.5,0.5480901072613336,1,1,0.5168539325842697
0,1,0,1,1,27,0,3,26,90,33,0.3,0.1,0.3,0.15,0.15,0.5,-0.6931471805599453,0.5,0.4496245187381037,0,1,0.5222222222222223
1,0,0,0,0,2,0,3,27,91,33,0.3,0.1,0.3,0.15,0.15,0.5,-0.6931471805599453,0.5,0.4983664935856178,0,1,0.5274725274725275
1,0,0,1,0,10,0,3,28,92,33,0.3,0.1,0.3,0.15,0.15,0.5,-0.6931471805599453,0.5,0.4993447703359242,0,1,0.532608695652174
0,1,1,0,1,23,0,3,29,93,33,0.3,0.1,0.3,0.15,0.15,0.5,-0.6931471805599453,0.5,0.49800843558059366,0,1,0.5376344086021505
1,1,1,0,1,24,1,3,30,94,33,0.3,0.1,0.3,0.15,0.15,0.5,-0.6931471805599453,0.5,0.5477565930595504,0,0,0.5319148936170213
1,0,1,0,1,22,1,3,31,95,33,0.3,0.1,0.3,0.15,0.15,0.5,-0.6931471805599453,0.5,0.5481848262349581,1,1,0.5368421052631579
0,1,1,1,1,31,0,3,32,96,33,0.3,0.1,0.3,0.15,0.15,0.5,-0.6931471805599453,0.5,0.49908901351898466,1,0,0.53125
1,1,1,0,1,24,1,1,1,1,34,0.3,0.1,0.3,0.15,0.15,0.5,-0.6931471805599453,0.5,0.5,0,0,0
1,1,1,0,0,8,1,1,2,2,34,0.3,0.1,0.3,0.15,0.15,0.5,-0.6931471805599453,0.5,0.5,0,0,0
1,1,1,1,0,16,1,1,3,3,34,0.3,0.1,0.3,0.15,0.15,0.5,-0.6931471805599453,0.5,0.5,1,1,0.3333333333333333
0,1,0,1,0,11,0,1,4,4,34,0.3,0.1,0.3,0.15,0.15,0.5,-0.6931471805599453,0.5,0.5,0,1,0.5
0,0,1,0,1,21,0,1,5,5,34,0.3,0.1,0.3,0.15,0.15,0.5,-0.6931471805599453,0.5,0.5192090715070006,1,0,0.4
0,1,1,1,1,31,0,1,6,6,34,0.3,0.1,0.3,0.15,0.15,0.5,-0.6931471805599453,0.5,0.4811015614208871,0,1,0.5
1,0,1,0,0,6,1,1,7,7,34,0.3,0.1,0.3,0.15,0.15,0.5,-0.6931471805599453,0.5,0.5573801037555567,1,1,0.5714285714285714
0,1,0,0,0,3,0,1,8,8,34,0.3,0.1,0.3,0.15,0.15,0.5,-0.6931471805599453,0.5,0.4655451715952871,0,1,0.625
0,0,0,0,0,1,0,1,9,9,34,0.3,0.1,0.3,0.15,0.15,0.5,-0.6931471805599453,0.5,0.4520618221311838,0,1,0.6666666666666666
1,1,0,1,1,28,0,1,10,10,34,0.3,0.1,0.3,0.15,0.15,0.5,-0.6931471805599453,0.5,0.511056683491074,0,1,0.7
1,1,0,1,0,12,0,1,11,11,34,0.3,0.1,0.3,0.15,0.15,0.5,-0.6931471805599453,0.5,0.5052806168697651,1,0,0.6363636363636364
1,0,0,0,0,2,0,1,12,12,34,0.3,0.1,0.3,0.15,0.15,0.5,-0.6931471805599453,0.5,0.5074088109298943,1,0,0.5833333333333334
0,0,0,1,1,25,0,1,13,13,34,0.3,0.1,0.3,0.15,0.15,0.5,-0.6931471805599453,0.5,0.4398835135401884,1,0,0.5384615384615384
1,0,0,1,0,10,0,1,14,14,34,0.3,0.1,0.3,0.15,0.15,0.5,-0.6931471805599453,0.5,0.48959114724489733,0,1,0.5714285714285714
1,1,1,1,1,32,1,1,15,15,34,0.3,0.1,0.3,0.15,0.15,0.5,-0.6931471805599453,0.5,0.5449341509284605,0,0,0.5333333333333333
1,1,0,0,0,4,0,1,16,16,34,0.3,0.1,0.3,0.15,0.15,0.5,-0.6931471805599453,0.5,0.49808936944959237,0,1,0.5625
1,0,1,1,1,30,1,1,17,17,34,0.3,0.1,0.3,0.15,0.15,0.5,-0.6931471805599453,0.5,0.5448520269840409,1,1,0.5882352941176471
0,0,0,0,1,17,0,1,18,18,34,0.3,0.1,0.3,0.15,0.15,0.5,-0.6931471805599453,0.5,0.45021781853373666,1,0,0.5555555555555556
0,1,0,0,1,19,0,1,19,19,34,0.3,0.1,0.3,0.15,0.15,0.5,-0.6931471805599453,0.5,0.4500446828489612,0,1,0.5789473684210527
0,0,0,1,0,9,0,1,20,20,34,0.3,0.1,0.3,0.15,0.15,0.5,-0.6931471805599453,0.5,0.4432864655059619,1,0,0.55
1,0,1,1,0,14,1,1,21,21,34,0.3,0.1,0.3,0.15,0.15,0.5,-0.6931471805599453,0.5,0.5518179261401039,0,0,0.5238095238095238
0,1,1,0,1,23,0,1,22,22,34,0.3,0.1,0.3,0.15,0.15,0.5,-0.6931471805599453,0.5,0.5058467727239963,1,0,0.5
1,0,0,1,1,26,0,1,23,23,34,0.3,0.1,0.3,0.15,0.15,0.5,-0.6931471805599453,0.5,0.4947750941861417,1,0,0.4782608695652174
0,0,1,1,1,29,0,1,24,24,34,0.3,0.1,0.3,0.15,0.15,0.5,-0.6931471805599453,0.5,0.5045763085803395,1,0,0.4583333333333333
0,0,1,0,0,5,0,1,25,25,34,0.3,0.1,0.3,0.15,0.15,0.5,-0.6931471805599453,0.5,0.5030622603262985,0,1,0.48
1,0,1,0,1,22,1,1,26,26,34,0.3,0.1,0.3,0.15,0.15,0.5,-0.6931471805599453,0.5,0.5469314681857377,1,1,0.5
0,1,1,1,0,15,0,1,27,27,34,0.3,0.1,0.3,0.15,0.15,0.5,-0.6931471805599453,0.5,0.5017887826576333,1,0,0.48148148148148145
1,1,0,0,1,20,0,1,28,28,34,0.3,0.1,0.3,0.15,0.15,0.5,-0.6931471805599453,0.5,0.5000366993808677,1,0,0.4642857142857143
0,0,1,1,0,13,0,1,29,29,34,0.3,0.1,0.3,0.15,0.15,0.5,-0.6931471805599453,0.5,0.5002957560293939,0,1,0.4827586206896552
1,0,0,0,1,18,0,1,30,30,34,0.3,0.1,0.3,0.15,0.15,0.5,-0.6931471805599453,0.5,0.4989680182023915,1,0,0.4666666666666667
0,1,1,0,0,7,0,1,31,31,34,0.3,0.1,0.3,0.15,0.15,0.5,-0.6931471805599453,0.5,0.5005811217937246,1,0,0.45161290322580644
0,1,0,1,1,27,0,1,32,32,34,0.3,0.1,0.3,0.15,0.15,0.5,-0.6931471805599453,0.5,0.45187568211397267,1,0,0.4375
0,0,1,1,1,29,0,2,1,33,34,0.3,0.1,0.3,0.15,0.15,0.5,-0.6931471805599453,0.5,0.49812851298230415,0,1,0.45454545454545453
1,1,0,0,1,20,0,2,2,34,34,0.3,0.1,0.3,0.15,0.15,0.5,-0.6931471805599453,0.5,0.4998165323472249,1,0,0.4411764705882353
0,0,0,1,1,25,0,2,3,35,34,0.3,0.1,0.3,0.15,0.15,0.5,-0.6931471805599453,0.5,0.4498173229189085,0,1,0.45714285714285713
1,0,1,1,0,14,1,2,4,36,34,0.3,0.1,0.3,0.15,0.15,0.5,-0.6931471805599453,0.5,0.5497348501227836,0,0,0.4444444444444444
0,1,0,1,1,27,0,2,5,37,34,0.3,0.1,0.3,0.15,0.15,0.5,-0.6931471805599453,0.5,0.44767999362994376,1,0,0.43243243243243246
0,1,0,0,1,19,0,2,6,38,34,0.3,0.1,0.3,0.15,0.15,0.5,-0.6931471805599453,0.5,0.44534992899532977,0,1,0.4473684210526316
1,1,1,0,0,8,1,2,7,39,34,0.3,0.1,0.3,0.15,0.15,0.5,-0.6931471805599453,0.5,0.5517898559883485,1,1,0.46153846153846156
1,0,0,0,1,18,0,2,8,40,34,0.3,0.1,0.3,0.15,0.15,0.5,-0.6931471805599453,0.5,0.4952679371231909,0,1,0.475
1,0,0,0,0,2,0,2,9,41,34,0.3,0.1,0.3,0.15,0.15,0.5,-0.6931471805599453,0.5,0.5006169314926895,0,1,0.4878048780487805
1,1,0,1,0,12,0,2,10,42,34,0.3,0.1,0.3,0.15,0.15,0.5,-0.6931471805599453,0.5,0.49981818762107605,1,0,0.47619047619047616
0,1,1,0,0,7,0,2,11,43,34,0.3,0.1,0.3,0.15,0.15,0.5,-0.6931471805599453,0.5,0.5049847331262179,0,1,0.4883720930232558
0,1,1,1,1,31,0,2,12,44,34,0.3,0.1,0.3,0.15,0.15,0.5,-0.6931471805599453,0.5,0.4976445739408092,0,1,0.5
0,0,1,0,0,5,0,2,13,45,34,0.3,0.1,0.3,0.15,0.15,0.5,-0.6931471805599453,0.5,0.502662137649035,1,0,0.4888888888888889
1,1,0,1,1,28,0,2,14,46,34,0.3,0.1,0.3,0.15,0.15,0.5,-0.6931471805599453,0.5,0.4954913755000783,1,0,0.4782608695652174
1,0,1,1,1,30,1,2,15,47,34,0.3,0.1,0.3,0.15,0.15,0.5,-0.6931471805599453,0.5,0.5457983995936897,1,1,0.48936170212765956
0,1,1,0,1,23,0,2,16,48,34,0.3,0.1,0.3,0.15,0.15,0.5,-0.6931471805599453,0.5,0.49557871535009085,1,0,0.4791666666666667
0,1,0,0,0,3,0,2,17,49,34,0.3,0.1,0.3,0.15,0.15,0.5,-0.6931471805599453,0.5,0.45106917735787355,0,1,0.4897959183673469
0,0,1,0,1,21,0,2,18,50,34,0.3,0.1,0.3,0.15,0.15,0.5,-0.6931471805599453,0.5,0.49610427499464016,1,0,0.48
0,0,0,0,0,1,0,2,19,51,34,0.3,0.1,0.3,0.15,0.15,0.5,-0.6931471805599453,0.5,0.4520156565457725,0,1,0.49019607843137253
1,1,1,1,1,32,1,2,20,52,34,0.3,0.1,0.3,0.15,0.15,0.5,-0.6931471805599453,0.5,0.5479513041068771,1,1,0.5
1,1,1,1,0,16,1,2,21,53,34,0.3,0.1,0.3,0.15,0.15,0.5,-0.6931471805599453,0.5,0.551977914328519,0,0,0.49056603773584906
0,0,0,1,0,9,0,2,22,54,34,0.3,0.1,0.3,0.15,0.15,0.5,-0.6931471805599453,0.5,0.4543964573836159,1,0,0.48148148148148145
0,0,1,1,0,13,0,2,23,55,34,0.3,0.1,0.3,0.15,0.15,0.5,-0.6931471805599453,0.5,0.501197679454815,1,0,0.4727272727272727
0,1,0,1,0,11,0,2,24,56,34,0.3,0.1,0.3,0.15,0.15,0.5,-0.6931471805599453,0.5,0.4537035348309102,1,0,0.4642857142857143
1,0,0,1,1,26,0,2,25,57,34,0.3,0.1,0.3,0.15,0.15,0.5,-0.6931471805599453,0.5,0.5011455984582855,1,0,0.45614035087719296
1,0,0,1,0,10,0,2,26,58,34,0.3,0.1,0.3,0.15,0.15,0.5,-0.6931471805599453,0.5,0.5018271262551801,0,1,0.46551724137931033
1,1,1,0,1,24,1,2,27,59,34,0.3,0.1,0.3,0.15,0.15,0.5,-0.6931471805599453,0.5,0.5468969994324,1,1,0.4745762711864407
0,1,1,1,0,15,0,2,28,60,34,0.3,0.1,0.3,0.15,0.15,0.5,-0.6931471805599453,0.5,0.5005569927247077,0,1,0.48333333333333334
0,0,0,0,1,17,0,2,29,61,34,0.3,0.1,0.3,0.15,0.15,0.5,-0.6931471805599453,0.5,0.44804025175730633,0,1,0.4918032786885246
1,0,1,0,1,22,1,2,30,62,34,0.3,0.1,0.3,0.15,0.15,0.5,-0.6931471805599453,0.5,0.5470827261822481,0,0,0.4838709677419355
1,0,1,0,0,6,1,2,31,63,34,0.3,0.1,0.3,0.15,0.15,0.5,-0.6931471805599453,0.5,0.5480454111145264,0,0,0.47619047619047616
1,1,0,0,0,4,0,2,32,64,34,0.3,0.1,0.3,0.15,0.15,0.5,-0.6931471805599453,0.5,0.4995809119423031,1,0,0.46875
0,0,1,0,0,5,0,3,1,65,34,0.3,0.1,0.3,0.15,0.15,0.5,-0.6931471805599453,0.5,0.49812851298230415,0,1,0.47692307692307695
0,0,1,0,1,21,0,3,2,66,34,0.3,0.1,0.3,0.15,0.15,0.5,-0.6931471805599453,0.5,0.49721016160838694,0,1,0.48484848484848486
0,0,1,1,1,29,0,3,3,67,34,0.3,0.1,0.3,0.15,0.15,0.5,-0.6931471805599453,0.5,0.4967554423544315,1,0,0.47761194029850745
1,1,1,1,0,16,1,3,4,68,34,0.3,0.1,0.3,0.15,0.15,0.5,-0.6931471805599453,0.5,0.5492775056140325,1,1,0.4852941176470588
0,1,0,0,0,3,0,3,5,69,34,0.3,0.1,0.3,0.15,0.15,0.5,-0.6931471805599453,0.5,0.4509667371404344,0,1,0.4927536231884058
0,1,0,1,1,27,0,3,6,70,34,0.3,0.1,0.3,0.15,0.15,0.5,-0.6931471805599453,0.5,0.4507220862960277,1,0,0.4857142857142857
0,1,0,0,1,19,0,3,7,71,34,0.3,0.1,0.3,0.15,0.15,0.5,-0.6931471805599453,0.5,0.44833636428969403,1,0,0.4788732394366197
0,0,0,0,1,17,0,3,8,72,34,0.3,0.1,0.3,0.15,0.15,0.5,-0.6931471805599453,0.5,0.44678973160700297,0,1,0.4861111111111111
0,1,1,0,1,23,0,3,9,73,34,0.3,0.1,0.3,0.15,0.15,0.5,-0.6931471805599453,0.5,0.49456477174722907,1,0,0.4794520547945205
1,1,1,1,1,32,1,3,10,74,34,0.3,0.1,0.3,0.15,0.15,0.5,-0.6931471805599453,0.5,0.5504633101174641,0,0,0.47297297297297297
1,0,1,1,0,14,1,3,11,75,34,0.3,0.1,0.3,0.15,0.15,0.5,-0.6931471805599453,0.5,0.5516735227209026,0,0,0.4666666666666667
0,1,1,1,0,15,0,3,12,76,34,0.3,0.1,0.3,0.15,0.15,0.5,-0.6931471805599453,0.5,0.49931001517185236,1,0,0.4605263157894737
1,1,1,0,0,8,1,3,13,77,34,0.3,0.1,0.3,0.15,0.15,0.5,-0.6931471805599453,0.5,0.5490910129486996,0,0,0.45454545454545453
1,1,0,0,1,20,0,3,14,78,34,0.3,0.1,0.3,0.15,0.15,0.5,-0.6931471805599453,0.5,0.499156011603266,0,1,0.46153846153846156
1,1,0,1,0,12,0,3,15,79,34,0.3,0.1,0.3,0.15,0.15,0.5,-0.6931471805599453,0.5,0.50428363356324,0,1,0.46835443037974683
0,1,1,1,1,31,0,3,16,80,34,0.3,0.1,0.3,0.15,0.15,0.5,-0.6931471805599453,0.5,0.49662717272395707,0,1,0.475
1,0,0,0,1,18,0,3,17,81,34,0.3,0.1,0.3,0.15,0.15,0.5,-0.6931471805599453,0.5,0.4976569751109686,0,1,0.48148148148148145
1,0,0,0,0,2,0,3,18,82,34,0.3,0.1,0.3,0.15,0.15,0.5,-0.6931471805599453,0.5,0.4999330251463774,0,1,0.4878048780487805
0,1,1,0,0,7,0,3,19,83,34,0.3,0.1,0.3,0.15,0.15,0.5,-0.6931471805599453,0.5,0.49743713939495854,1,0,0.4819277108433735
1,1,0,0,0,4,0,3,20,84,34,0.3,0.1,0.3,0.15,0.15,0.5,-0.6931471805599453,0.5,0.4998828385679022,1,0,0.47619047619047616
1,0,1,0,1,22,1,3,21,85,34,0.3,0.1,0.3,0.15,0.15,0.5,-0.6931471805599453,0.5,0.5452180479905835,1,1,0.4823529411764706
1,0,0,1,1,26,0,3,22,86,34,0.3,0.1,0.3,0.15,0.15,0.5,-0.6931471805599453,0.5,0.4999983512406823,0,1,0.4883720930232558
0,0,1,1,0,13,0,3,23,87,34,0.3,0.1,0.3,0.15,0.15,0.5,-0.6931471805599453,0.5,0.4995469167033296,0,1,0.4942528735632184
0,0,0,1,1,25,0,3,24,88,34,0.3,0.1,0.3,0.15,0.15,0.5,-0.6931471805599453,0.5,0.45084860725811227,0,1,0.5
1,0,1,0,0,6,1,3,25,89,34,0.3,0.1,0.3,0.15,0.15,0.5,-0.6931471805599453,0.5,0.5482457242996415,0,0,0.4943820224719101
1,1,1,0,1,24,1,3,26,90,34,0.3,0.1,0.3,0.15,0.15,0.5,-0.6931471805599453,0.5,0.5467808372177109,0,0,0.4888888888888889
1,0,1,1,1,30,1,3,27,91,34,0.3,0.1,0.3,0.15,0.15,0.5,-0.6931471805599453,0.5,0.5474976103178695,1,1,0.4945054945054945
1,1,0,1,1,28,0,3,28,92,34,0.3,0.1,0.3,0.15,0.15,0.5,-0.6931471805599453,0.5,0.4991525007413323,0,1,0.5
0,0,0,0,0,1,0,3,29,93,34,0.3,0.1,0.3,0.15,0.15,0.5,-0.6931471805599453,0.5,0.4509574907825268,1,0,0.4946236559139785
0,1,0,1,0,11,0,3,30,94,34,0.3,0.1,0.3,0.15,0.15,0.5,-0.6931471805599453,0.5,0.4508641257415419,0,1,0.5
0,0,0,1,0,9,0,3,31,95,34,0.3,0.1,0.3,0.15,0.15,0.5,-0.6931471805599453,0.5,0.4504690872031892,1,0,0.49473684210526314
1,0,0,1,0,10,0,3,32,96,34,0.3,0.1,0.3,0.15,0.15,0.5,-0.6931471805599453,0.5,0.49908901351898466,0,1,0.5
0,0,0,0,0,1,0,1,1,1,35,0.3,0.1,0.3,0.15,0.15,0.5,-0.6931471805599453,0.5,0.5,1,0,0
1,1,0,1,1,28,0,1,2,2,35,0.3,0.1,0.3,0.15,0.15,0.5,-0.6931471805599453,0.5,0.5,1,0,0
0,1,1,0,0,7,0,1,3,3,35,0.3,0.1,0.3,0.15,0.15,0.5,-0.6931471805599453,0.5,0.5,0,1,0.3333333333333333
1,0,0,1,0,10,0,1,4,4,35,0.3,0.1,0.3,0.15,0.15,0.5,-0.6931471805599453,0.5,0.5,1,0,0.25
1,0,1,0,0,6,1,1,5,5,35,0.3,0.1,0.3,0.15,0.15,0.5,-0.6931471805599453,0.5,0.5,1,1,0.4
0,0,0,0,1,17,0,1,6,6,35,0.3,0.1,0.3,0.15,0.15,0.5,-0.6931471805599453,0.5,0.4630656094618369,1,0,0.3333333333333333
1,1,0,0,0,4,0,1,7,7,35,0.3,0.1,0.3,0.15,0.15,0.5,-0.6931471805599453,0.5,0.5019205411482711,1,0,0.2857142857142857
1,1,1,0,0,8,1,1,8,8,35,0.3,0.1,0.3,0.15,0.15,0.5,-0.6931471805599453,0.5,0.5547799250687309,1,1,0.375
0,1,0,0,0,3,0,1,9,9,35,0.3,0.1,0.3,0.15,0.15,0.5,-0.6931471805599453,0.5,0.4617222239237648,0,1,0.4444444444444444
0,1,0,1,0,11,0,1,10,10,35,0.3,0.1,0.3,0.15,0.15,0.5,-0.6931471805599453,0.5,0.44545181319354227,0,1,0.5
1,0,1,1,0,14,1,1,11,11,35,0.3,0.1,0.3,0.15,0.15,0.5,-0.6931471805599453,0.5,0.5542784685749583,1,1,0.5454545454545454
0,1,0,1,1,27,0,1,12,12,35,0.3,0.1,0.3,0.15,0.15,0.5,-0.6931471805599453,0.5,0.43433077020564864,0,1,0.5833333333333334
1,0,0,0,0,2,0,1,13,13,35,0.3,0.1,0.3,0.15,0.15,0.5,-0.6931471805599453,0.5,0.5030198633325225,1,0,0.5384615384615384
0,0,1,0,1,21,0,1,14,14,35,0.3,0.1,0.3,0.15,0.15,0.5,-0.6931471805599453,0.5,0.5087979175492701,0,1,0.5714285714285714
0,1,0,0,1,19,0,1,15,15,35,0.3,0.1,0.3,0.15,0.15,0.5,-0.6931471805599453,0.5,0.43624475803070006,0,1,0.6
0,0,1,1,0,13,0,1,16,16,35,0.3,0.1,0.3,0.15,0.15,0.5,-0.6931471805599453,0.5,0.516397254910723,1,0,0.5625
1,1,0,0,1,20,0,1,17,17,35,0.3,0.1,0.3,0.15,0.15,0.5,-0.6931471805599453,0.5,0.4869218877274237,1,0,0.5294117647058824
0,0,1,0,0,5,0,1,18,18,35,0.3,0.1,0.3,0.15,0.15,0.5,-0.6931471805599453,0.5,0.5147380049586103,1,0,0.5
0,0,0,1,1,25,0,1,19,19,35,0.3,0.1,0.3,0.15,0.15,0.5,-0.6931471805599453,0.5,0.4420698087954857,0,1,0.5263157894736842
0,0,1,1,1,29,0,1,20,20,35,0.3,0.1,0.3,0.15,0.15,0.5,-0.6931471805599453,0.5,0.4938248373519974,0,1,0.55
1,1,0,1,0,12,0,1,21,21,35,0.3,0.1,0.3,0.15,0.15,0.5,-0.6931471805599453,0.5,0.5035570659026427,1,0,0.5238095238095238
1,0,0,1,1,26,0,1,22,22,35,0.3,0.1,0.3,0.15,0.15,0.5,-0.6931471805599453,0.5,0.48801307509443304,0,1,0.5454545454545454
1,1,1,1,1,32,1,1,23,23,35,0.3,0.1,0.3,0.15,0.15,0.5,-0.6931471805599453,0.5,0.537119440490366,1,1,0.5652173913043478
0,1,1,1,0,15,0,1,24,24,35,0.3,0.1,0.3,0.15,0.15,0.5,-0.6931471805599453,0.5,0.5072730474183087,1,0,0.5416666666666666
1,1,1,0,1,24,1,1,25,25,35,0.3,0.1,0.3,0.15,0.15,0.5,-0.6931471805599453,0.5,0.5462940662277345,0,0,0.52
0,0,0,1,0,9,0,1,26,26,35,0.3,0.1,0.3,0.15,0.15,0.5,-0.6931471805599453,0.5,0.447158571085745,1,0,0.5
1,0,1,0,1,22,1,1,27,27,35,0.3,0.1,0.3,0.15,0.15,0.5,-0.6931471805599453,0.5,0.5510361676795252,1,1,0.5185185185185185
0,1,1,0,1,23,0,1,28,28,35,0.3,0.1,0.3,0.15,0.15,0.5,-0.6931471805599453,0.5,0.5054980425543909,1,0,0.5
1,0,0,0,1,18,0,1,29,29,35,0.3,0.1,0.3,0.15,0.15,0.5,-0.6931471805599453,0.5,0.5023433679284157,0,1,0.5172413793103449
1,0,1,1,1,30,1,1,30,30,35,0.3,0.1,0.3,0.15,0.15,0.5,-0.6931471805599453,0.5,0.547115840818092,1,1,0.5333333333333333
0,1,1,1,1,31,0,1,31,31,35,0.3,0.1,0.3,0.15,0.15,0.5,-0.6931471805599453,0.5,0.5002628585147328,1,0,0.5161290322580645
1,1,1,1,0,16,1,1,32,32,35,0.3,0.1,0.3,0.15,0.15,0.5,-0.6931471805599453,0.5,0.54554338674444,1,1,0.53125
0,0,0,0,0,1,0,2,1,33,35,0.3,0.1,0.3,0.15,0.15,0.5,-0.6931471805599453,0.5,0.4495373837958407,1,0,0.5151515151515151
1,1,1,0,0,8,1,2,2,34,35,0.3,0.1,0.3,0.15,0.15,0.5,-0.6931471805599453,0.5,0.549748536855897,0,0,0.5
1,1,0,0,0,4,0,2,3,35,35,0.3,0.1,0.3,0.15,0.15,0.5,-0.6931471805599453,0.5,0.5005648308008173,0,1,0.5142857142857142
0,1,1,0,1,23,0,2,4,36,35,0.3,0.1,0.3,0.15,0.15,0.5,-0.6931471805599453,0.5,0.5003175648381855,0,1,0.5277777777777778
1,1,0,1,0,12,0,2,5,37,35,0.3,0.1,0.3,0.15,0.15,0.5,-0.6931471805599453,0.5,0.4991717407444146,1,0,0.5135135135135135
0,0,1,1,0,13,0,2,6,38,35,0.3,0.1,0.3,0.15,0.15,0.5,-0.6931471805599453,0.5,0.4993142737638694,1,0,0.5
0,1,0,0,0,3,0,2,7,39,35,0.3,0.1,0.3,0.15,0.15,0.5,-0.6931471805599453,0.5,0.4517665383835254,0,1,0.5128205128205128
0,0,0,1,1,25,0,2,8,40,35,0.3,0.1,0.3,0.15,0.15,0.5,-0.6931471805599453,0.5,0.44919778266000115,0,1,0.525
1,0,1,1,0,14,1,2,9,41,35,0.3,0.1,0.3,0.15,0.15,0.5,-0.6931471805599453,0.5,0.548879556325699,0,0,0.5121951219512195
0,1,0,1,1,27,0,2,10,42,35,0.3,0.1,0.3,0.15,0.15,0.5,-0.6931471805599453,0.5,0.4478978935349008,0,1,0.5238095238095238
0,1,1,1,1,31,0,2,11,43,35,0.3,0.1,0.3,0.15,0.15,0.5,-0.6931471805599453,0.5,0.496479566104829,0,1,0.5348837209302325
0,1,1,0,0,7,0,2,12,44,35,0.3,0.1,0.3,0.15,0.15,0.5,-0.6931471805599453,0.5,0.4986024707916887,1,0,0.5227272727272727
1,1,0,0,1,20,0,2,13,45,35,0.3,0.1,0.3,0.15,0.15,0.5,-0.6931471805599453,0.5,0.4984863972914636,1,0,0.5111111111111111
0,0,1,1,1,29,0,2,14,46,35,0.3,0.1,0.3,0.15,0.15,0.5,-0.6931471805599453,0.5,0.49653654848621864,0,1,0.5217391304347826
0,0,0,1,0,9,0,2,15,47,35,0.3,0.1,0.3,0.15,0.15,0.5,-0.6931471805599453,0.5,0.45210566439174155,0,1,0.5319148936170213
1,0,0,0,0,2,0,2,16,48,35,0.3,0.1,0.3,0.15,0.15,0.5,-0.6931471805599453,0.5,0.5024392753182377,0,1,0.5416666666666666
0,1,1,1,0,15,0,2,17,49,35,0.3,0.1,0.3,0.15,0.15,0.5,-0.6931471805599453,0.5,0.4982764361824245,1,0,0.5306122448979592
0,1,0,1,0,11,0,2,18,50,35,0.3,0.1,0.3,0.15,0.15,0.5,-0.6931471805599453,0.5,0.44999242823756014,0,1,0.54
1,0,0,1,0,10,0,2,19,51,35,0.3,0.1,0.3,0.15,0.15,0.5,-0.6931471805599453,0.5,0.5012662653910963,1,0,0.5294117647058824
1,0,1,1,1,30,1,2,20,52,35,0.3,0.1,0.3,0.15,0.15,0.5,-0.6931471805599453,0.5,0.5486358860445052,1,1,0.5384615384615384
0,0,1,0,1,21,0,2,21,53,35,0.3,0.1,0.3,0.15,0.15,0.5,-0.6931471805599453,0.5,0.4983714295998371,1,0,0.5283018867924528
0,1,0,0,1,19,0,2,22,54,35,0.3,0.1,0.3,0.15,0.15,0.5,-0.6931471805599453,0.5,0.4483964825011452,1,0,0.5185185185185185
1,0,0,0,1,18,0,2,23,55,35,0.3,0.1,0.3,0.15,0.15,0.5,-0.6931471805599453,0.5,0.5001039402242116,0,1,0.5272727272727272
0,0,1,0,0,5,0,2,24,56,35,0.3,0.1,0.3,0.15,0.15,0.5,-0.6931471805599453,0.5,0.4979105674355185,1,0,0.5178571428571429
0,0,0,0,1,17,0,2,25,57,35,0.3,0.1,0.3,0.15,0.15,0.5,-0.6931471805599453,0.5,0.4489495954212935,1,0,0.5087719298245614
1,1,1,1,0,16,1,2,26,58,35,0.3,0.1,0.3,0.15,0.15,0.5,-0.6931471805599453,0.5,0.5507819850963095,0,0,0.5
1,1,0,1,1,28,0,2,27,59,35,0.3,0.1,0.3,0.15,0.15,0.5,-0.6931471805599453,0.5,0.5006864039560611,0,1,0.5084745762711864
1,1,1,1,1,32,1,2,28,60,35,0.3,0.1,0.3,0.15,0.15,0.5,-0.6931471805599453,0.5,0.5496787529144324,1,1,0.5166666666666667
1,0,1,0,1,22,1,2,29,61,35,0.3,0.1,0.3,0.15,0.15,0.5,-0.6931471805599453,0.5,0.5462305852398177,1,1,0.5245901639344263
1,0,0,1,1,26,0,2,30,62,35,0.3,0.1,0.3,0.15,0.15,0.5,-0.6931471805599453,0.5,0.5009480294781419,1,0,0.5161290322580645
1,1,1,0,1,24,1,2,31,63,35,0.3,0.1,0.3,0.15,0.15,0.5,-0.6931471805599453,0.5,0.5478616359908931,0,0,0.5079365079365079
1,0,1,0,0,6,1,2,32,64,35,0.3,0.1,0.3,0.15,0.15,0.5,-0.6931471805599453,0.5,0.5475148015839301,0,0,0.5
1,0,1,0,0,6,1,3,1,65,35,0.3,0.1,0.3,0.15,0.15,0.5,-0.6931471805599453,0.5,0.5492258121295862,0,0,0.49230769230769234
0,0,1,1,1,29,0,3,2,66,35,0.3,0.1,0.3,0.15,0.15,0.5,-0.6931471805599453,0.5,0.4973861953640032,0,1,0.5
1,1,0,1,1,28,0,3,3,67,35,0.3,0.1,0.3,0.15,0.15,0.5,-0.6931471805599453,0.5,0.49723055412274264,0,1,0.5074626865671642
0,1,1,0,1,23,0,3,4,68,35,0.3,0.1,0.3,0.15,0.15,0.5,-0.6931471805599453,0.5,0.4977546152815549,1,0,0.5
1,1,0,1,0,12,0,3,5,69,35,0.3,0.1,0.3,0.15,0.15,0.5,-0.6931471805599453,0.5,0.49860803931576203,0,1,0.5072463768115942
1,0,0,0,0,2,0,3,6,70,35,0.3,0.1,0.3,0.15,0.15,0.5,-0.6931471805599453,0.5,0.5005703131957732,1,0,0.5
0,0,0,1,0,9,0,3,7,71,35,0.3,0.1,0.3,0.15,0.15,0.5,-0.6931471805599453,0.5,0.45119634042026646,1,0,0.49295774647887325
1,1,0,0,0,4,0,3,8,72,35,0.3,0.1,0.3,0.15,0.15,0.5,-0.6931471805599453,0.5,0.4984014206062782,0,1,0.5
1,0,0,1,1,26,0,3,9,73,35,0.3,0.1,0.3,0.15,0.15,0.5,-0.6931471805599453,0.5,0.49620782671785035,0,1,0.5068493150684932
0,0,1,0,1,21,0,3,10,74,35,0.3,0.1,0.3,0.15,0.15,0.5,-0.6931471805599453,0.5,0.5006399103995252,1,0,0.5
0,0,1,1,0,13,0,3,11,75,35,0.3,0.1,0.3,0.15,0.15,0.5,-0.6931471805599453,0.5,0.4997015102630026,1,0,0.49333333333333335
0,1,1,0,0,7,0,3,12,76,35,0.3,0.1,0.3,0.15,0.15,0.5,-0.6931471805599453,0.5,0.5000203400190355,0,1,0.5
1,1,1,0,0,8,1,3,13,77,35,0.3,0.1,0.3,0.15,0.15,0.5,-0.6931471805599453,0.5,0.5483863788973214,0,0,0.4935064935064935
0,1,0,1,0,11,0,3,14,78,35,0.3,0.1,0.3,0.15,0.15,0.5,-0.6931471805599453,0.5,0.4510035929821322,1,0,0.48717948717948717
1,1,1,1,1,32,1,3,15,79,35,0.3,0.1,0.3,0.15,0.15,0.5,-0.6931471805599453,0.5,0.5460038443018572,0,0,0.4810126582278481
0,1,0,0,0,3,0,3,16,80,35,0.3,0.1,0.3,0.15,0.15,0.5,-0.6931471805599453,0.5,0.4521248162246429,0,1,0.4875
0,0,1,0,0,5,0,3,17,81,35,0.3,0.1,0.3,0.15,0.15,0.5,-0.6931471805599453,0.5,0.49859282288641527,0,1,0.49382716049382713
1,0,1,0,1,22,1,3,18,82,35,0.3,0.1,0.3,0.15,0.15,0.5,-0.6931471805599453,0.5,0.5484118672890866,1,1,0.5
1,1,1,0,1,24,1,3,19,83,35,0.3,0.1,0.3,0.15,0.15,0.5,-0.6931471805599453,0.5,0.5496890794844391,1,1,0.5060240963855421
0,0,0,0,0,1,0,3,20,84,35,0.3,0.1,0.3,0.15,0.15,0.5,-0.6931471805599453,0.5,0.45059283603551537,0,1,0.5119047619047619
1,0,1,1,1,30,1,3,21,85,35,0.3,0.1,0.3,0.15,0.15,0.5,-0.6931471805599453,0.5,0.5481768598195604,1,1,0.5176470588235295
0,1,1,1,1,31,0,3,22,86,35,0.3,0.1,0.3,0.15,0.15,0.5,-0.6931471805599453,0.5,0.49859539847489337,0,1,0.5232558139534884
0,0,0,0,1,17,0,3,23,87,35,0.3,0.1,0.3,0.15,0.15,0.5,-0.6931471805599453,0.5,0.452644116043785,0,1,0.5287356321839081
0,0,0,1,1,25,0,3,24,88,35,0.3,0.1,0.3,0.15,0.15,0.5,-0.6931471805599453,0.5,0.4504705702613594,1,0,0.5227272727272727
0,1,0,0,1,19,0,3,25,89,35,0.3,0.1,0.3,0.15,0.15,0.5,-0.6931471805599453,0.5,0.45173241527189634,1,0,0.5168539325842697
1,1,0,0,1,20,0,3,26,90,35,0.3,0.1,0.3,0.15,0.15,0.5,-0.6931471805599453,0.5,0.501108883656765,0,1,0.5222222222222223
0,1,1,1,0,15,0,3,27,91,35,0.3,0.1,0.3,0.15,0.15,0.5,-0.6931471805599453,0.5,0.49622658257673796,0,1,0.5274725274725275
1,1,1,1,0,16,1,3,28,92,35,0.3,0.1,0.3,0.15,0.15,0.5,-0.6931471805599453,0.5,0.5473988240779504,1,1,0.532608695652174
1,0,0,1,0,10,0,3,29,93,35,0.3,0.1,0.3,0.15,0.15,0.5,-0.6931471805599453,0.5,0.49821536558862894,0,1,0.5376344086021505
0,1,0,1,1,27,0,3,30,94,35,0.3,0.1,0.3,0.15,0.15,0.5,-0.6931471805599453,0.5,0.4503164486153622,1,0,0.5319148936170213
1,0,1,1,0,14,1,3,31,95,35,0.3,0.1,0.3,0.15,0.15,0.5,-0.6931471805599453,0.5,0.5480968723068953,1,1,0.5368421052631579
1,0,0,0,1,18,0,3,32,96,35,0.3,0.1,0.3,0.15,0.15,0.5,-0.6931471805599453,0.5,0.49908901351898466,1,0,0.53125
0,0,1,1,1,29,0,1,1,1,36,0.3,0.1,0.3,0.15,0.15,1,0,0.5,0.5,1,0,0
1,1,0,0,0,4,0,1,2,2,36,0.3,0.1,0.3,0.15,0.15,1,0,0.5,0.5,1,0,0
1,1,1,1,1,32,1,1,3,3,36,0.3,0.1,0.3,0.15,0.15,1,0,0.5,0.5,1,1,0.3333333333333333
1,1,0,0,1,20,0,1,4,4,36,0.3,0.1,0.3,0.15,0.15,1,0,0.5,0.4974903039956153,0,1,0.5
0,0,1,0,0,5,0,1,5,5,36,0.3,0.1,0.3,0.15,0.15,1,0,0.5,0.47225258867966846,1,0,0.4
1,1,1,0,1,24,1,1,6,6,36,0.3,0.1,0.3,0.15,0.15,1,0,0.5,0.5761890213196832,1,1,0.5
0,0,1,1,0,13,0,1,7,7,36,0.3,0.1,0.3,0.15,0.15,1,0,0.5,0.4603711952865612,0,1,0.5714285714285714
1,1,1,0,0,8,1,1,8,8,36,0.3,0.1,0.3,0.15,0.15,1,0,0.5,0.5618509320804711,1,1,0.625
1,0,1,0,0,6,1,1,9,9,36,0.3,0.1,0.3,0.15,0.15,1,0,0.5,0.5527442845295942,1,1,0.6666666666666666
0,1,1,1,0,15,0,1,10,10,36,0.3,0.1,0.3,0.15,0.15,1,0,0.5,0.4731891914422791,0,1,0.7
0,1,1,1,1,31,0,1,11,11,36,0.3,0.1,0.3,0.15,0.15,1,0,0.5,0.47038325105948364,0,1,0.7272727272727273
0,0,0,0,0,1,0,1,12,12,36,0.3,0.1,0.3,0.15,0.15,1,0,0.5,0.43126150216238524,1,0,0.6666666666666666
1,0,1,1,1,30,1,1,13,13,36,0.3,0.1,0.3,0.15,0.15,1,0,0.5,0.5707715801429231,0,0,0.6153846153846154
0,1,1,0,1,23,0,1,14,14,36,0.3,0.1,0.3,0.15,0.15,1,0,0.5,0.48306509783671825,1,0,0.5714285714285714
1,1,1,1,0,16,1,1,15,15,36,0.3,0.1,0.3,0.15,0.15,1,0,0.5,0.5742150021932718,1,1,0.6
0,0,0,0,1,17,0,1,16,16,36,0.3,0.1,0.3,0.15,0.15,1,0,0.5,0.413158118951004,1,0,0.5625
0,1,0,0,0,3,0,1,17,17,36,0.3,0.1,0.3,0.15,0.15,1,0,0.5,0.4100177689684226,1,0,0.5294117647058824
1,0,0,1,1,26,0,1,18,18,36,0.3,0.1,0.3,0.15,0.15,1,0,0.5,0.5282440844381204,1,0,0.5
1,0,0,1,0,10,0,1,19,19,36,0.3,0.1,0.3,0.15,0.15,1,0,0.5,0.5118669594420947,0,1,0.5263157894736842
1,0,0,0,0,2,0,1,20,20,36,0.3,0.1,0.3,0.15,0.15,1,0,0.5,0.49488267189511786,1,0,0.5
1,0,1,1,0,14,1,1,21,21,36,0.3,0.1,0.3,0.15,0.15,1,0,0.5,0.5813691922636138,1,1,0.5238095238095238
0,1,0,0,1,19,0,1,22,22,36,0.3,0.1,0.3,0.15,0.15,1,0,0.5,0.4056492928043677,0,1,0.5454545454545454
1,1,0,1,1,28,0,1,23,23,36,0.3,0.1,0.3,0.15,0.15,1,0,0.5,0.5063654330382195,0,1,0.5652173913043478
1,1,0,1,0,12,0,1,24,24,36,0.3,0.1,0.3,0.15,0.15,1,0,0.5,0.501711108040157,1,0,0.5416666666666666
0,1,0,1,0,11,0,1,25,25,36,0.3,0.1,0.3,0.15,0.15,1,0,0.5,0.41369727485316765,0,1,0.56
0,0,0,1,1,25,0,1,26,26,36,0.3,0.1,0.3,0.15,0.15,1,0,0.5,0.40621651351932,0,1,0.5769230769230769
1,0,1,0,1,22,1,1,27,27,36,0.3,0.1,0.3,0.15,0.15,1,0,0.5,0.5912644954524255,0,0,0.5555555555555556
1,0,0,0,1,18,0,1,28,28,36,0.3,0.1,0.3,0.15,0.15,1,0,0.5,0.4916406402334055,1,0,0.5357142857142857
0,0,0,1,0,9,0,1,29,29,36,0.3,0.1,0.3,0.15,0.15,1,0,0.5,0.40197190399872423,1,0,0.5172413793103449
0,0,1,0,1,21,0,1,30,30,36,0.3,0.1,0.3,0.15,0.15,1,0,0.5,0.5015760408693433,0,1,0.5333333333333333
0,1,1,0,0,7,0,1,31,31,36,0.3,0.1,0.3,0.15,0.15,1,0,0.5,0.4978576464730128,1,0,0.5161290322580645
0,1,0,1,1,27,0,1,32,32,36,0.3,0.1,0.3,0.15,0.15,1,0,0.5,0.40376104661019924,0,1,0.53125
0,0,0,0,1,17,0,2,1,33,36,0.3,0.1,0.3,0.15,0.15,1,0,0.5,0.39883877211169366,1,0,0.5151515151515151
1,1,1,1,0,16,1,2,2,34,36,0.3,0.1,0.3,0.15,0.15,1,0,0.5,0.5996665236646467,0,0,0.5
1,0,1,1,0,14,1,2,3,35,36,0.3,0.1,0.3,0.15,0.15,1,0,0.5,0.6015803702857554,1,1,0.5142857142857142
0,1,0,0,0,3,0,2,4,36,36,0.3,0.1,0.3,0.15,0.15,1,0,0.5,0.39721251865614704,1,0,0.5
0,1,0,1,1,27,0,2,5,37,36,0.3,0.1,0.3,0.15,0.15,1,0,0.5,0.39647519894439404,0,1,0.5135135135135135
1,0,0,1,0,10,0,2,6,38,36,0.3,0.1,0.3,0.15,0.15,1,0,0.5,0.5029380152909635,1,0,0.5
1,0,1,0,0,6,1,2,7,39,36,0.3,0.1,0.3,0.15,0.15,1,0,0.5,0.6000908796904997,0,0,0.48717948717948717
0,0,0,0,0,1,0,2,8,40,36,0.3,0.1,0.3,0.15,0.15,1,0,0.5,0.39889530230651665,0,1,0.5
0,0,1,1,0,13,0,2,9,41,36,0.3,0.1,0.3,0.15,0.15,1,0,0.5,0.5040322483833771,0,1,0.5121951219512195
1,1,0,0,0,4,0,2,10,42,36,0.3,0.1,0.3,0.15,0.15,1,0,0.5,0.49493458387685124,0,1,0.5238095238095238
1,0,1,1,1,30,1,2,11,43,36,0.3,0.1,0.3,0.15,0.15,1,0,0.5,0.5993842045737888,1,1,0.5348837209302325
1,0,0,0,0,2,0,2,12,44,36,0.3,0.1,0.3,0.15,0.15,1,0,0.5,0.48982929432322353,1,0,0.5227272727272727
1,0,1,0,1,22,1,2,13,45,36,0.3,0.1,0.3,0.15,0.15,1,0,0.5,0.596062656540881,0,0,0.5111111111111111
1,0,0,1,1,26,0,2,14,46,36,0.3,0.1,0.3,0.15,0.15,1,0,0.5,0.49452440492328037,0,1,0.5217391304347826
1,1,1,1,1,32,1,2,15,47,36,0.3,0.1,0.3,0.15,0.15,1,0,0.5,0.5987682965619673,0,0,0.5106382978723404
0,1,1,1,1,31,0,2,16,48,36,0.3,0.1,0.3,0.15,0.15,1,0,0.5,0.5036766244572988,0,1,0.5208333333333334
0,0,1,0,1,21,0,2,17,49,36,0.3,0.1,0.3,0.15,0.15,1,0,0.5,0.49724539847718624,0,1,0.5306122448979592
1,1,0,1,0,12,0,2,18,50,36,0.3,0.1,0.3,0.15,0.15,1,0,0.5,0.49258103343999127,1,0,0.52
0,1,1,0,1,23,0,2,19,51,36,0.3,0.1,0.3,0.15,0.15,1,0,0.5,0.4933896966983247,1,0,0.5098039215686274
0,1,0,0,1,19,0,2,20,52,36,0.3,0.1,0.3,0.15,0.15,1,0,0.5,0.3951406260952609,0,1,0.5192307692307693
1,1,0,1,1,28,0,2,21,53,36,0.3,0.1,0.3,0.15,0.15,1,0,0.5,0.4933269745316481,1,0,0.5094339622641509
1,1,1,0,1,24,1,2,22,54,36,0.3,0.1,0.3,0.15,0.15,1,0,0.5,0.5911424274615594,0,0,0.5
1,0,0,0,1,18,0,2,23,55,36,0.3,0.1,0.3,0.15,0.15,1,0,0.5,0.49009004187273586,0,1,0.509090909090909
0,1,1,1,0,15,0,2,24,56,36,0.3,0.1,0.3,0.15,0.15,1,0,0.5,0.4996867117123227,0,1,0.5178571428571429
0,1,1,0,0,7,0,2,25,57,36,0.3,0.1,0.3,0.15,0.15,1,0,0.5,0.49243933093349584,0,1,0.5263157894736842
1,1,0,0,1,20,0,2,26,58,36,0.3,0.1,0.3,0.15,0.15,1,0,0.5,0.4890195698256733,1,0,0.5172413793103449
0,1,0,1,0,11,0,2,27,59,36,0.3,0.1,0.3,0.15,0.15,1,0,0.5,0.4016609512943584,0,1,0.5254237288135594
0,0,0,1,1,25,0,2,28,60,36,0.3,0.1,0.3,0.15,0.15,1,0,0.5,0.40522520039244087,1,0,0.5166666666666667
1,1,1,0,0,8,1,2,29,61,36,0.3,0.1,0.3,0.15,0.15,1,0,0.5,0.5921568092608734,0,0,0.5081967213114754
0,0,0,1,0,9,0,2,30,62,36,0.3,0.1,0.3,0.15,0.15,1,0,0.5,0.4006397026502985,0,1,0.5161290322580645
0,0,1,0,0,5,0,2,31,63,36,0.3,0.1,0.3,0.15,0.15,1,0,0.5,0.4967583474688771,0,1,0.5238095238095238
0,0,1,1,1,29,0,2,32,64,36,0.3,0.1,0.3,0.15,0.15,1,0,0.5,0.4957105334788477,0,1,0.53125
0,1,0,1,1,27,0,3,1,65,36,0.3,0.1,0.3,0.15,0.15,1,0,0.5,0.39883877211169366,1,0,0.5230769230769231
1,1,1,1,1,32,1,3,2,66,36,0.3,0.1,0.3,0.15,0.15,1,0,0.5,0.5964488132054279,1,1,0.5303030303030303
1,1,0,0,0,4,0,3,3,67,36,0.3,0.1,0.3,0.15,0.15,1,0,0.5,0.49171377959188733,0,1,0.5373134328358209
0,1,1,0,0,7,0,3,4,68,36,0.3,0.1,0.3,0.15,0.15,1,0,0.5,0.4923416199623405,1,0,0.5294117647058824
0,1,0,0,0,3,0,3,5,69,36,0.3,0.1,0.3,0.15,0.15,1,0,0.5,0.39619313866948647,0,1,0.5362318840579711
0,0,1,1,0,13,0,3,6,70,36,0.3,0.1,0.3,0.15,0.15,1,0,0.5,0.4929409469889098,0,1,0.5428571428571428
0,1,0,1,0,11,0,3,7,71,36,0.3,0.1,0.3,0.15,0.15,1,0,0.5,0.3977590165351582,0,1,0.5492957746478874
1,0,0,0,0,2,0,3,8,72,36,0.3,0.1,0.3,0.15,0.15,1,0,0.5,0.4909538860221576,0,1,0.5555555555555556
0,1,1,1,1,31,0,3,9,73,36,0.3,0.1,0.3,0.15,0.15,1,0,0.5,0.4969936945742341,1,0,0.547945205479452
1,1,0,1,1,28,0,3,10,74,36,0.3,0.1,0.3,0.15,0.15,1,0,0.5,0.49789392595683263,1,0,0.5405405405405406
0,1,1,0,1,23,0,3,11,75,36,0.3,0.1,0.3,0.15,0.15,1,0,0.5,0.4937236357855806,1,0,0.5333333333333333
1,1,1,1,0,16,1,3,12,76,36,0.3,0.1,0.3,0.15,0.15,1,0,0.5,0.5950599479472813,1,1,0.5394736842105263
0,0,0,0,0,1,0,3,13,77,36,0.3,0.1,0.3,0.15,0.15,1,0,0.5,0.39666354459182646,0,1,0.5454545454545454
1,0,1,1,0,14,1,3,14,78,36,0.3,0.1,0.3,0.15,0.15,1,0,0.5,0.5978913258492203,1,1,0.5512820512820513
1,0,0,0,1,18,0,3,15,79,36,0.3,0.1,0.3,0.15,0.15,1,0,0.5,0.4910884513354068,1,0,0.5443037974683544
0,0,0,1,1,25,0,3,16,80,36,0.3,0.1,0.3,0.15,0.15,1,0,0.5,0.40201176057535787,1,0,0.5375
0,0,1,1,1,29,0,3,17,81,36,0.3,0.1,0.3,0.15,0.15,1,0,0.5,0.49491536677232967,0,1,0.5432098765432098
1,1,0,1,0,12,0,3,18,82,36,0.3,0.1,0.3,0.15,0.15,1,0,0.5,0.4984171172307957,1,0,0.5365853658536586
1,0,1,0,0,6,1,3,19,83,36,0.3,0.1,0.3,0.15,0.15,1,0,0.5,0.5943196167426144,0,0,0.5301204819277109
0,0,1,0,0,5,0,3,20,84,36,0.3,0.1,0.3,0.15,0.15,1,0,0.5,0.49359907798466984,0,1,0.5357142857142857
0,0,0,1,0,9,0,3,21,85,36,0.3,0.1,0.3,0.15,0.15,1,0,0.5,0.40268205339854896,1,0,0.5294117647058824
1,0,1,0,1,22,1,3,22,86,36,0.3,0.1,0.3,0.15,0.15,1,0,0.5,0.5942930206011168,0,0,0.5232558139534884
1,0,0,1,0,10,0,3,23,87,36,0.3,0.1,0.3,0.15,0.15,1,0,0.5,0.49536399329023284,1,0,0.5172413793103449
0,1,0,0,1,19,0,3,24,88,36,0.3,0.1,0.3,0.15,0.15,1,0,0.5,0.3983958806776737,0,1,0.5227272727272727
1,1,1,0,1,24,1,3,25,89,36,0.3,0.1,0.3,0.15,0.15,1,0,0.5,0.5956180114982343,0,0,0.5168539325842697
0,0,1,0,1,21,0,3,26,90,36,0.3,0.1,0.3,0.15,0.15,1,0,0.5,0.49407617355498995,0,1,0.5222222222222223
1,0,0,1,1,26,0,3,27,91,36,0.3,0.1,0.3,0.15,0.15,1,0,0.5,0.4941773292706802,1,0,0.5164835164835165
0,0,0,0,1,17,0,3,28,92,36,0.3,0.1,0.3,0.15,0.15,1,0,0.5,0.3995790404254668,1,0,0.5108695652173914
1,1,0,0,1,20,0,3,29,93,36,0.3,0.1,0.3,0.15,0.15,1,0,0.5,0.4935260468843169,1,0,0.5053763440860215
0,1,1,1,0,15,0,3,30,94,36,0.3,0.1,0.3,0.15,0.15,1,0,0.5,0.4947670448453467,1,0,0.5
1,1,1,0,0,8,1,3,31,95,36,0.3,0.1,0.3,0.15,0.15,1,0,0.5,0.5960818318449531,0,0,0.49473684210526314
1,0,1,1,1,30,1,3,32,96,36,0.3,0.1,0.3,0.15,0.15,1,0,0.5,0.5941263145519151,1,1,0.5
0,0,0,1,1,25,0,1,1,1,37,0.3,0.1,0.3,0.15,0.15,1,0,0.5,0.5,0,1,1
0,0,1,0,1,21,0,1,2,2,37,0.3,0.1,0.3,0.15,0.15,1,0,0.5,0.5,1,0,0.5
0,0,0,0,0,1,0,1,3,3,37,0.3,0.1,0.3,0.15,0.15,1,0,0.5,0.5,0,1,0.6666666666666666
0,0,1,1,0,13,0,1,4,4,37,0.3,0.1,0.3,0.15,0.15,1,0,0.5,0.5,1,0,0.5
1,0,1,1,0,14,1,1,5,5,37,0.3,0.1,0.3,0.15,0.15,1,0,0.5,0.5,0,0,0.4
1,0,0,1,0,10,0,1,6,6,37,0.3,0.1,0.3,0.15,0.15,1,0,0.5,0.570528293298009,0,1,0.5
1,0,0,0,1,18,0,1,7,7,37,0.3,0.1,0.3,0.15,0.15,1,0,0.5,0.48010698256704415,0,1,0.5714285714285714
1,1,1,1,0,16,1,1,8,8,37,0.3,0.1,0.3,0.15,0.15,1,0,0.5,0.6299878752542857,0,0,0.5
0,0,0,1,0,9,0,1,9,9,37,0.3,0.1,0.3,0.15,0.15,1,0,0.5,0.4217086356916326,1,0,0.4444444444444444
0,0,1,1,1,29,0,1,10,10,37,0.3,0.1,0.3,0.15,0.15,1,0,0.5,0.48064407755576716,1,0,0.4
1,0,0,0,0,2,0,1,11,11,37,0.3,0.1,0.3,0.15,0.15,1,0,0.5,0.49281493550371624,1,0,0.36363636363636365
0,1,0,0,1,19,0,1,12,12,37,0.3,0.1,0.3,0.15,0.15,1,0,0.5,0.378779744983405,0,1,0.4166666666666667
1,1,0,1,0,12,0,1,13,13,37,0.3,0.1,0.3,0.15,0.15,1,0,0.5,0.5396503615491065,1,0,0.38461538461538464
0,1,0,0,0,3,0,1,14,14,37,0.3,0.1,0.3,0.15,0.15,1,0,0.5,0.40313456734791314,1,0,0.35714285714285715
1,1,0,1,1,28,0,1,15,15,37,0.3,0.1,0.3,0.15,0.15,1,0,0.5,0.49717311295237915,0,1,0.4
1,1,1,1,1,32,1,1,16,16,37,0.3,0.1,0.3,0.15,0.15,1,0,0.5,0.6027341938445793,1,1,0.4375
0,1,0,1,1,27,0,1,17,17,37,0.3,0.1,0.3,0.15,0.15,1,0,0.5,0.4161003584424037,0,1,0.47058823529411764
0,0,0,0,1,17,0,1,18,18,37,0.3,0.1,0.3,0.15,0.15,1,0,0.5,0.36275437135298155,0,1,0.5
0,1,1,0,0,7,0,1,19,19,37,0.3,0.1,0.3,0.15,0.15,1,0,0.5,0.5031561441162511,1,0,0.47368421052631576
0,1,1,1,1,31,0,1,20,20,37,0.3,0.1,0.3,0.15,0.15,1,0,0.5,0.5182263075307261,0,1,0.5
1,0,1,0,0,6,1,1,21,21,37,0.3,0.1,0.3,0.15,0.15,1,0,0.5,0.5853349428105497,1,1,0.5238095238095238
0,0,1,0,0,5,0,1,22,22,37,0.3,0.1,0.3,0.15,0.15,1,0,0.5,0.4949170820957122,1,0,0.5
0,1,1,1,0,15,0,1,23,23,37,0.3,0.1,0.3,0.15,0.15,1,0,0.5,0.5108876902176694,1,0,0.4782608695652174
1,1,0,0,0,4,0,1,24,24,37,0.3,0.1,0.3,0.15,0.15,1,0,0.5,0.502194911846461,1,0,0.4583333333333333
1,0,1,0,1,22,1,1,25,25,37,0.3,0.1,0.3,0.15,0.15,1,0,0.5,0.5800177000916427,0,0,0.44
1,0,0,1,1,26,0,1,26,26,37,0.3,0.1,0.3,0.15,0.15,1,0,0.5,0.4993582579054496,0,1,0.46153846153846156
0,1,1,0,1,23,0,1,27,27,37,0.3,0.1,0.3,0.15,0.15,1,0,0.5,0.4862655217591529,0,1,0.48148148148148145
1,1,1,0,1,24,1,1,28,28,37,0.3,0.1,0.3,0.15,0.15,1,0,0.5,0.5870346923140026,0,0,0.4642857142857143
1,0,1,1,1,30,1,1,29,29,37,0.3,0.1,0.3,0.15,0.15,1,0,0.5,0.5931347732359589,0,0,0.4482758620689655
0,1,0,1,0,11,0,1,30,30,37,0.3,0.1,0.3,0.15,0.15,1,0,0.5,0.400299389175377,0,1,0.4666666666666667
1,1,1,0,0,8,1,1,31,31,37,0.3,0.1,0.3,0.15,0.15,1,0,0.5,0.5904139451023357,1,1,0.4838709677419355
1,1,0,0,1,20,0,1,32,32,37,0.3,0.1,0.3,0.15,0.15,1,0,0.5,0.49904550424954336,1,0,0.46875
1,0,1,0,0,6,1,2,1,33,37,0.3,0.1,0.3,0.15,0.15,1,0,0.5,0.596368346081069,1,1,0.48484848484848486
1,1,1,0,1,24,1,2,2,34,37,0.3,0.1,0.3,0.15,0.15,1,0,0.5,0.5948843325245163,1,1,0.5
0,0,1,1,1,29,0,2,3,35,37,0.3,0.1,0.3,0.15,0.15,1,0,0.5,0.48861052666268256,1,0,0.4857142857142857
0,0,0,0,1,17,0,2,4,36,37,0.3,0.1,0.3,0.15,0.15,1,0,0.5,0.4028424976731031,1,0,0.4722222222222222
0,1,0,0,1,19,0,2,5,37,37,0.3,0.1,0.3,0.15,0.15,1,0,0.5,0.4010043497761161,1,0,0.4594594594594595
0,0,1,0,0,5,0,2,6,38,37,0.3,0.1,0.3,0.15,0.15,1,0,0.5,0.4954718039201082,1,0,0.4473684210526316
0,1,0,0,0,3,0,2,7,39,37,0.3,0.1,0.3,0.15,0.15,1,0,0.5,0.4012283004589821,1,0,0.4358974358974359
0,0,1,1,0,13,0,2,8,40,37,0.3,0.1,0.3,0.15,0.15,1,0,0.5,0.48626616480220936,0,1,0.45
1,0,1,1,0,14,1,2,9,41,37,0.3,0.1,0.3,0.15,0.15,1,0,0.5,0.5947785028506135,0,0,0.43902439024390244
0,1,0,1,0,11,0,2,10,42,37,0.3,0.1,0.3,0.15,0.15,1,0,0.5,0.39749690515356845,1,0,0.42857142857142855
0,1,1,1,1,31,0,2,11,43,37,0.3,0.1,0.3,0.15,0.15,1,0,0.5,0.48356230163597613,1,0,0.4186046511627907
0,0,0,1,0,9,0,2,12,44,37,0.3,0.1,0.3,0.15,0.15,1,0,0.5,0.3978260409435396,0,1,0.4318181818181818
0,1,0,1,1,27,0,2,13,45,37,0.3,0.1,0.3,0.15,0.15,1,0,0.5,0.39063127291396676,1,0,0.4222222222222222
1,0,0,1,1,26,0,2,14,46,37,0.3,0.1,0.3,0.15,0.15,1,0,0.5,0.4991646825549643,0,1,0.43478260869565216
1,1,1,1,0,16,1,2,15,47,37,0.3,0.1,0.3,0.15,0.15,1,0,0.5,0.5992232318409401,0,0,0.425531914893617
1,1,1,0,0,8,1,2,16,48,37,0.3,0.1,0.3,0.15,0.15,1,0,0.5,0.6063558823872669,1,1,0.4375
1,0,1,0,1,22,1,2,17,49,37,0.3,0.1,0.3,0.15,0.15,1,0,0.5,0.5978864114904158,1,1,0.4489795918367347
1,1,1,1,1,32,1,2,18,50,37,0.3,0.1,0.3,0.15,0.15,1,0,0.5,0.59378518193254,1,1,0.46
1,1,0,1,0,12,0,2,19,51,37,0.3,0.1,0.3,0.15,0.15,1,0,0.5,0.500223935560705,1,0,0.45098039215686275
0,1,1,1,0,15,0,2,20,52,37,0.3,0.1,0.3,0.15,0.15,1,0,0.5,0.4882226763964973,1,0,0.4423076923076923
0,1,1,0,0,7,0,2,21,53,37,0.3,0.1,0.3,0.15,0.15,1,0,0.5,0.49207637805334603,1,0,0.4339622641509434
1,1,0,0,1,20,0,2,22,54,37,0.3,0.1,0.3,0.15,0.15,1,0,0.5,0.5039708085575164,0,1,0.4444444444444444
1,1,0,0,0,4,0,2,23,55,37,0.3,0.1,0.3,0.15,0.15,1,0,0.5,0.5019172706156908,0,1,0.45454545454545453
0,0,1,0,1,21,0,2,24,56,37,0.3,0.1,0.3,0.15,0.15,1,0,0.5,0.49183939498964846,1,0,0.44642857142857145
0,0,0,1,1,25,0,2,25,57,37,0.3,0.1,0.3,0.15,0.15,1,0,0.5,0.39574460266292183,0,1,0.45614035087719296
1,1,0,1,1,28,0,2,26,58,37,0.3,0.1,0.3,0.15,0.15,1,0,0.5,0.4949468193970222,0,1,0.46551724137931033
1,0,0,0,1,18,0,2,27,59,37,0.3,0.1,0.3,0.15,0.15,1,0,0.5,0.497331149771402,0,1,0.4745762711864407
1,0,0,1,0,10,0,2,28,60,37,0.3,0.1,0.3,0.15,0.15,1,0,0.5,0.4949966507362103,1,0,0.4666666666666667
1,0,1,1,1,30,1,2,29,61,37,0.3,0.1,0.3,0.15,0.15,1,0,0.5,0.5915630243836907,1,1,0.47540983606557374
0,1,1,0,1,23,0,2,30,62,37,0.3,0.1,0.3,0.15,0.15,1,0,0.5,0.4935898249029186,1,0,0.46774193548387094
1,0,0,0,0,2,0,2,31,63,37,0.3,0.1,0.3,0.15,0.15,1,0,0.5,0.4967583474688771,1,0,0.4603174603174603
0,0,0,0,0,1,0,2,32,64,37,0.3,0.1,0.3,0.15,0.15,1,0,0.5,0.4012324596004566,0,1,0.46875
1,1,1,0,1,24,1,3,1,65,37,0.3,0.1,0.3,0.15,0.15,1,0,0.5,0.596368346081069,1,1,0.47692307692307695
1,0,1,0,1,22,1,3,2,66,37,0.3,0.1,0.3,0.15,0.15,1,0,0.5,0.5977456813794078,1,1,0.48484848484848486
0,0,1,0,1,21,0,3,3,67,37,0.3,0.1,0.3,0.15,0.15,1,0,0.5,0.49683330207567505,0,1,0.4925373134328358
0,1,0,1,0,11,0,3,4,68,37,0.3,0.1,0.3,0.15,0.15,1,0,0.5,0.3963047554589062,0,1,0.5
0,1,1,0,0,7,0,3,5,69,37,0.3,0.1,0.3,0.15,0.15,1,0,0.5,0.4911475672632317,1,0,0.4927536231884058
0,0,1,1,0,13,0,3,6,70,37,0.3,0.1,0.3,0.15,0.15,1,0,0.5,0.48617822678656286,1,0,0.4857142857142857
1,0,0,1,1,26,0,3,7,71,37,0.3,0.1,0.3,0.15,0.15,1,0,0.5,0.4972383881183045,0,1,0.49295774647887325
1,1,0,1,1,28,0,3,8,72,37,0.3,0.1,0.3,0.15,0.15,1,0,0.5,0.4949771526414613,0,1,0.5
0,1,0,0,1,19,0,3,9,73,37,0.3,0.1,0.3,0.15,0.15,1,0,0.5,0.40512695434040574,1,0,0.4931506849315068
1,1,0,0,1,20,0,3,10,74,37,0.3,0.1,0.3,0.15,0.15,1,0,0.5,0.4978338747600902,0,1,0.5
0,0,0,0,0,1,0,3,11,75,37,0.3,0.1,0.3,0.15,0.15,1,0,0.5,0.40077150101552467,0,1,0.5066666666666667
1,0,1,0,0,6,1,3,12,76,37,0.3,0.1,0.3,0.15,0.15,1,0,0.5,0.5965969999663944,0,0,0.5
1,0,1,1,0,14,1,3,13,77,37,0.3,0.1,0.3,0.15,0.15,1,0,0.5,0.5940639720696154,1,1,0.5064935064935064
1,0,0,0,1,18,0,3,14,78,37,0.3,0.1,0.3,0.15,0.15,1,0,0.5,0.49522131774366013,1,0,0.5
1,0,0,1,0,10,0,3,15,79,37,0.3,0.1,0.3,0.15,0.15,1,0,0.5,0.492535203192805,1,0,0.4936708860759494
0,0,0,1,1,25,0,3,16,80,37,0.3,0.1,0.3,0.15,0.15,1,0,0.5,0.39901745400974653,1,0,0.4875
1,1,1,0,0,8,1,3,17,81,37,0.3,0.1,0.3,0.15,0.15,1,0,0.5,0.5978555416728168,0,0,0.48148148148148145
1,1,0,0,0,4,0,3,18,82,37,0.3,0.1,0.3,0.15,0.15,1,0,0.5,0.4946178037020886,0,1,0.4878048780487805
0,1,0,1,1,27,0,3,19,83,37,0.3,0.1,0.3,0.15,0.15,1,0,0.5,0.39541922060668844,0,1,0.4939759036144578
1,1,1,1,0,16,1,3,20,84,37,0.3,0.1,0.3,0.15,0.15,1,0,0.5,0.5951328222163094,1,1,0.5
0,1,1,1,0,15,0,3,21,85,37,0.3,0.1,0.3,0.15,0.15,1,0,0.5,0.4968719026200415,0,1,0.5058823529411764
1,0,0,0,0,2,0,3,22,86,37,0.3,0.1,0.3,0.15,0.15,1,0,0.5,0.4946301310998208,0,1,0.5116279069767442
0,0,1,0,0,5,0,3,23,87,37,0.3,0.1,0.3,0.15,0.15,1,0,0.5,0.4991192691755437,1,0,0.5057471264367817
0,1,0,0,0,3,0,3,24,88,37,0.3,0.1,0.3,0.15,0.15,1,0,0.5,0.40253249235212435,0,1,0.5113636363636364
0,0,0,1,0,9,0,3,25,89,37,0.3,0.1,0.3,0.15,0.15,1,0,0.5,0.39912456820055,0,1,0.5168539325842697
0,1,1,1,1,31,0,3,26,90,37,0.3,0.1,0.3,0.15,0.15,1,0,0.5,0.49300017978604627,0,1,0.5222222222222223
0,1,1,0,1,23,0,3,27,91,37,0.3,0.1,0.3,0.15,0.15,1,0,0.5,0.49467189961092206,0,1,0.5274725274725275
0,0,1,1,1,29,0,3,28,92,37,0.3,0.1,0.3,0.15,0.15,1,0,0.5,0.49002605842337665,0,1,0.532608695652174
1,1,0,1,0,12,0,3,29,93,37,0.3,0.1,0.3,0.15,0.15,1,0,0.5,0.49403918492481075,1,0,0.5268817204301075
1,1,1,1,1,32,1,3,30,94,37,0.3,0.1,0.3,0.15,0.15,1,0,0.5,0.5921462836954079,1,1,0.5319148936170213
1,0,1,1,1,30,1,3,31,95,37,0.3,0.1,0.3,0.15,0.15,1,0,0.5,0.5936058110911864,1,1,0.5368421052631579
0,0,0,0,1,17,0,3,32,96,37,0.3,0.1,0.3,0.15,0.15,1,0,0.5,0.40042011768767666,0,1,0.5416666666666666
1,1,1,0,0,8,1,1,1,1,38,0.3,0.1,0.3,0.15,0.15,1,0,0.5,0.5,0,0,0
1,0,0,1,0,10,0,1,2,2,38,0.3,0.1,0.3,0.15,0.15,1,0,0.5,0.5,1,0,0
1,1,0,1,1,28,0,1,3,3,38,0.3,0.1,0.3,0.15,0.15,1,0,0.5,0.4133824210826699,0,1,0.3333333333333333
0,1,1,1,1,31,0,1,4,4,38,0.3,0.1,0.3,0.15,0.15,1,0,0.5,0.529268441183714,1,0,0.25
0,1,0,1,0,11,0,1,5,5,38,0.3,0.1,0.3,0.15,0.15,1,0,0.5,0.4214202186179854,0,1,0.4
1,0,1,1,1,30,1,1,6,6,38,0.3,0.1,0.3,0.15,0.15,1,0,0.5,0.5270885584393578,1,1,0.5
0,1,1,1,0,15,0,1,7,7,38,0.3,0.1,0.3,0.15,0.15,1,0,0.5,0.4858667524196157,1,0,0.42857142857142855
0,1,1,0,1,23,0,1,8,8,38,0.3,0.1,0.3,0.15,0.15,1,0,0.5,0.5038046174931928,0,1,0.5
0,1,1,0,0,7,0,1,9,9,38,0.3,0.1,0.3,0.15,0.15,1,0,0.5,0.4855064950985644,1,0,0.4444444444444444
1,1,1,1,0,16,1,1,10,10,38,0.3,0.1,0.3,0.15,0.15,1,0,0.5,0.5647954807925029,1,1,0.5
1,0,1,0,1,22,1,1,11,11,38,0.3,0.1,0.3,0.15,0.15,1,0,0.5,0.5855685977007711,1,1,0.5454545454545454
0,0,0,1,0,9,0,1,12,12,38,0.3,0.1,0.3,0.15,0.15,1,0,0.5,0.4098355028656946,0,1,0.5833333333333334
1,0,0,0,1,18,0,1,13,13,38,0.3,0.1,0.3,0.15,0.15,1,0,0.5,0.533719741730348,0,1,0.6153846153846154
0,0,1,1,0,13,0,1,14,14,38,0.3,0.1,0.3,0.15,0.15,1,0,0.5,0.48023042161829554,1,0,0.5714285714285714
0,0,1,0,1,21,0,1,15,15,38,0.3,0.1,0.3,0.15,0.15,1,0,0.5,0.4930895867494306,1,0,0.5333333333333333
1,1,0,0,0,4,0,1,16,16,38,0.3,0.1,0.3,0.15,0.15,1,0,0.5,0.5182542098787893,1,0,0.5
0,0,1,0,0,5,0,1,17,17,38,0.3,0.1,0.3,0.15,0.15,1,0,0.5,0.48099944550474377,0,1,0.5294117647058824
1,0,0,0,0,2,0,1,18,18,38,0.3,0.1,0.3,0.15,0.15,1,0,0.5,0.5059348532103571,0,1,0.5555555555555556
0,0,0,1,1,25,0,1,19,19,38,0.3,0.1,0.3,0.15,0.15,1,0,0.5,0.42011829889029295,1,0,0.5263157894736842
0,0,1,1,1,29,0,1,20,20,38,0.3,0.1,0.3,0.15,0.15,1,0,0.5,0.4849368786676999,1,0,0.5
1,1,0,1,0,12,0,1,21,21,38,0.3,0.1,0.3,0.15,0.15,1,0,0.5,0.5032080437023071,0,1,0.5238095238095238
0,0,0,0,1,17,0,1,22,22,38,0.3,0.1,0.3,0.15,0.15,1,0,0.5,0.4183087306782315,0,1,0.5454545454545454
1,0,1,1,0,14,1,1,23,23,38,0.3,0.1,0.3,0.15,0.15,1,0,0.5,0.5832862665442848,0,0,0.5217391304347826
1,1,0,0,1,20,0,1,24,24,38,0.3,0.1,0.3,0.15,0.15,1,0,0.5,0.495788794592762,0,1,0.5416666666666666
0,1,0,0,0,3,0,1,25,25,38,0.3,0.1,0.3,0.15,0.15,1,0,0.5,0.40817095459471137,1,0,0.52
1,0,1,0,0,6,1,1,26,26,38,0.3,0.1,0.3,0.15,0.15,1,0,0.5,0.5905514424264366,0,0,0.5
0,1,0,0,1,19,0,1,27,27,38,0.3,0.1,0.3,0.15,0.15,1,0,0.5,0.39708834859767717,0,1,0.5185185185185185
1,1,1,0,1,24,1,1,28,28,38,0.3,0.1,0.3,0.15,0.15,1,0,0.5,0.5817288441634827,1,1,0.5357142857142857
1,1,1,1,1,32,1,1,29,29,38,0.3,0.1,0.3,0.15,0.15,1,0,0.5,0.5871181454718888,0,0,0.5172413793103449
0,1,0,1,1,27,0,1,30,30,38,0.3,0.1,0.3,0.15,0.15,1,0,0.5,0.40383713411454275,1,0,0.5
0,0,0,0,0,1,0,1,31,31,38,0.3,0.1,0.3,0.15,0.15,1,0,0.5,0.4018166180926547,0,1,0.5161290322580645
1,0,0,1,1,26,0,1,32,32,38,0.3,0.1,0.3,0.15,0.15,1,0,0.5,0.49904550424954336,0,1,0.53125
0,1,0,0,1,19,0,2,1,33,38,0.3,0.1,0.3,0.15,0.15,1,0,0.5,0.39883877211169366,0,1,0.5454545454545454
1,1,1,1,1,32,1,2,2,34,38,0.3,0.1,0.3,0.15,0.15,1,0,0.5,0.5978489182718204,1,1,0.5588235294117647
0,1,0,0,0,3,0,2,3,35,38,0.3,0.1,0.3,0.15,0.15,1,0,0.5,0.393633697621163,0,1,0.5714285714285714
0,1,0,1,0,11,0,2,4,36,38,0.3,0.1,0.3,0.15,0.15,1,0,0.5,0.3968192620111141,1,0,0.5555555555555556
1,0,1,0,1,22,1,2,5,37,38,0.3,0.1,0.3,0.15,0.15,1,0,0.5,0.6010583132052288,1,1,0.5675675675675675
0,1,0,1,1,27,0,2,6,38,38,0.3,0.1,0.3,0.15,0.15,1,0,0.5,0.3972303773913233,1,0,0.5526315789473685
0,0,0,0,1,17,0,2,7,39,38,0.3,0.1,0.3,0.15,0.15,1,0,0.5,0.39755966767847156,1,0,0.5384615384615384
0,0,1,1,0,13,0,2,8,40,38,0.3,0.1,0.3,0.15,0.15,1,0,0.5,0.49242297752656417,0,1,0.55
0,1,1,1,0,15,0,2,9,41,38,0.3,0.1,0.3,0.15,0.15,1,0,0.5,0.4864423136972147,1,0,0.5365853658536586
1,0,1,0,0,6,1,2,10,42,38,0.3,0.1,0.3,0.15,0.15,1,0,0.5,0.5999535121791066,1,1,0.5476190476190477
0,0,1,0,1,21,0,2,11,43,38,0.3,0.1,0.3,0.15,0.15,1,0,0.5,0.4962238136433122,0,1,0.5581395348837209
1,1,1,0,0,8,1,2,12,44,38,0.3,0.1,0.3,0.15,0.15,1,0,0.5,0.599758859780252,1,1,0.5681818181818182
1,1,0,0,1,20,0,2,13,45,38,0.3,0.1,0.3,0.15,0.15,1,0,0.5,0.5018915926628535,0,1,0.5777777777777777
0,0,1,1,1,29,0,2,14,46,38,0.3,0.1,0.3,0.15,0.15,1,0,0.5,0.48680953954141387,0,1,0.5869565217391305
0,0,0,0,0,1,0,2,15,47,38,0.3,0.1,0.3,0.15,0.15,1,0,0.5,0.40060264585961786,1,0,0.574468085106383
1,1,1,1,0,16,1,2,16,48,38,0.3,0.1,0.3,0.15,0.15,1,0,0.5,0.5983468777336698,1,1,0.5833333333333334
0,1,1,1,1,31,0,2,17,49,38,0.3,0.1,0.3,0.15,0.15,1,0,0.5,0.48513503591294355,0,1,0.5918367346938775
0,0,1,0,0,5,0,2,18,50,38,0.3,0.1,0.3,0.15,0.15,1,0,0.5,0.48938371212869286,0,1,0.6
1,0,0,1,1,26,0,2,19,51,38,0.3,0.1,0.3,0.15,0.15,1,0,0.5,0.5003964089466477,0,1,0.6078431372549019
1,1,0,1,1,28,0,2,20,52,38,0.3,0.1,0.3,0.15,0.15,1,0,0.5,0.497929333354099,0,1,0.6153846153846154
0,1,1,0,0,7,0,2,21,53,38,0.3,0.1,0.3,0.15,0.15,1,0,0.5,0.49273858712655,1,0,0.6037735849056604
1,0,0,0,0,2,0,2,22,54,38,0.3,0.1,0.3,0.15,0.15,1,0,0.5,0.5046977449400024,1,0,0.5925925925925926
1,1,0,0,0,4,0,2,23,55,38,0.3,0.1,0.3,0.15,0.15,1,0,0.5,0.5018232072133579,1,0,0.5818181818181818
1,0,0,0,1,18,0,2,24,56,38,0.3,0.1,0.3,0.15,0.15,1,0,0.5,0.49481673142008636,1,0,0.5714285714285714
0,0,0,1,0,9,0,2,25,57,38,0.3,0.1,0.3,0.15,0.15,1,0,0.5,0.40049254764378484,1,0,0.5614035087719298
1,0,1,1,1,30,1,2,26,58,38,0.3,0.1,0.3,0.15,0.15,1,0,0.5,0.5936655228867772,0,0,0.5517241379310345
1,0,1,1,0,14,1,2,27,59,38,0.3,0.1,0.3,0.15,0.15,1,0,0.5,0.597376022937924,0,0,0.5423728813559322
1,0,0,1,0,10,0,2,28,60,38,0.3,0.1,0.3,0.15,0.15,1,0,0.5,0.49923140471558924,1,0,0.5333333333333333
1,1,0,1,0,12,0,2,29,61,38,0.3,0.1,0.3,0.15,0.15,1,0,0.5,0.4950884723739006,0,1,0.5409836065573771
0,0,0,1,1,25,0,2,30,62,38,0.3,0.1,0.3,0.15,0.15,1,0,0.5,0.4013577183488886,0,1,0.5483870967741935
0,1,1,0,1,23,0,2,31,63,38,0.3,0.1,0.3,0.15,0.15,1,0,0.5,0.49213493038305595,1,0,0.5396825396825397
1,1,1,0,1,24,1,2,32,64,38,0.3,0.1,0.3,0.15,0.15,1,0,0.5,0.5929203497876997,0,0,0.53125
1,0,1,1,0,14,1,3,1,65,38,0.3,0.1,0.3,0.15,0.15,1,0,0.5,0.596368346081069,0,0,0.5230769230769231
1,0,0,1,1,26,0,3,2,66,38,0.3,0.1,0.3,0.15,0.15,1,0,0.5,0.49320326309442636,1,0,0.5151515151515151
1,0,1,0,0,6,1,3,3,67,38,0.3,0.1,0.3,0.15,0.15,1,0,0.5,0.5970718857216343,0,0,0.5074626865671642
1,0,0,1,0,10,0,3,4,68,38,0.3,0.1,0.3,0.15,0.15,1,0,0.5,0.4942310177880887,0,1,0.5147058823529411
0,1,0,0,1,19,0,3,5,69,38,0.3,0.1,0.3,0.15,0.15,1,0,0.5,0.39764220603734673,0,1,0.5217391304347826
0,1,1,1,1,31,0,3,6,70,38,0.3,0.1,0.3,0.15,0.15,1,0,0.5,0.49172216038882344,0,1,0.5285714285714286
0,0,1,0,1,21,0,3,7,71,38,0.3,0.1,0.3,0.15,0.15,1,0,0.5,0.49320460705942637,0,1,0.5352112676056338
0,1,1,1,0,15,0,3,8,72,38,0.3,0.1,0.3,0.15,0.15,1,0,0.5,0.49420988092428503,0,1,0.5416666666666666
0,0,1,0,0,5,0,3,9,73,38,0.3,0.1,0.3,0.15,0.15,1,0,0.5,0.49616989802566264,0,1,0.547945205479452
1,0,0,0,0,2,0,3,10,74,38,0.3,0.1,0.3,0.15,0.15,1,0,0.5,0.49907554252481656,1,0,0.5405405405405406
0,0,0,0,1,17,0,3,11,75,38,0.3,0.1,0.3,0.15,0.15,1,0,0.5,0.3998050641991064,1,0,0.5333333333333333
0,1,0,1,0,11,0,3,12,76,38,0.3,0.1,0.3,0.15,0.15,1,0,0.5,0.402198859699242,0,1,0.5394736842105263
1,1,1,0,1,24,1,3,13,77,38,0.3,0.1,0.3,0.15,0.15,1,0,0.5,0.5934271556813675,0,0,0.5324675324675324
1,1,1,1,0,16,1,3,14,78,38,0.3,0.1,0.3,0.15,0.15,1,0,0.5,0.5954704880772708,0,0,0.5256410256410257
0,1,0,1,1,27,0,3,15,79,38,0.3,0.1,0.3,0.15,0.15,1,0,0.5,0.3977342856237017,0,1,0.5316455696202531
0,0,0,1,1,25,0,3,16,80,38,0.3,0.1,0.3,0.15,0.15,1,0,0.5,0.39573494581070734,0,1,0.5375
0,0,0,0,0,1,0,3,17,81,38,0.3,0.1,0.3,0.15,0.15,1,0,0.5,0.40044096410339863,0,1,0.5432098765432098
0,1,1,0,1,23,0,3,18,82,38,0.3,0.1,0.3,0.15,0.15,1,0,0.5,0.4903990274757402,1,0,0.5365853658536586
0,0,0,1,0,9,0,3,19,83,38,0.3,0.1,0.3,0.15,0.15,1,0,0.5,0.3996238015721993,0,1,0.54216867469879515
1,0,0,0,1,18,0,3,20,84,38,0.3,0.1,0.3,0.15,0.15,1,0,0.5,0.49295708936872523,0,1,0.5476190476190477
1,1,1,1,1,32,1,3,21,85,38,0.3,0.1,0.3,0.15,0.15,1,0,0.5,0.5965652081352001,0,0,0.5411764705882353
1,1,0,0,0,4,0,3,22,86,38,0.3,0.1,0.3,0.15,0.15,1,0,0.5,0.49611242691926744,1,0,0.5348837209302325
0,1,1,0,0,7,0,3,23,87,38,0.3,0.1,0.3,0.15,0.15,1,0,0.5,0.49374141153861323,0,1,0.5402298850574713
0,1,0,0,0,3,0,3,24,88,38,0.3,0.1,0.3,0.15,0.15,1,0,0.5,0.3981399501477945,0,1,0.5454545454545454
1,0,1,1,1,30,1,3,25,89,38,0.3,0.1,0.3,0.15,0.15,1,0,0.5,0.5982340855193401,0,0,0.5393258426966292
1,1,0,1,0,12,0,3,26,90,38,0.3,0.1,0.3,0.15,0.15,1,0,0.5,0.49643495336990284,0,1,0.5444444444444444
1,1,0,1,1,28,0,3,27,91,38,0.3,0.1,0.3,0.15,0.15,1,0,0.5,0.49590040445496464,0,1,0.5494505494505495
1,1,0,0,1,20,0,3,28,92,38,0.3,0.1,0.3,0.15,0.15,1,0,0.5,0.49041101610108395,0,1,0.5543478260869565
0,0,1,1,0,13,0,3,29,93,38,0.3,0.1,0.3,0.15,0.15,1,0,0.5,0.49777210664632227,1,0,0.5483870967741935
1,1,1,0,0,8,1,3,30,94,38,0.3,0.1,0.3,0.15,0.15,1,0,0.5,0.594261658097705,1,1,0.5531914893617021
0,0,1,1,1,29,0,3,31,95,38,0.3,0.1,0.3,0.15,0.15,1,0,0.5,0.49416025916331585,0,1,0.5578947368421052
1,0,1,0,1,22,1,3,32,96,38,0.3,0.1,0.3,0.15,0.15,1,0,0.5,0.5941263145519151,1,1,0.5625
0,1,1,0,0,7,0,1,1,1,39,0.3,0.1,0.3,0.15,0.15,1,0,0.5,0.5,0,1,1
1,1,1,0,1,24,1,1,2,2,39,0.3,0.1,0.3,0.15,0.15,1,0,0.5,0.5,1,1,1
1,1,1,1,1,32,1,1,3,3,39,0.3,0.1,0.3,0.15,0.15,1,0,0.5,0.6106392339492219,0,0,0.6666666666666666
1,1,1,0,0,8,1,1,4,4,39,0.3,0.1,0.3,0.15,0.15,1,0,0.5,0.5194426583676471,1,1,0.75
0,0,0,0,1,17,0,1,5,5,39,0.3,0.1,0.3,0.15,0.15,1,0,0.5,0.4384487847674423,0,1,0.8
1,0,1,0,0,6,1,1,6,6,39,0.3,0.1,0.3,0.15,0.15,1,0,0.5,0.5786541560741906,1,1,0.8333333333333334
1,0,0,1,0,10,0,1,7,7,39,0.3,0.1,0.3,0.15,0.15,1,0,0.5,0.5395772549333439,1,0,0.7142857142857143
1,1,0,0,0,4,0,1,8,8,39,0.3,0.1,0.3,0.15,0.15,1,0,0.5,0.5056610679602086,1,0,0.625
1,1,0,0,1,20,0,1,9,9,39,0.3,0.1,0.3,0.15,0.15,1,0,0.5,0.49233963486583326,1,0,0.5555555555555556
0,1,0,1,0,11,0,1,10,10,39,0.3,0.1,0.3,0.15,0.15,1,0,0.5,0.41264917041914706,0,1,0.6
0,0,1,0,0,5,0,1,11,11,39,0.3,0.1,0.3,0.15,0.15,1,0,0.5,0.5145819385548736,1,0,0.5454545454545454
1,1,0,1,0,12,0,1,12,12,39,0.3,0.1,0.3,0.15,0.15,1,0,0.5,0.4750282025675867,0,1,0.5833333333333334
1,0,0,1,1,26,0,1,13,13,39,0.3,0.1,0.3,0.15,0.15,1,0,0.5,0.4745253256767894,0,1,0.6153846153846154
0,1,0,0,0,3,0,1,14,14,39,0.3,0.1,0.3,0.15,0.15,1,0,0.5,0.4135383959178156,0,1,0.6428571428571429
1,0,1,0,1,22,1,1,15,15,39,0.3,0.1,0.3,0.15,0.15,1,0,0.5,0.602156986345163,1,1,0.6666666666666666
1,0,0,0,1,18,0,1,16,16,39,0.3,0.1,0.3,0.15,0.15,1,0,0.5,0.4898933778535716,1,0,0.625
0,0,0,1,0,9,0,1,17,17,39,0.3,0.1,0.3,0.15,0.15,1,0,0.5,0.3874400992483849,1,0,0.5882352941176471
0,0,1,1,0,13,0,1,18,18,39,0.3,0.1,0.3,0.15,0.15,1,0,0.5,0.4968106936376826,1,0,0.5555555555555556
1,0,1,1,0,14,1,1,19,19,39,0.3,0.1,0.3,0.15,0.15,1,0,0.5,0.5701697841177984,1,1,0.5789473684210527
0,1,1,1,1,31,0,1,20,20,39,0.3,0.1,0.3,0.15,0.15,1,0,0.5,0.5173102379443705,0,1,0.6
0,0,1,1,1,29,0,1,21,21,39,0.3,0.1,0.3,0.15,0.15,1,0,0.5,0.5025178174306557,0,1,0.6190476190476191
0,1,1,0,1,23,0,1,22,22,39,0.3,0.1,0.3,0.15,0.15,1,0,0.5,0.5102462063648459,0,1,0.6363636363636364
0,1,1,1,0,15,0,1,23,23,39,0.3,0.1,0.3,0.15,0.15,1,0,0.5,0.4828667554805968,0,1,0.6521739130434783
1,1,1,1,0,16,1,1,24,24,39,0.3,0.1,0.3,0.15,0.15,1,0,0.5,0.5784176267784935,0,0,0.625
0,1,0,0,1,19,0,1,25,25,39,0.3,0.1,0.3,0.15,0.15,1,0,0.5,0.4120075664009526,1,0,0.6
0,0,0,0,0,1,0,1,26,26,39,0.3,0.1,0.3,0.15,0.15,1,0,0.5,0.4061385904061704,1,0,0.5769230769230769
0,0,1,0,1,21,0,1,27,27,39,0.3,0.1,0.3,0.15,0.15,1,0,0.5,0.49031991938648406,0,1,0.5925925925925926
1,0,1,1,1,30,1,1,28,28,39,0.3,0.1,0.3,0.15,0.15,1,0,0.5,0.5896178782993253,1,1,0.6071428571428571
1,0,0,0,0,2,0,1,29,29,39,0.3,0.1,0.3,0.15,0.15,1,0,0.5,0.49654150026540883,1,0,0.5862068965517241
0,1,0,1,1,27,0,1,30,30,39,0.3,0.1,0.3,0.15,0.15,1,0,0.5,0.40914151628393697,1,0,0.5666666666666667
1,1,0,1,1,28,0,1,31,31,39,0.3,0.1,0.3,0.15,0.15,1,0,0.5,0.5001093842906674,1,0,0.5483870967741935
0,0,0,1,1,25,0,1,32,32,39,0.3,0.1,0.3,0.15,0.15,1,0,0.5,0.40376104661019924,1,0,0.53125
0,0,1,1,0,13,0,2,1,33,39,0.3,0.1,0.3,0.15,0.15,1,0,0.5,0.49255607973982,0,1,0.5454545454545454
1,0,0,1,1,26,0,2,2,34,39,0.3,0.1,0.3,0.15,0.15,1,0,0.5,0.495060429687234,0,1,0.5588235294117647
1,1,0,1,0,12,0,2,3,35,39,0.3,0.1,0.3,0.15,0.15,1,0,0.5,0.4922957829603313,0,1,0.5714285714285714
1,1,0,0,1,20,0,2,4,36,39,0.3,0.1,0.3,0.15,0.15,1,0,0.5,0.49255627429661714,1,0,0.5555555555555556
0,0,1,1,1,29,0,2,5,37,39,0.3,0.1,0.3,0.15,0.15,1,0,0.5,0.49616235655943935,0,1,0.5675675675675675
1,0,0,0,1,18,0,2,6,38,39,0.3,0.1,0.3,0.15,0.15,1,0,0.5,0.49025253415261366,1,0,0.5526315789473685
0,1,1,1,1,31,0,2,7,39,39,0.3,0.1,0.3,0.15,0.15,1,0,0.5,0.495522192907721,0,1,0.5641025641025641
0,0,0,1,1,25,0,2,8,40,39,0.3,0.1,0.3,0.15,0.15,1,0,0.5,0.40103311441204154,0,1,0.575
1,0,1,0,0,6,1,2,9,41,39,0.3,0.1,0.3,0.15,0.15,1,0,0.5,0.5968225358818149,0,0,0.5609756097560976
0,1,1,1,0,15,0,2,10,42,39,0.3,0.1,0.3,0.15,0.15,1,0,0.5,0.4930277369328244,0,1,0.5714285714285714
1,1,0,0,0,4,0,2,11,43,39,0.3,0.1,0.3,0.15,0.15,1,0,0.5,0.49914972917087463,0,1,0.5813953488372093
0,1,0,0,0,3,0,2,12,44,39,0.3,0.1,0.3,0.15,0.15,1,0,0.5,0.40988715537168163,0,1,0.5909090909090909
1,1,0,1,1,28,0,2,13,45,39,0.3,0.1,0.3,0.15,0.15,1,0,0.5,0.48293545569931384,0,1,0.6
0,0,1,0,0,5,0,2,14,46,39,0.3,0.1,0.3,0.15,0.15,1,0,0.5,0.506047722649174,1,0,0.5869565217391305
0,1,0,1,0,11,0,2,15,47,39,0.3,0.1,0.3,0.15,0.15,1,0,0.5,0.4010456368312039,0,1,0.5957446808510638
0,0,1,0,1,21,0,2,16,48,39,0.3,0.1,0.3,0.15,0.15,1,0,0.5,0.49847807252908605,0,1,0.6041666666666666
1,1,1,1,1,32,1,2,17,49,39,0.3,0.1,0.3,0.15,0.15,1,0,0.5,0.5856136207501199,0,0,0.5918367346938775
0,0,0,0,0,1,0,2,18,50,39,0.3,0.1,0.3,0.15,0.15,1,0,0.5,0.40549827978044983,0,1,0.6
1,1,1,1,0,16,1,2,19,51,39,0.3,0.1,0.3,0.15,0.15,1,0,0.5,0.5930237176126882,0,0,0.5882352941176471
1,0,0,0,0,2,0,2,20,52,39,0.3,0.1,0.3,0.15,0.15,1,0,0.5,0.4928901263904897,0,1,0.5961538461538461
0,0,0,0,1,17,0,2,21,53,39,0.3,0.1,0.3,0.15,0.15,1,0,0.5,0.3983463024269874,0,1,0.6037735849056604
0,1,0,1,1,27,0,2,22,54,39,0.3,0.1,0.3,0.15,0.15,1,0,0.5,0.4029924443711932,1,0,0.5925925925925926
1,0,0,1,0,10,0,2,23,55,39,0.3,0.1,0.3,0.15,0.15,1,0,0.5,0.4934683602294572,1,0,0.5818181818181818
1,0,1,0,1,22,1,2,24,56,39,0.3,0.1,0.3,0.15,0.15,1,0,0.5,0.5911871287895326,1,1,0.5892857142857143
1,1,1,0,1,24,1,2,25,57,39,0.3,0.1,0.3,0.15,0.15,1,0,0.5,0.5966898859065831,1,1,0.5964912280701754
0,1,0,0,1,19,0,2,26,58,39,0.3,0.1,0.3,0.15,0.15,1,0,0.5,0.4050596869022504,0,1,0.603448275862069
1,1,1,0,0,8,1,2,27,59,39,0.3,0.1,0.3,0.15,0.15,1,0,0.5,0.5981745016510279,0,0,0.5932203389830508
0,0,0,1,0,9,0,2,28,60,39,0.3,0.1,0.3,0.15,0.15,1,0,0.5,0.3946188852562697,1,0,0.5833333333333334
0,1,1,0,1,23,0,2,29,61,39,0.3,0.1,0.3,0.15,0.15,1,0,0.5,0.5021009295119071,1,0,0.5737704918032787
0,1,1,0,0,7,0,2,30,62,39,0.3,0.1,0.3,0.15,0.15,1,0,0.5,0.4999976775139397,1,0,0.5645161290322581
1,0,1,1,0,14,1,2,31,63,39,0.3,0.1,0.3,0.15,0.15,1,0,0.5,0.5918985931188875,1,1,0.5714285714285714
1,0,1,1,1,30,1,2,32,64,39,0.3,0.1,0.3,0.15,0.15,1,0,0.5,0.5929203497876997,1,1,0.578125
1,0,1,1,0,14,1,3,1,65,39,0.3,0.1,0.3,0.15,0.15,1,0,0.5,0.596368346081069,1,1,0.5846153846153846
1,1,0,0,0,4,0,3,2,66,39,0.3,0.1,0.3,0.15,0.15,1,0,0.5,0.49174197973480843,0,1,0.5909090909090909
0,1,0,0,0,3,0,3,3,67,39,0.3,0.1,0.3,0.15,0.15,1,0,0.5,0.39763625418849957,1,0,0.582089552238806
1,0,1,0,0,6,1,3,4,68,39,0.3,0.1,0.3,0.15,0.15,1,0,0.5,0.5965518976374558,1,1,0.5882352941176471
0,0,1,1,0,13,0,3,5,69,39,0.3,0.1,0.3,0.15,0.15,1,0,0.5,0.49812786193432074,1,0,0.5797101449275363
0,0,0,1,1,25,0,3,6,70,39,0.3,0.1,0.3,0.15,0.15,1,0,0.5,0.39974396603652385,1,0,0.5714285714285714
0,0,1,1,1,29,0,3,7,71,39,0.3,0.1,0.3,0.15,0.15,1,0,0.5,0.49214696704563066,1,0,0.5633802816901409
0,0,0,0,0,1,0,3,8,72,39,0.3,0.1,0.3,0.15,0.15,1,0,0.5,0.40162812892126243,1,0,0.5555555555555556
1,1,1,0,1,24,1,3,9,73,39,0.3,0.1,0.3,0.15,0.15,1,0,0.5,0.5955919621387604,0,0,0.547945205479452
1,1,0,1,1,28,0,3,10,74,39,0.3,0.1,0.3,0.15,0.15,1,0,0.5,0.4928557395763807,0,1,0.5540540540540541
1,1,0,1,0,12,0,3,11,75,39,0.3,0.1,0.3,0.15,0.15,1,0,0.5,0.49154187382171255,1,0,0.5466666666666666
1,0,0,0,1,18,0,3,12,76,39,0.3,0.1,0.3,0.15,0.15,1,0,0.5,0.4936136360513557,0,1,0.5526315789473685
0,0,0,0,1,17,0,3,13,77,39,0.3,0.1,0.3,0.15,0.15,1,0,0.5,0.39971427675070154,0,1,0.5584415584415584
1,0,1,0,1,22,1,3,14,78,39,0.3,0.1,0.3,0.15,0.15,1,0,0.5,0.5974798873776974,1,1,0.5641025641025641
1,0,0,1,0,10,0,3,15,79,39,0.3,0.1,0.3,0.15,0.15,1,0,0.5,0.48989160963572653,1,0,0.5569620253164557
1,0,1,1,1,30,1,3,16,80,39,0.3,0.1,0.3,0.15,0.15,1,0,0.5,0.5951347638226152,1,1,0.5625
0,1,0,1,0,11,0,3,17,81,39,0.3,0.1,0.3,0.15,0.15,1,0,0.5,0.3952754766463516,0,1,0.5679012345679012
1,0,0,1,1,26,0,3,18,82,39,0.3,0.1,0.3,0.15,0.15,1,0,0.5,0.49067311194761243,1,0,0.5609756097560976
0,1,0,1,1,27,0,3,19,83,39,0.3,0.1,0.3,0.15,0.15,1,0,0.5,0.3965429329334194,0,1,0.5662650602409639
1,1,1,0,0,8,1,3,20,84,39,0.3,0.1,0.3,0.15,0.15,1,0,0.5,0.5976597324680353,1,1,0.5714285714285714
0,0,0,1,0,9,0,3,21,85,39,0.3,0.1,0.3,0.15,0.15,1,0,0.5,0.39552065824236643,0,1,0.5764705882352941
0,0,1,0,0,5,0,3,22,86,39,0.3,0.1,0.3,0.15,0.15,1,0,0.5,0.500931576790359,0,1,0.5813953488372093
0,1,1,1,1,31,0,3,23,87,39,0.3,0.1,0.3,0.15,0.15,1,0,0.5,0.49390975248671176,0,1,0.5862068965517241
1,1,1,1,0,16,1,3,24,88,39,0.3,0.1,0.3,0.15,0.15,1,0,0.5,0.5938716684206284,0,0,0.5795454545454546
1,1,0,0,1,20,0,3,25,89,39,0.3,0.1,0.3,0.15,0.15,1,0,0.5,0.4923197668969876,0,1,0.5842696629213483
0,1,0,0,1,19,0,3,26,90,39,0.3,0.1,0.3,0.15,0.15,1,0,0.5,0.398821089676199,0,1,0.5888888888888889
0,1,1,0,0,7,0,3,27,91,39,0.3,0.1,0.3,0.15,0.15,1,0,0.5,0.4987530675911705,1,0,0.5824175824175825
0,0,1,0,1,21,0,3,28,92,39,0.3,0.1,0.3,0.15,0.15,1,0,0.5,0.49627707734947385,1,0,0.5760869565217391
1,0,0,0,0,2,0,3,29,93,39,0.3,0.1,0.3,0.15,0.15,1,0,0.5,0.49439066378704116,1,0,0.5698924731182796
0,1,1,0,1,23,0,3,30,94,39,0.3,0.1,0.3,0.15,0.15,1,0,0.5,0.4948300329740798,0,1,0.574468085106383
1,1,1,1,1,32,1,3,31,95,39,0.3,0.1,0.3,0.15,0.15,1,0,0.5,0.5946117285005055,1,1,0.5789473684210527
0,1,1,1,0,15,0,3,32,96,39,0.3,0.1,0.3,0.15,0.15,1,0,0.5,0.49463972853697646,0,1,0.5833333333333334
0,0,0,0,1,17,0,1,1,1,40,0.3,0.1,0.3,0.15,0.15,1,0,0.5,0.5,0,1,1
0,0,0,0,0,1,0,1,2,2,40,0.3,0.1,0.3,0.15,0.15,1,0,0.5,0.5,1,0,0.5
0,1,1,0,1,23,0,1,3,3,40,0.3,0.1,0.3,0.15,0.15,1,0,0.5,0.5,1,0,0.3333333333333333
1,1,1,1,1,32,1,1,4,4,40,0.3,0.1,0.3,0.15,0.15,1,0,0.5,0.5,1,1,0.5
0,0,1,0,1,21,0,1,5,5,40,0.3,0.1,0.3,0.15,0.15,1,0,0.5,0.43118883595570046,0,1,0.6
0,1,1,1,1,31,0,1,6,6,40,0.3,0.1,0.3,0.15,0.15,1,0,0.5,0.5220414944934664,0,1,0.6666666666666666
1,1,1,0,0,8,1,1,7,7,40,0.3,0.1,0.3,0.15,0.15,1,0,0.5,0.5795356568809862,0,0,0.5714285714285714
1,0,1,0,1,22,1,1,8,8,40,0.3,0.1,0.3,0.15,0.15,1,0,0.5,0.5640810533406374,1,1,0.625
1,0,1,1,0,14,1,1,9,9,40,0.3,0.1,0.3,0.15,0.15,1,0,0.5,0.604976337142398,1,1,0.6666666666666666
1,0,0,0,0,2,0,1,10,10,40,0.3,0.1,0.3,0.15,0.15,1,0,0.5,0.5356736593705161,0,1,0.7
1,1,0,0,0,4,0,1,11,11,40,0.3,0.1,0.3,0.15,0.15,1,0,0.5,0.5145173343331009,1,0,0.6363636363636364
1,0,0,0,1,18,0,1,12,12,40,0.3,0.1,0.3,0.15,0.15,1,0,0.5,0.48776138937370406,0,1,0.6666666666666666
1,1,0,1,1,28,0,1,13,13,40,0.3,0.1,0.3,0.15,0.15,1,0,0.5,0.5091149791114911,0,1,0.6923076923076923
0,0,0,1,0,9,0,1,14,14,40,0.3,0.1,0.3,0.15,0.15,1,0,0.5,0.4226310968926385,0,1,0.7142857142857143
1,0,0,1,0,10,0,1,15,15,40,0.3,0.1,0.3,0.15,0.15,1,0,0.5,0.4927633682784101,1,0,0.6666666666666666
0,1,0,1,1,27,0,1,16,16,40,0.3,0.1,0.3,0.15,0.15,1,0,0.5,0.4113601811662811,0,1,0.6875
0,1,0,0,0,3,0,1,17,17,40,0.3,0.1,0.3,0.15,0.15,1,0,0.5,0.4019377770240203,1,0,0.6470588235294118
0,0,0,1,1,25,0,1,18,18,40,0.3,0.1,0.3,0.15,0.15,1,0,0.5,0.3974738746968989,0,1,0.6666666666666666
0,1,0,0,1,19,0,1,19,19,40,0.3,0.1,0.3,0.15,0.15,1,0,0.5,0.3895716068973202,0,1,0.6842105263157895
1,0,0,1,1,26,0,1,20,20,40,0.3,0.1,0.3,0.15,0.15,1,0,0.5,0.48454034889179864,1,0,0.65
0,1,1,1,0,15,0,1,21,21,40,0.3,0.1,0.3,0.15,0.15,1,0,0.5,0.5182472647094226,0,1,0.6666666666666666
1,0,1,1,1,30,1,1,22,22,40,0.3,0.1,0.3,0.15,0.15,1,0,0.5,0.5988371878426291,1,1,0.6818181818181818
0,1,0,1,0,11,0,1,23,23,40,0.3,0.1,0.3,0.15,0.15,1,0,0.5,0.3956674442979715,0,1,0.6956521739130435
1,1,0,0,1,20,0,1,24,24,40,0.3,0.1,0.3,0.15,0.15,1,0,0.5,0.4823503754771034,1,0,0.6666666666666666
1,0,1,0,0,6,1,1,25,25,40,0.3,0.1,0.3,0.15,0.15,1,0,0.5,0.6002769053854902,1,1,0.68
1,1,0,1,0,12,0,1,26,26,40,0.3,0.1,0.3,0.15,0.15,1,0,0.5,0.48122062406491656,1,0,0.6538461538461539
0,0,1,1,0,13,0,1,27,27,40,0.3,0.1,0.3,0.15,0.15,1,0,0.5,0.5165877992167904,0,1,0.6666666666666666
0,1,1,0,0,7,0,1,28,28,40,0.3,0.1,0.3,0.15,0.15,1,0,0.5,0.5022173996496274,0,1,0.6785714285714286
0,0,1,1,1,29,0,1,29,29,40,0.3,0.1,0.3,0.15,0.15,1,0,0.5,0.5059898360830493,1,0,0.6551724137931034
0,0,1,0,0,5,0,1,30,30,40,0.3,0.1,0.3,0.15,0.15,1,0,0.5,0.5036103735145052,0,1,0.6666666666666666
1,1,1,1,0,16,1,1,31,31,40,0.3,0.1,0.3,0.15,0.15,1,0,0.5,0.5918373889588388,0,0,0.6451612903225806
1,1,1,0,1,24,1,1,32,32,40,0.3,0.1,0.3,0.15,0.15,1,0,0.5,0.588906938511839,1,1,0.65625
0,1,1,1,0,15,0,2,1,33,40,0.3,0.1,0.3,0.15,0.15,1,0,0.5,0.49255607973982,0,1,0.6666666666666666
1,1,1,1,0,16,1,2,2,34,40,0.3,0.1,0.3,0.15,0.15,1,0,0.5,0.5932291977961899,0,0,0.6470588235294118
1,1,1,0,1,24,1,2,3,35,40,0.3,0.1,0.3,0.15,0.15,1,0,0.5,0.5937972127623521,1,1,0.6571428571428571
0,0,1,0,1,21,0,2,4,36,40,0.3,0.1,0.3,0.15,0.15,1,0,0.5,0.4896620904451816,1,0,0.6388888888888888
0,0,0,0,1,17,0,2,5,37,40,0.3,0.1,0.3,0.15,0.15,1,0,0.5,0.39840514059928256,0,1,0.6486486486486487
0,1,0,1,1,27,0,2,6,38,40,0.3,0.1,0.3,0.15,0.15,1,0,0.5,0.4016298485979526,0,1,0.6578947368421053
1,1,0,0,1,20,0,2,7,39,40,0.3,0.1,0.3,0.15,0.15,1,0,0.5,0.49970669780415367,0,1,0.6666666666666666
1,0,0,0,1,18,0,2,8,40,40,0.3,0.1,0.3,0.15,0.15,1,0,0.5,0.49040481644908246,1,0,0.65
1,0,0,0,0,2,0,2,9,41,40,0.3,0.1,0.3,0.15,0.15,1,0,0.5,0.49112520010938443,0,1,0.6585365853658537
1,1,0,1,0,12,0,2,10,42,40,0.3,0.1,0.3,0.15,0.15,1,0,0.5,0.49743478263921626,0,1,0.6666666666666666
0,1,0,1,0,11,0,2,11,43,40,0.3,0.1,0.3,0.15,0.15,1,0,0.5,0.40510299854985904,1,0,0.6511627906976745
1,0,1,1,1,30,1,2,12,44,40,0.3,0.1,0.3,0.15,0.15,1,0,0.5,0.5946111896789675,1,1,0.6590909090909091
1,0,1,0,0,6,1,2,13,45,40,0.3,0.1,0.3,0.15,0.15,1,0,0.5,0.5917683256247966,1,1,0.6666666666666666
0,1,0,0,1,19,0,2,14,46,40,0.3,0.1,0.3,0.15,0.15,1,0,0.5,0.39753369668325417,0,1,0.6739130434782609
0,0,1,1,0,13,0,2,15,47,40,0.3,0.1,0.3,0.15,0.15,1,0,0.5,0.4997645008663428,0,1,0.6808510638297872
1,0,1,0,1,22,1,2,16,48,40,0.3,0.1,0.3,0.15,0.15,1,0,0.5,0.5959170723385112,1,1,0.6875
0,0,0,1,0,9,0,2,17,49,40,0.3,0.1,0.3,0.15,0.15,1,0,0.5,0.39787956462738083,1,0,0.673469387755102
1,1,1,0,0,8,1,2,18,50,40,0.3,0.1,0.3,0.15,0.15,1,0,0.5,0.5974301736946873,0,0,0.66
0,1,1,1,1,31,0,2,19,51,40,0.3,0.1,0.3,0.15,0.15,1,0,0.5,0.49218250316089135,0,1,0.6666666666666666
0,0,0,0,0,1,0,2,20,52,40,0.3,0.1,0.3,0.15,0.15,1,0,0.5,0.4016046337443756,1,0,0.6538461538461539
0,1,0,0,0,3,0,2,21,53,40,0.3,0.1,0.3,0.15,0.15,1,0,0.5,0.3992917308472626,0,1,0.660377358490566
1,1,0,0,0,4,0,2,22,54,40,0.3,0.1,0.3,0.15,0.15,1,0,0.5,0.4944183444366622,0,1,0.6666666666666666
0,0,1,0,0,5,0,2,23,55,40,0.3,0.1,0.3,0.15,0.15,1,0,0.5,0.49695437317170527,1,0,0.6545454545454545
1,1,1,1,1,32,1,2,24,56,40,0.3,0.1,0.3,0.15,0.15,1,0,0.5,0.5982688308457539,0,0,0.6428571428571429
1,0,0,1,1,26,0,2,25,57,40,0.3,0.1,0.3,0.15,0.15,1,0,0.5,0.49618284687073716,0,1,0.6491228070175439
0,0,0,1,1,25,0,2,26,58,40,0.3,0.1,0.3,0.15,0.15,1,0,0.5,0.3983905192426738,0,1,0.6551724137931034
0,0,1,1,1,29,0,2,27,59,40,0.3,0.1,0.3,0.15,0.15,1,0,0.5,0.49434834867898503,1,0,0.6440677966101694
1,0,1,1,0,14,1,2,28,60,40,0.3,0.1,0.3,0.15,0.15,1,0,0.5,0.5944927078851231,0,0,0.6333333333333333
0,1,1,0,1,23,0,2,29,61,40,0.3,0.1,0.3,0.15,0.15,1,0,0.5,0.4942254429475517,1,0,0.6229508196721312
0,1,1,0,0,7,0,2,30,62,40,0.3,0.1,0.3,0.15,0.15,1,0,0.5,0.49208399505388184,0,1,0.6290322580645161
1,0,0,1,0,10,0,2,31,63,40,0.3,0.1,0.3,0.15,0.15,1,0,0.5,0.4970922137361932,0,1,0.6349206349206349
1,1,0,1,1,28,0,2,32,64,40,0.3,0.1,0.3,0.15,0.15,1,0,0.5,0.4957105334788477,0,1,0.640625
1,0,1,0,0,6,1,3,1,65,40,0.3,0.1,0.3,0.15,0.15,1,0,0.5,0.596368346081069,1,1,0.6461538461538462
0,0,1,1,0,13,0,3,2,66,40,0.3,0.1,0.3,0.15,0.15,1,0,0.5,0.49320326309442636,0,1,0.6515151515151515
0,0,0,1,1,25,0,3,3,67,40,0.3,0.1,0.3,0.15,0.15,1,0,0.5,0.39772360820824865,0,1,0.6567164179104478
0,1,0,0,1,19,0,3,4,68,40,0.3,0.1,0.3,0.15,0.15,1,0,0.5,0.39868080173120973,0,1,0.6617647058823529
0,0,1,1,1,29,0,3,5,69,40,0.3,0.1,0.3,0.15,0.15,1,0,0.5,0.48880566844210427,0,1,0.6666666666666666
0,1,1,0,0,7,0,3,6,70,40,0.3,0.1,0.3,0.15,0.15,1,0,0.5,0.493478374906061,1,0,0.6571428571428571
1,0,0,0,0,2,0,3,7,71,40,0.3,0.1,0.3,0.15,0.15,1,0,0.5,0.5005487703797316,0,1,0.6619718309859155
1,1,0,0,0,4,0,3,8,72,40,0.3,0.1,0.3,0.15,0.15,1,0,0.5,0.49688706794557186,1,0,0.6527777777777778
1,0,0,1,1,26,0,3,9,73,40,0.3,0.1,0.3,0.15,0.15,1,0,0.5,0.4931374316807598,0,1,0.6575342465753424
1,0,1,1,0,14,1,3,10,74,40,0.3,0.1,0.3,0.15,0.15,1,0,0.5,0.5955760602257908,1,1,0.6621621621621622
1,0,1,0,1,22,1,3,11,75,40,0.3,0.1,0.3,0.15,0.15,1,0,0.5,0.5946699385094655,1,1,0.6666666666666666
1,1,0,1,0,12,0,3,12,76,40,0.3,0.1,0.3,0.15,0.15,1,0,0.5,0.49130737834488986,1,0,0.6578947368421053
1,1,0,1,1,28,0,3,13,77,40,0.3,0.1,0.3,0.15,0.15,1,0,0.5,0.48755149233057454,0,1,0.6623376623376623
0,1,0,1,1,27,0,3,14,78,40,0.3,0.1,0.3,0.15,0.15,1,0,0.5,0.39605232733506834,0,1,0.6666666666666666
0,0,0,0,1,17,0,3,15,79,40,0.3,0.1,0.3,0.15,0.15,1,0,0.5,0.4024027180173877,0,1,0.6708860759493671
0,1,1,1,1,31,0,3,16,80,40,0.3,0.1,0.3,0.15,0.15,1,0,0.5,0.48999127082057364,1,0,0.6625
0,0,0,0,0,1,0,3,17,81,40,0.3,0.1,0.3,0.15,0.15,1,0,0.5,0.40510358221624004,1,0,0.654320987654321
1,1,0,0,1,20,0,3,18,82,40,0.3,0.1,0.3,0.15,0.15,1,0,0.5,0.48966182036198047,1,0,0.6463414634146342
1,1,1,0,0,8,1,3,19,83,40,0.3,0.1,0.3,0.15,0.15,1,0,0.5,0.5969136087839065,0,0,0.6385542168674698
0,1,1,0,1,23,0,3,20,84,40,0.3,0.1,0.3,0.15,0.15,1,0,0.5,0.49325596505529534,1,0,0.6309523809523809
0,0,0,1,0,9,0,3,21,85,40,0.3,0.1,0.3,0.15,0.15,1,0,0.5,0.40211142849814085,1,0,0.6235294117647059
0,1,0,0,0,3,0,3,22,86,40,0.3,0.1,0.3,0.15,0.15,1,0,0.5,0.4019118564537751,0,1,0.627906976744186
1,0,1,1,1,30,1,3,23,87,40,0.3,0.1,0.3,0.15,0.15,1,0,0.5,0.5947219776773088,1,1,0.632183908045977
1,0,0,0,1,18,0,3,24,88,40,0.3,0.1,0.3,0.15,0.15,1,0,0.5,0.4933780554977864,1,0,0.625
1,1,1,1,0,16,1,3,25,89,40,0.3,0.1,0.3,0.15,0.15,1,0,0.5,0.5961508821533018,0,0,0.6179775280898876
1,1,1,0,1,24,1,3,26,90,40,0.3,0.1,0.3,0.15,0.15,1,0,0.5,0.5929518169814892,0,0,0.6111111111111112
0,1,1,1,0,15,0,3,27,91,40,0.3,0.1,0.3,0.15,0.15,1,0,0.5,0.4953033724198128,1,0,0.6043956043956044
0,0,1,0,1,21,0,3,28,92,40,0.3,0.1,0.3,0.15,0.15,1,0,0.5,0.4946044682492602,0,1,0.6086956521739131
1,0,0,1,0,10,0,3,29,93,40,0.3,0.1,0.3,0.15,0.15,1,0,0.5,0.4946297157121539,1,0,0.6021505376344086
1,1,1,1,1,32,1,3,30,94,40,0.3,0.1,0.3,0.15,0.15,1,0,0.5,0.5932204236358536,0,0,0.5957446808510638
0,1,0,1,0,11,0,3,31,95,40,0.3,0.1,0.3,0.15,0.15,1,0,0.5,0.3999119440108315,0,1,0.6
0,0,1,0,0,5,0,3,32,96,40,0.3,0.1,0.3,0.15,0.15,1,0,0.5,0.49463972853697646,1,0,0.59375
0,0,1,1,1,29,0,1,1,1,41,0.3,0.1,0.3,0.15,0.15,2,0.6931471805599453,0.5,0.5,0,1,1
1,0,1,1,0,14,1,1,2,2,41,0.3,0.1,0.3,0.15,0.15,2,0.6931471805599453,0.5,0.5,1,1,1
1,1,1,1,1,32,1,1,3,3,41,0.3,0.1,0.3,0.15,0.15,2,0.6931471805599453,0.5,0.574442516811659,1,1,1
1,1,1,0,1,24,1,1,4,4,41,0.3,0.1,0.3,0.15,0.15,2,0.6931471805599453,0.5,0.6412813260614183,1,1,1
0,0,0,0,1,17,0,1,5,5,41,0.3,0.1,0.3,0.15,0.15,2,0.6931471805599453,0.5,0.32772043894448977,1,0,0.8
1,0,0,1,0,10,0,1,6,6,41,0.3,0.1,0.3,0.15,0.15,2,0.6931471805599453,0.5,0.5892519196800377,0,1,0.8333333333333334
0,0,1,0,0,5,0,1,7,7,41,0.3,0.1,0.3,0.15,0.15,2,0.6931471805599453,0.5,0.455539529464025,1,0,0.7142857142857143
1,1,0,0,0,4,0,1,8,8,41,0.3,0.1,0.3,0.15,0.15,2,0.6931471805599453,0.5,0.5122153958405518,1,0,0.625
1,0,0,0,1,18,0,1,9,9,41,0.3,0.1,0.3,0.15,0.15,2,0.6931471805599453,0.5,0.45642682828511455,1,0,0.5555555555555556
0,0,0,1,0,9,0,1,10,10,41,0.3,0.1,0.3,0.15,0.15,2,0.6931471805599453,0.5,0.3273441494360291,1,0,0.5
0,0,1,0,1,21,0,1,11,11,41,0.3,0.1,0.3,0.15,0.15,2,0.6931471805599453,0.5,0.45889268067663824,1,0,0.45454545454545453
1,0,1,0,1,22,1,1,12,12,41,0.3,0.1,0.3,0.15,0.15,2,0.6931471805599453,0.5,0.6361168214945954,1,1,0.5
0,1,1,1,0,15,0,1,13,13,41,0.3,0.1,0.3,0.15,0.15,2,0.6931471805599453,0.5,0.48648366353240863,0,1,0.5384615384615384
0,0,0,0,0,1,0,1,14,14,41,0.3,0.1,0.3,0.15,0.15,2,0.6931471805599453,0.5,0.2840867479139797,0,1,0.5714285714285714
1,0,0,1,1,26,0,1,15,15,41,0.3,0.1,0.3,0.15,0.15,2,0.6931471805599453,0.5,0.5044740138751397,0,1,0.6
0,0,0,1,1,25,0,1,16,16,41,0.3,0.1,0.3,0.15,0.15,2,0.6931471805599453,0.5,0.31530651219907924,0,1,0.625
1,1,1,1,0,16,1,1,17,17,41,0.3,0.1,0.3,0.15,0.15,2,0.6931471805599453,0.5,0.6780194737907691,1,1,0.6470588235294118
1,1,1,0,0,8,1,1,18,18,41,0.3,0.1,0.3,0.15,0.15,2,0.6931471805599453,0.5,0.6811567694033545,1,1,0.6666666666666666
1,0,0,0,0,2,0,1,19,19,41,0.3,0.1,0.3,0.15,0.15,2,0.6931471805599453,0.5,0.4468363551878612,0,1,0.6842105263157895
0,0,1,1,0,13,0,1,20,20,41,0.3,0.1,0.3,0.15,0.15,2,0.6931471805599453,0.5,0.4607777593434944,0,1,0.7
0,1,0,1,0,11,0,1,21,21,41,0.3,0.1,0.3,0.15,0.15,2,0.6931471805599453,0.5,0.3290500305869478,0,1,0.7142857142857143
0,1,0,1,1,27,0,1,22,22,41,0.3,0.1,0.3,0.15,0.15,2,0.6931471805599453,0.5,0.324450720828931,1,0,0.6818181818181818
0,1,1,1,1,31,0,1,23,23,41,0.3,0.1,0.3,0.15,0.15,2,0.6931471805599453,0.5,0.4904745893217554,0,1,0.6956521739130435
1,1,0,1,0,12,0,1,24,24,41,0.3,0.1,0.3,0.15,0.15,2,0.6931471805599453,0.5,0.4953100831607909,1,0,0.6666666666666666
1,1,0,0,1,20,0,1,25,25,41,0.3,0.1,0.3,0.15,0.15,2,0.6931471805599453,0.5,0.5036042547885845,1,0,0.64
1,0,1,1,1,30,1,1,26,26,41,0.3,0.1,0.3,0.15,0.15,2,0.6931471805599453,0.5,0.6635469786761686,1,1,0.6538461538461539
1,1,0,1,1,28,0,1,27,27,41,0.3,0.1,0.3,0.15,0.15,2,0.6931471805599453,0.5,0.48211862256302573,0,1,0.6666666666666666
0,1,0,0,1,19,0,1,28,28,41,0.3,0.1,0.3,0.15,0.15,2,0.6931471805599453,0.5,0.3225613935987805,0,1,0.6785714285714286
0,1,1,0,0,7,0,1,29,29,41,0.3,0.1,0.3,0.15,0.15,2,0.6931471805599453,0.5,0.4942317737622082,0,1,0.6896551724137931
0,1,0,0,0,3,0,1,30,30,41,0.3,0.1,0.3,0.15,0.15,2,0.6931471805599453,0.5,0.304330699858808,0,1,0.7
0,1,1,0,1,23,0,1,31,31,41,0.3,0.1,0.3,0.15,0.15,2,0.6931471805599453,0.5,0.49025900283531554,0,1,0.7096774193548387
1,0,1,0,0,6,1,1,32,32,41,0.3,0.1,0.3,0.15,0.15,2,0.6931471805599453,0.5,0.6673696127946973,1,1,0.71875
1,1,0,0,1,20,0,2,1,33,41,0.3,0.1,0.3,0.15,0.15,2,0.6931471805599453,0.5,0.47088883325735903,1,0,0.696969696969697
0,1,0,0,1,19,0,2,2,34,41,0.3,0.1,0.3,0.15,0.15,2,0.6931471805599453,0.5,0.2999053706654441,0,1,0.7058823529411765
0,1,0,1,1,27,0,2,3,35,41,0.3,0.1,0.3,0.15,0.15,2,0.6931471805599453,0.5,0.2980139408553445,0,1,0.7142857142857143
0,0,0,0,1,17,0,2,4,36,41,0.3,0.1,0.3,0.15,0.15,2,0.6931471805599453,0.5,0.2942820353274006,0,1,0.7222222222222222
1,0,1,1,0,14,1,2,5,37,41,0.3,0.1,0.3,0.15,0.15,2,0.6931471805599453,0.5,0.6956520812152355,1,1,0.7297297297297297
0,0,1,1,0,13,0,2,6,38,41,0.3,0.1,0.3,0.15,0.15,2,0.6931471805599453,0.5,0.4978843056214784,0,1,0.7368421052631579
0,0,1,0,1,21,0,2,7,39,41,0.3,0.1,0.3,0.15,0.15,2,0.6931471805599453,0.5,0.46515362767167584,0,1,0.7435897435897436
0,1,0,1,0,11,0,2,8,40,41,0.3,0.1,0.3,0.15,0.15,2,0.6931471805599453,0.5,0.3077310135622841,0,1,0.75
1,0,1,0,0,6,1,2,9,41,41,0.3,0.1,0.3,0.15,0.15,2,0.6931471805599453,0.5,0.6921304472428038,1,1,0.7560975609756098
1,1,0,1,0,12,0,2,10,42,41,0.3,0.1,0.3,0.15,0.15,2,0.6931471805599453,0.5,0.4830425867700665,0,1,0.7619047619047619
1,0,0,0,1,18,0,2,11,43,41,0.3,0.1,0.3,0.15,0.15,2,0.6931471805599453,0.5,0.4692696469442509,0,1,0.7674418604651163
1,1,0,1,1,28,0,2,12,44,41,0.3,0.1,0.3,0.15,0.15,2,0.6931471805599453,0.5,0.4533009934658687,1,0,0.75
0,0,0,1,0,9,0,2,13,45,41,0.3,0.1,0.3,0.15,0.15,2,0.6931471805599453,0.5,0.31481208887994033,0,1,0.7555555555555555
1,1,1,0,0,8,1,2,14,46,41,0.3,0.1,0.3,0.15,0.15,2,0.6931471805599453,0.5,0.6921315089039707,0,0,0.7391304347826086
0,1,1,1,1,31,0,2,15,47,41,0.3,0.1,0.3,0.15,0.15,2,0.6931471805599453,0.5,0.4637824492393513,1,0,0.723404255319149
1,0,1,1,1,30,1,2,16,48,41,0.3,0.1,0.3,0.15,0.15,2,0.6931471805599453,0.5,0.672571402772812,1,1,0.7291666666666666
1,0,0,1,1,26,0,2,17,49,41,0.3,0.1,0.3,0.15,0.15,2,0.6931471805599453,0.5,0.4656174833523673,1,0,0.7142857142857143
0,1,1,0,0,7,0,2,18,50,41,0.3,0.1,0.3,0.15,0.15,2,0.6931471805599453,0.5,0.4917328251915767,1,0,0.7
1,0,0,1,0,10,0,2,19,51,41,0.3,0.1,0.3,0.15,0.15,2,0.6931471805599453,0.5,0.4818516827873426,0,1,0.7058823529411765
1,1,1,1,0,16,1,2,20,52,41,0.3,0.1,0.3,0.15,0.15,2,0.6931471805599453,0.5,0.6816225438086441,1,1,0.7115384615384616
0,1,0,0,0,3,0,2,21,53,41,0.3,0.1,0.3,0.15,0.15,2,0.6931471805599453,0.5,0.3101055213767662,1,0,0.6981132075471698
0,1,1,1,0,15,0,2,22,54,41,0.3,0.1,0.3,0.15,0.15,2,0.6931471805599453,0.5,0.48632478493572795,1,0,0.6851851851851852
1,0,1,0,1,22,1,2,23,55,41,0.3,0.1,0.3,0.15,0.15,2,0.6931471805599453,0.5,0.6764286490610222,1,1,0.6909090909090909
1,1,0,0,0,4,0,2,24,56,41,0.3,0.1,0.3,0.15,0.15,2,0.6931471805599453,0.5,0.4752541852143548,0,1,0.6964285714285714
1,1,1,0,1,24,1,2,25,57,41,0.3,0.1,0.3,0.15,0.15,2,0.6931471805599453,0.5,0.673387793785013,1,1,0.7017543859649122
1,1,1,1,1,32,1,2,26,58,41,0.3,0.1,0.3,0.15,0.15,2,0.6931471805599453,0.5,0.6721602254582878,1,1,0.7068965517241379
0,0,0,0,0,1,0,2,27,59,41,0.3,0.1,0.3,0.15,0.15,2,0.6931471805599453,0.5,0.30518701323267433,0,1,0.711864406779661
0,0,1,1,1,29,0,2,28,60,41,0.3,0.1,0.3,0.15,0.15,2,0.6931471805599453,0.5,0.4812762123107051,0,1,0.7166666666666667
1,0,0,0,0,2,0,2,29,61,41,0.3,0.1,0.3,0.15,0.15,2,0.6931471805599453,0.5,0.4720333940070742,0,1,0.7213114754098361
0,1,1,0,1,23,0,2,30,62,41,0.3,0.1,0.3,0.15,0.15,2,0.6931471805599453,0.5,0.4797156296988677,1,0,0.7096774193548387
0,0,1,0,0,5,0,2,31,63,41,0.3,0.1,0.3,0.15,0.15,2,0.6931471805599453,0.5,0.476716049380942,1,0,0.6984126984126984
0,0,0,1,1,25,0,2,32,64,41,0.3,0.1,0.3,0.15,0.15,2,0.6931471805599453,0.5,0.3059685712880239,1,0,0.6875
1,1,1,0,1,24,1,3,1,65,41,0.3,0.1,0.3,0.15,0.15,2,0.6931471805599453,0.5,0.6820014721782955,0,0,0.676923076923077
1,0,0,1,0,10,0,3,2,66,41,0.3,0.1,0.3,0.15,0.15,2,0.6931471805599453,0.5,0.4657418434918882,0,1,0.6818181818181818
0,1,1,0,0,7,0,3,3,67,41,0.3,0.1,0.3,0.15,0.15,2,0.6931471805599453,0.5,0.47490700226267796,0,1,0.6865671641791045
1,0,0,0,0,2,0,3,4,68,41,0.3,0.1,0.3,0.15,0.15,2,0.6931471805599453,0.5,0.46752077510937123,0,1,0.6911764705882353
1,0,1,0,0,6,1,3,5,69,41,0.3,0.1,0.3,0.15,0.15,2,0.6931471805599453,0.5,0.6746650898091372,1,1,0.6956521739130435
0,0,1,0,0,5,0,3,6,70,41,0.3,0.1,0.3,0.15,0.15,2,0.6931471805599453,0.5,0.47465577896579836,1,0,0.6857142857142857
0,0,0,1,1,25,0,3,7,71,41,0.3,0.1,0.3,0.15,0.15,2,0.6931471805599453,0.5,0.3029822991408185,1,0,0.676056338028169
0,0,0,0,0,1,0,3,8,72,41,0.3,0.1,0.3,0.15,0.15,2,0.6931471805599453,0.5,0.3041551421171805,0,1,0.6805555555555556
0,1,1,0,1,23,0,3,9,73,41,0.3,0.1,0.3,0.15,0.15,2,0.6931471805599453,0.5,0.47782461977052165,0,1,0.684931506849315
0,0,0,1,0,9,0,3,10,74,41,0.3,0.1,0.3,0.15,0.15,2,0.6931471805599453,0.5,0.2974704692406484,0,1,0.6891891891891891
0,1,1,1,0,15,0,3,11,75,41,0.3,0.1,0.3,0.15,0.15,2,0.6931471805599453,0.5,0.4659436183489933,1,0,0.68
1,0,1,1,1,30,1,3,12,76,41,0.3,0.1,0.3,0.15,0.15,2,0.6931471805599453,0.5,0.6814183215800338,0,0,0.6710526315789473
1,0,0,0,1,18,0,3,13,77,41,0.3,0.1,0.3,0.15,0.15,2,0.6931471805599453,0.5,0.4818951692241906,0,1,0.6753246753246753
0,0,1,1,0,13,0,3,14,78,41,0.3,0.1,0.3,0.15,0.15,2,0.6931471805599453,0.5,0.4640992784896648,0,1,0.6794871794871795
1,1,0,1,0,12,0,3,15,79,41,0.3,0.1,0.3,0.15,0.15,2,0.6931471805599453,0.5,0.47069369009183837,0,1,0.6835443037974683
0,1,1,1,1,31,0,3,16,80,41,0.3,0.1,0.3,0.15,0.15,2,0.6931471805599453,0.5,0.4723306212637319,0,1,0.6875
1,1,0,0,0,4,0,3,17,81,41,0.3,0.1,0.3,0.15,0.15,2,0.6931471805599453,0.5,0.47346061113169013,0,1,0.691358024691358
0,0,0,0,1,17,0,3,18,82,41,0.3,0.1,0.3,0.15,0.15,2,0.6931471805599453,0.5,0.3106505965046739,0,1,0.6951219512195121
1,1,1,1,0,16,1,3,19,83,41,0.3,0.1,0.3,0.15,0.15,2,0.6931471805599453,0.5,0.6730172504887002,0,0,0.6867469879518072
0,1,0,0,1,19,0,3,20,84,41,0.3,0.1,0.3,0.15,0.15,2,0.6931471805599453,0.5,0.30656983416479966,0,1,0.6904761904761905
1,1,0,0,1,20,0,3,21,85,41,0.3,0.1,0.3,0.15,0.15,2,0.6931471805599453,0.5,0.4755523071652882,1,0,0.6823529411764706
1,1,0,1,1,28,0,3,22,86,41,0.3,0.1,0.3,0.15,0.15,2,0.6931471805599453,0.5,0.4756152226479515,1,0,0.6744186046511628
0,1,0,1,0,11,0,3,23,87,41,0.3,0.1,0.3,0.15,0.15,2,0.6931471805599453,0.5,0.30453772179477456,0,1,0.6781609195402298
0,0,1,1,1,29,0,3,24,88,41,0.3,0.1,0.3,0.15,0.15,2,0.6931471805599453,0.5,0.4764325153921438,1,0,0.6704545454545454
1,0,1,0,1,22,1,3,25,89,41,0.3,0.1,0.3,0.15,0.15,2,0.6931471805599453,0.5,0.6822613089403603,1,1,0.6741573033707865
1,0,1,1,0,14,1,3,26,90,41,0.3,0.1,0.3,0.15,0.15,2,0.6931471805599453,0.5,0.6776901701245008,1,1,0.6777777777777778
0,1,0,0,0,3,0,3,27,91,41,0.3,0.1,0.3,0.15,0.15,2,0.6931471805599453,0.5,0.2999857581212926,0,1,0.6813186813186813
1,1,1,1,1,32,1,3,28,92,41,0.3,0.1,0.3,0.15,0.15,2,0.6931471805599453,0.5,0.6807147655200859,1,1,0.6847826086956522
0,0,1,0,1,21,0,3,29,93,41,0.3,0.1,0.3,0.15,0.15,2,0.6931471805599453,0.5,0.4745865087128638,0,1,0.6881720430107527
1,1,1,0,0,8,1,3,30,94,41,0.3,0.1,0.3,0.15,0.15,2,0.6931471805599453,0.5,0.6754540366901849,1,1,0.6914893617021277
1,0,0,1,1,26,0,3,31,95,41,0.3,0.1,0.3,0.15,0.15,2,0.6931471805599453,0.5,0.47596655255947995,1,0,0.6842105263157895
0,1,0,1,1,27,0,3,32,96,41,0.3,0.1,0.3,0.15,0.15,2,0.6931471805599453,0.5,0.3042960805738651,0,1,0.6875
0,1,0,1,0,11,0,1,1,1,42,0.3,0.1,0.3,0.15,0.15,2,0.6931471805599453,0.5,0.5,0,1,1
0,1,0,0,0,3,0,1,2,2,42,0.3,0.1,0.3,0.15,0.15,2,0.6931471805599453,0.5,0.5,1,0,0.5
1,0,0,0,0,2,0,1,3,3,42,0.3,0.1,0.3,0.15,0.15,2,0.6931471805599453,0.5,0.5,0,1,0.6666666666666666
1,0,1,1,0,14,1,1,4,4,42,0.3,0.1,0.3,0.15,0.15,2,0.6931471805599453,0.5,0.5,0,0,0.5
1,1,0,0,0,4,0,1,5,5,42,0.3,0.1,0.3,0.15,0.15,2,0.6931471805599453,0.5,0.3601558549964444,0,1,0.6
0,0,1,0,1,21,0,1,6,6,42,0.3,0.1,0.3,0.15,0.15,2,0.6931471805599453,0.5,0.5501116997197185,1,0,0.5
0,1,0,1,1,27,0,1,7,7,42,0.3,0.1,0.3,0.15,0.15,2,0.6931471805599453,0.5,0.2962073924873856,0,1,0.5714285714285714
0,0,0,0,1,17,0,1,8,8,42,0.3,0.1,0.3,0.15,0.15,2,0.6931471805599453,0.5,0.2515686573581043,1,0,0.5
1,0,0,1,1,26,0,1,9,9,42,0.3,0.1,0.3,0.15,0.15,2,0.6931471805599453,0.5,0.5172054414579442,1,0,0.4444444444444444
0,0,0,1,0,9,0,1,10,10,42,0.3,0.1,0.3,0.15,0.15,2,0.6931471805599453,0.5,0.37430762604167256,0,1,0.5
1,1,1,1,0,16,1,1,11,11,42,0.3,0.1,0.3,0.15,0.15,2,0.6931471805599453,0.5,0.7506032997441726,1,1,0.5454545454545454
0,1,1,0,0,7,0,1,12,12,42,0.3,0.1,0.3,0.15,0.15,2,0.6931471805599453,0.5,0.5088316607481377,0,1,0.5833333333333334
0,1,0,0,1,19,0,1,13,13,42,0.3,0.1,0.3,0.15,0.15,2,0.6931471805599453,0.5,0.22335744828762755,1,0,0.5384615384615384
1,0,1,0,0,6,1,1,14,14,42,0.3,0.1,0.3,0.15,0.15,2,0.6931471805599453,0.5,0.6887510828266971,0,0,0.5
1,1,0,1,1,28,0,1,15,15,42,0.3,0.1,0.3,0.15,0.15,2,0.6931471805599453,0.5,0.44584742441456005,1,0,0.4666666666666667
0,0,1,0,0,5,0,1,16,16,42,0.3,0.1,0.3,0.15,0.15,2,0.6931471805599453,0.5,0.5292851277948529,1,0,0.4375
1,0,0,0,1,18,0,1,17,17,42,0.3,0.1,0.3,0.15,0.15,2,0.6931471805599453,0.5,0.424206350067279,1,0,0.4117647058823529
1,0,1,1,1,30,1,1,18,18,42,0.3,0.1,0.3,0.15,0.15,2,0.6931471805599453,0.5,0.6833448335493051,0,0,0.3888888888888889
1,1,1,0,1,24,1,1,19,19,42,0.3,0.1,0.3,0.15,0.15,2,0.6931471805599453,0.5,0.6369260059422078,1,1,0.42105263157894735
0,1,1,1,1,31,0,1,20,20,42,0.3,0.1,0.3,0.15,0.15,2,0.6931471805599453,0.5,0.5095214662510393,0,1,0.45
0,0,1,1,0,13,0,1,21,21,42,0.3,0.1,0.3,0.15,0.15,2,0.6931471805599453,0.5,0.5203262724150542,0,1,0.47619047619047616
1,0,0,1,0,10,0,1,22,22,42,0.3,0.1,0.3,0.15,0.15,2,0.6931471805599453,0.5,0.5028648416751438,0,1,0.5
1,1,0,0,1,20,0,1,23,23,42,0.3,0.1,0.3,0.15,0.15,2,0.6931471805599453,0.5,0.4496898995961881,1,0,0.4782608695652174
0,0,1,1,1,29,0,1,24,24,42,0.3,0.1,0.3,0.15,0.15,2,0.6931471805599453,0.5,0.4989063258085046,1,0,0.4583333333333333
0,0,0,1,1,25,0,1,25,25,42,0.3,0.1,0.3,0.15,0.15,2,0.6931471805599453,0.5,0.3078434371054436,0,1,0.48
1,0,1,0,1,22,1,1,26,26,42,0.3,0.1,0.3,0.15,0.15,2,0.6931471805599453,0.5,0.6684564206384624,1,1,0.5
1,1,1,1,1,32,1,1,27,27,42,0.3,0.1,0.3,0.15,0.15,2,0.6931471805599453,0.5,0.6751844555758317,0,0,0.48148148148148145
0,1,1,1,0,15,0,1,28,28,42,0.3,0.1,0.3,0.15,0.15,2,0.6931471805599453,0.5,0.4828045239858035,0,1,0.5
0,1,1,0,1,23,0,1,29,29,42,0.3,0.1,0.3,0.15,0.15,2,0.6931471805599453,0.5,0.47452019215266766,0,1,0.5172413793103449
1,1,1,0,0,8,1,1,30,30,42,0.3,0.1,0.3,0.15,0.15,2,0.6931471805599453,0.5,0.6677056699621862,1,1,0.5333333333333333
0,0,0,0,0,1,0,1,31,31,42,0.3,0.1,0.3,0.15,0.15,2,0.6931471805599453,0.5,0.3085919067640199,1,0,0.5161290322580645
1,1,0,1,0,12,0,1,32,32,42,0.3,0.1,0.3,0.15,0.15,2,0.6931471805599453,0.5,0.48602516905783505,1,0,0.5
1,1,0,0,0,4,0,2,1,33,42,0.3,0.1,0.3,0.15,0.15,2,0.6931471805599453,0.5,0.47088883325735903,0,1,0.5151515151515151
1,0,0,0,0,2,0,2,2,34,42,0.3,0.1,0.3,0.15,0.15,2,0.6931471805599453,0.5,0.4618270777282019,0,1,0.5294117647058824
1,0,0,1,1,26,0,2,3,35,42,0.3,0.1,0.3,0.15,0.15,2,0.6931471805599453,0.5,0.46756436635644677,0,1,0.5428571428571428
1,1,1,1,1,32,1,2,4,36,42,0.3,0.1,0.3,0.15,0.15,2,0.6931471805599453,0.5,0.6811670814753217,0,0,0.5277777777777778
0,0,1,0,1,21,0,2,5,37,42,0.3,0.1,0.3,0.15,0.15,2,0.6931471805599453,0.5,0.48200042237641155,0,1,0.5405405405405406
0,1,0,0,0,3,0,2,6,38,42,0.3,0.1,0.3,0.15,0.15,2,0.6931471805599453,0.5,0.30178390112772535,0,1,0.5526315789473685
0,1,0,1,1,27,0,2,7,39,42,0.3,0.1,0.3,0.15,0.15,2,0.6931471805599453,0.5,0.3198233977350801,0,1,0.5641025641025641
0,0,0,1,1,25,0,2,8,40,42,0.3,0.1,0.3,0.15,0.15,2,0.6931471805599453,0.5,0.30720811251891583,0,1,0.575
0,1,1,0,1,23,0,2,9,41,42,0.3,0.1,0.3,0.15,0.15,2,0.6931471805599453,0.5,0.48106414368220685,0,1,0.5853658536585366
1,1,0,1,0,12,0,2,10,42,42,0.3,0.1,0.3,0.15,0.15,2,0.6931471805599453,0.5,0.47293361209054074,0,1,0.5952380952380952
1,1,0,0,1,20,0,2,11,43,42,0.3,0.1,0.3,0.15,0.15,2,0.6931471805599453,0.5,0.46642793433619933,1,0,0.5813953488372093
0,1,0,1,0,11,0,2,12,44,42,0.3,0.1,0.3,0.15,0.15,2,0.6931471805599453,0.5,0.3062035278324078,0,1,0.5909090909090909
0,0,0,1,0,9,0,2,13,45,42,0.3,0.1,0.3,0.15,0.15,2,0.6931471805599453,0.5,0.29996975727704234,1,0,0.5777777777777777
1,0,0,1,0,10,0,2,14,46,42,0.3,0.1,0.3,0.15,0.15,2,0.6931471805599453,0.5,0.45753611335502686,0,1,0.5869565217391305
1,0,0,0,1,18,0,2,15,47,42,0.3,0.1,0.3,0.15,0.15,2,0.6931471805599453,0.5,0.45900742444762965,1,0,0.574468085106383
0,0,1,1,0,13,0,2,16,48,42,0.3,0.1,0.3,0.15,0.15,2,0.6931471805599453,0.5,0.4902226522259794,0,1,0.5833333333333334
1,1,1,0,1,24,1,2,17,49,42,0.3,0.1,0.3,0.15,0.15,2,0.6931471805599453,0.5,0.6842543521821276,1,1,0.5918367346938775
0,1,1,1,1,31,0,2,18,50,42,0.3,0.1,0.3,0.15,0.15,2,0.6931471805599453,0.5,0.4995946356709348,1,0,0.58
0,1,1,1,0,15,0,2,19,51,42,0.3,0.1,0.3,0.15,0.15,2,0.6931471805599453,0.5,0.477532913541371,0,1,0.5882352941176471
1,0,1,1,0,14,1,2,20,52,42,0.3,0.1,0.3,0.15,0.15,2,0.6931471805599453,0.5,0.6674353427925386,0,0,0.5769230769230769
0,1,0,0,1,19,0,2,21,53,42,0.3,0.1,0.3,0.15,0.15,2,0.6931471805599453,0.5,0.31029505175091504,0,1,0.5849056603773585
1,1,1,1,0,16,1,2,22,54,42,0.3,0.1,0.3,0.15,0.15,2,0.6931471805599453,0.5,0.6810978627459993,1,1,0.5925925925925926
0,1,1,0,0,7,0,2,23,55,42,0.3,0.1,0.3,0.15,0.15,2,0.6931471805599453,0.5,0.4767700572934497,1,0,0.5818181818181818
1,0,1,1,1,30,1,2,24,56,42,0.3,0.1,0.3,0.15,0.15,2,0.6931471805599453,0.5,0.6837245696851779,0,0,0.5714285714285714
0,0,1,1,1,29,0,2,25,57,42,0.3,0.1,0.3,0.15,0.15,2,0.6931471805599453,0.5,0.4850888154906374,0,1,0.5789473684210527
1,1,0,1,1,28,0,2,26,58,42,0.3,0.1,0.3,0.15,0.15,2,0.6931471805599453,0.5,0.48364650250963115,0,1,0.5862068965517241
0,0,1,0,0,5,0,2,27,59,42,0.3,0.1,0.3,0.15,0.15,2,0.6931471805599453,0.5,0.4658284636729129,0,1,0.5932203389830508
0,0,0,0,1,17,0,2,28,60,42,0.3,0.1,0.3,0.15,0.15,2,0.6931471805599453,0.5,0.3018927068223022,1,0,0.5833333333333334
1,1,1,0,0,8,1,2,29,61,42,0.3,0.1,0.3,0.15,0.15,2,0.6931471805599453,0.5,0.6719927235805092,1,1,0.5901639344262295
1,0,1,0,1,22,1,2,30,62,42,0.3,0.1,0.3,0.15,0.15,2,0.6931471805599453,0.5,0.672200502182495,0,0,0.5806451612903226
1,0,1,0,0,6,1,2,31,63,42,0.3,0.1,0.3,0.15,0.15,2,0.6931471805599453,0.5,0.6750458876996933,1,1,0.5873015873015873
0,0,0,0,0,1,0,2,32,64,42,0.3,0.1,0.3,0.15,0.15,2,0.6931471805599453,0.5,0.3059685712880239,0,1,0.59375
0,0,1,1,1,29,0,3,1,65,42,0.3,0.1,0.3,0.15,0.15,2,0.6931471805599453,0.5,0.47088883325735903,1,0,0.5846153846153846
1,0,0,0,1,18,0,3,2,66,42,0.3,0.1,0.3,0.15,0.15,2,0.6931471805599453,0.5,0.473315534155655,0,1,0.5909090909090909
1,0,0,0,0,2,0,3,3,67,42,0.3,0.1,0.3,0.15,0.15,2,0.6931471805599453,0.5,0.47022808399992255,1,0,0.582089552238806
1,1,0,0,0,4,0,3,4,68,42,0.3,0.1,0.3,0.15,0.15,2,0.6931471805599453,0.5,0.4676224640282299,1,0,0.5735294117647058
1,1,0,0,1,20,0,3,5,69,42,0.3,0.1,0.3,0.15,0.15,2,0.6931471805599453,0.5,0.4636776527842323,1,0,0.5652173913043478
1,1,1,1,1,32,1,3,6,70,42,0.3,0.1,0.3,0.15,0.15,2,0.6931471805599453,0.5,0.6803447238724014,1,1,0.5714285714285714
1,1,1,1,0,16,1,3,7,71,42,0.3,0.1,0.3,0.15,0.15,2,0.6931471805599453,0.5,0.6827821248168904,1,1,0.5774647887323944
0,1,1,1,1,31,0,3,8,72,42,0.3,0.1,0.3,0.15,0.15,2,0.6931471805599453,0.5,0.4848134247966751,1,0,0.5694444444444444
1,0,0,1,0,10,0,3,9,73,42,0.3,0.1,0.3,0.15,0.15,2,0.6931471805599453,0.5,0.46965267316809817,1,0,0.5616438356164384
0,1,0,1,1,27,0,3,10,74,42,0.3,0.1,0.3,0.15,0.15,2,0.6931471805599453,0.5,0.31335425611431605,0,1,0.5675675675675675
1,0,1,0,1,22,1,3,11,75,42,0.3,0.1,0.3,0.15,0.15,2,0.6931471805599453,0.5,0.6715427515962363,0,0,0.56
0,1,0,0,1,19,0,3,12,76,42,0.3,0.1,0.3,0.15,0.15,2,0.6931471805599453,0.5,0.3048115212315213,0,1,0.5657894736842105
1,0,0,1,1,26,0,3,13,77,42,0.3,0.1,0.3,0.15,0.15,2,0.6931471805599453,0.5,0.46674881120670897,0,1,0.5714285714285714
1,0,1,0,0,6,1,3,14,78,42,0.3,0.1,0.3,0.15,0.15,2,0.6931471805599453,0.5,0.6763049454602549,0,0,0.5641025641025641
1,0,1,1,1,30,1,3,15,79,42,0.3,0.1,0.3,0.15,0.15,2,0.6931471805599453,0.5,0.6760648738033733,1,1,0.569620253164557
0,0,0,1,0,9,0,3,16,80,42,0.3,0.1,0.3,0.15,0.15,2,0.6931471805599453,0.5,0.30722026327763513,0,1,0.575
1,1,0,1,0,12,0,3,17,81,42,0.3,0.1,0.3,0.15,0.15,2,0.6931471805599453,0.5,0.4637011011582048,0,1,0.5802469135802469
0,1,1,0,0,7,0,3,18,82,42,0.3,0.1,0.3,0.15,0.15,2,0.6931471805599453,0.5,0.4818057892192261,1,0,0.573170731707317
0,0,0,1,1,25,0,3,19,83,42,0.3,0.1,0.3,0.15,0.15,2,0.6931471805599453,0.5,0.3069846867068775,0,1,0.5783132530120482
0,0,1,1,0,13,0,3,20,84,42,0.3,0.1,0.3,0.15,0.15,2,0.6931471805599453,0.5,0.48055189385168595,1,0,0.5714285714285714
0,1,0,0,0,3,0,3,21,85,42,0.3,0.1,0.3,0.15,0.15,2,0.6931471805599453,0.5,0.3020575528192884,1,0,0.5647058823529412
0,1,0,1,0,11,0,3,22,86,42,0.3,0.1,0.3,0.15,0.15,2,0.6931471805599453,0.5,0.30072921163622873,0,1,0.5697674418604651
1,1,1,0,0,8,1,3,23,87,42,0.3,0.1,0.3,0.15,0.15,2,0.6931471805599453,0.5,0.6785482626571936,1,1,0.5747126436781609
0,0,0,0,0,1,0,3,24,88,42,0.3,0.1,0.3,0.15,0.15,2,0.6931471805599453,0.5,0.30309623415359427,1,0,0.5681818181818182
0,0,0,0,1,17,0,3,25,89,42,0.3,0.1,0.3,0.15,0.15,2,0.6931471805599453,0.5,0.3018396589754283,1,0,0.5617977528089888
0,1,1,1,0,15,0,3,26,90,42,0.3,0.1,0.3,0.15,0.15,2,0.6931471805599453,0.5,0.4772988051683873,1,0,0.5555555555555556
1,1,1,0,1,24,1,3,27,91,42,0.3,0.1,0.3,0.15,0.15,2,0.6931471805599453,0.5,0.6855075836511311,1,1,0.5604395604395604
1,1,0,1,1,28,0,3,28,92,42,0.3,0.1,0.3,0.15,0.15,2,0.6931471805599453,0.5,0.4708202283616849,0,1,0.5652173913043478
0,0,1,0,0,5,0,3,29,93,42,0.3,0.1,0.3,0.15,0.15,2,0.6931471805599453,0.5,0.47936839687362387,0,1,0.5698924731182796
0,0,1,0,1,21,0,3,30,94,42,0.3,0.1,0.3,0.15,0.15,2,0.6931471805599453,0.5,0.4813473336970415,0,1,0.574468085106383
1,0,1,1,0,14,1,3,31,95,42,0.3,0.1,0.3,0.15,0.15,2,0.6931471805599453,0.5,0.6769723545671531,1,1,0.5789473684210527
0,1,1,0,1,23,0,3,32,96,42,0.3,0.1,0.3,0.15,0.15,2,0.6931471805599453,0.5,0.47568786423311227,1,0,0.5729166666666666
0,0,0,1,0,9,0,1,1,1,43,0.3,0.1,0.3,0.15,0.15,2,0.6931471805599453,0.5,0.5,0,1,1
1,0,0,0,1,18,0,1,2,2,43,0.3,0.1,0.3,0.15,0.15,2,0.6931471805599453,0.5,0.5,1,0,0.5
1,0,0,0,0,2,0,1,3,3,43,0.3,0.1,0.3,0.15,0.15,2,0.6931471805599453,0.5,0.5,0,1,0.6666666666666666
0,0,0,1,1,25,0,1,4,4,43,0.3,0.1,0.3,0.15,0.15,2,0.6931471805599453,0.5,0.5,0,1,0.75
1,1,0,0,1,20,0,1,5,5,43,0.3,0.1,0.3,0.15,0.15,2,0.6931471805599453,0.5,0.5,1,0,0.6
0,1,0,0,1,19,0,1,6,6,43,0.3,0.1,0.3,0.15,0.15,2,0.6931471805599453,0.5,0.5,1,0,0.5
0,0,1,1,0,13,0,1,7,7,43,0.3,0.1,0.3,0.15,0.15,2,0.6931471805599453,0.5,0.5,0,1,0.5714285714285714
1,0,1,0,1,22,1,1,8,8,43,0.3,0.1,0.3,0.15,0.15,2,0.6931471805599453,0.5,0.5,0,0,0.5
0,1,0,0,0,3,0,1,9,9,43,0.3,0.1,0.3,0.15,0.15,2,0.6931471805599453,0.5,0.2781718364299073,1,0,0.4444444444444444
0,1,1,1,1,31,0,1,10,10,43,0.3,0.1,0.3,0.15,0.15,2,0.6931471805599453,0.5,0.5023888865977318,0,1,0.5
1,1,0,1,1,28,0,1,11,11,43,0.3,0.1,0.3,0.15,0.15,2,0.6931471805599453,0.5,0.44275505351770966,0,1,0.5454545454545454
1,0,1,1,1,30,1,1,12,12,43,0.3,0.1,0.3,0.15,0.15,2,0.6931471805599453,0.5,0.6991233480795732,0,0,0.5
1,1,0,1,0,12,0,1,13,13,43,0.3,0.1,0.3,0.15,0.15,2,0.6931471805599453,0.5,0.4022675301873349,0,1,0.5384615384615384
0,0,0,0,0,1,0,1,14,14,43,0.3,0.1,0.3,0.15,0.15,2,0.6931471805599453,0.5,0.2897883546104447,0,1,0.5714285714285714
1,1,1,1,1,32,1,1,15,15,43,0.3,0.1,0.3,0.15,0.15,2,0.6931471805599453,0.5,0.6936864182307666,1,1,0.6
0,0,0,0,1,17,0,1,16,16,43,0.3,0.1,0.3,0.15,0.15,2,0.6931471805599453,0.5,0.3176855147227168,1,0,0.5625
1,1,1,1,0,16,1,1,17,17,43,0.3,0.1,0.3,0.15,0.15,2,0.6931471805599453,0.5,0.6704055761623013,1,1,0.5882352941176471
1,0,1,0,0,6,1,1,18,18,43,0.3,0.1,0.3,0.15,0.15,2,0.6931471805599453,0.5,0.6636774263462781,1,1,0.6111111111111112
1,0,0,1,1,26,0,1,19,19,43,0.3,0.1,0.3,0.15,0.15,2,0.6931471805599453,0.5,0.46766770770241756,0,1,0.631578947368421
1,1,1,0,1,24,1,1,20,20,43,0.3,0.1,0.3,0.15,0.15,2,0.6931471805599453,0.5,0.684002299334219,1,1,0.65
0,0,1,0,0,5,0,1,21,21,43,0.3,0.1,0.3,0.15,0.15,2,0.6931471805599453,0.5,0.5118838825068468,1,0,0.6190476190476191
0,0,1,0,1,21,0,1,22,22,43,0.3,0.1,0.3,0.15,0.15,2,0.6931471805599453,0.5,0.5138986021855942,0,1,0.6363636363636364
1,0,1,1,0,14,1,1,23,23,43,0.3,0.1,0.3,0.15,0.15,2,0.6931471805599453,0.5,0.6772180085338682,1,1,0.6521739130434783
1,1,1,0,0,8,1,1,24,24,43,0.3,0.1,0.3,0.15,0.15,2,0.6931471805599453,0.5,0.6809771565655391,1,1,0.6666666666666666
0,1,1,0,1,23,0,1,25,25,43,0.3,0.1,0.3,0.15,0.15,2,0.6931471805599453,0.5,0.49249333837145476,1,0,0.64
0,0,1,1,1,29,0,1,26,26,43,0.3,0.1,0.3,0.15,0.15,2,0.6931471805599453,0.5,0.4786938779898667,1,0,0.6153846153846154
1,0,0,1,0,10,0,1,27,27,43,0.3,0.1,0.3,0.15,0.15,2,0.6931471805599453,0.5,0.4798158554501757,0,1,0.6296296296296297
0,1,1,1,0,15,0,1,28,28,43,0.3,0.1,0.3,0.15,0.15,2,0.6931471805599453,0.5,0.49677844966700024,0,1,0.6428571428571429
1,1,0,0,0,4,0,1,29,29,43,0.3,0.1,0.3,0.15,0.15,2,0.6931471805599453,0.5,0.48014402209336726,0,1,0.6551724137931034
0,1,0,1,0,11,0,1,30,30,43,0.3,0.1,0.3,0.15,0.15,2,0.6931471805599453,0.5,0.31642561972006805,0,1,0.6666666666666666
0,1,1,0,0,7,0,1,31,31,43,0.3,0.1,0.3,0.15,0.15,2,0.6931471805599453,0.5,0.48323974883553555,1,0,0.6451612903225806
0,1,0,1,1,27,0,1,32,32,43,0.3,0.1,0.3,0.15,0.15,2,0.6931471805599453,0.5,0.31124945332785153,1,0,0.625
1,0,1,1,1,30,1,2,1,33,43,0.3,0.1,0.3,0.15,0.15,2,0.6931471805599453,0.5,0.6820014721782955,0,0,0.6060606060606061
1,1,1,0,0,8,1,2,2,34,43,0.3,0.1,0.3,0.15,0.15,2,0.6931471805599453,0.5,0.673393511300729,1,1,0.6176470588235294
1,1,0,0,0,4,0,2,3,35,43,0.3,0.1,0.3,0.15,0.15,2,0.6931471805599453,0.5,0.4734597381018976,0,1,0.6285714285714286
0,0,1,1,0,13,0,2,4,36,43,0.3,0.1,0.3,0.15,0.15,2,0.6931471805599453,0.5,0.4755306807045736,0,1,0.6388888888888888
0,0,0,0,1,17,0,2,5,37,43,0.3,0.1,0.3,0.15,0.15,2,0.6931471805599453,0.5,0.30576657210548747,1,0,0.6216216216216216
0,1,1,1,1,31,0,2,6,38,43,0.3,0.1,0.3,0.15,0.15,2,0.6931471805599453,0.5,0.47423236023301485,1,0,0.6052631578947368
1,1,1,1,1,32,1,2,7,39,43,0.3,0.1,0.3,0.15,0.15,2,0.6931471805599453,0.5,0.6797360640586132,1,1,0.6153846153846154
1,0,0,0,0,2,0,2,8,40,43,0.3,0.1,0.3,0.15,0.15,2,0.6931471805599453,0.5,0.46497041459005195,0,1,0.625
1,1,0,0,1,20,0,2,9,41,43,0.3,0.1,0.3,0.15,0.15,2,0.6931471805599453,0.5,0.4709652609426601,1,0,0.6097560975609756
0,1,0,0,0,3,0,2,10,42,43,0.3,0.1,0.3,0.15,0.15,2,0.6931471805599453,0.5,0.30275756303118234,1,0,0.5952380952380952
0,1,0,1,0,11,0,2,11,43,43,0.3,0.1,0.3,0.15,0.15,2,0.6931471805599453,0.5,0.3057445770032415,1,0,0.5813953488372093
0,1,1,0,0,7,0,2,12,44,43,0.3,0.1,0.3,0.15,0.15,2,0.6931471805599453,0.5,0.4720207149224086,1,0,0.5681818181818182
1,1,1,1,0,16,1,2,13,45,43,0.3,0.1,0.3,0.15,0.15,2,0.6931471805599453,0.5,0.6811498122522911,1,1,0.5777777777777777
1,1,1,0,1,24,1,2,14,46,43,0.3,0.1,0.3,0.15,0.15,2,0.6931471805599453,0.5,0.676969603735454,0,0,0.5652173913043478
0,0,0,1,1,25,0,2,15,47,43,0.3,0.1,0.3,0.15,0.15,2,0.6931471805599453,0.5,0.30947800998652364,0,1,0.574468085106383
1,0,1,0,1,22,1,2,16,48,43,0.3,0.1,0.3,0.15,0.15,2,0.6931471805599453,0.5,0.6808351705323317,1,1,0.5833333333333334
0,0,0,0,0,1,0,2,17,49,43,0.3,0.1,0.3,0.15,0.15,2,0.6931471805599453,0.5,0.28893371631308973,0,1,0.5918367346938775
0,1,0,0,1,19,0,2,18,50,43,0.3,0.1,0.3,0.15,0.15,2,0.6931471805599453,0.5,0.3034148741803769,0,1,0.6
0,1,1,1,0,15,0,2,19,51,43,0.3,0.1,0.3,0.15,0.15,2,0.6931471805599453,0.5,0.4706059396011721,0,1,0.6078431372549019
1,0,1,1,0,14,1,2,20,52,43,0.3,0.1,0.3,0.15,0.15,2,0.6931471805599453,0.5,0.6801625791031899,1,1,0.6153846153846154
1,0,1,0,0,6,1,2,21,53,43,0.3,0.1,0.3,0.15,0.15,2,0.6931471805599453,0.5,0.6773370489683864,1,1,0.6226415094339622
0,0,0,1,0,9,0,2,22,54,43,0.3,0.1,0.3,0.15,0.15,2,0.6931471805599453,0.5,0.29765736443632745,1,0,0.6111111111111112
0,1,1,0,1,23,0,2,23,55,43,0.3,0.1,0.3,0.15,0.15,2,0.6931471805599453,0.5,0.4731044310858305,1,0,0.6
1,0,0,0,1,18,0,2,24,56,43,0.3,0.1,0.3,0.15,0.15,2,0.6931471805599453,0.5,0.48012096429757106,0,1,0.6071428571428571
0,0,1,0,1,21,0,2,25,57,43,0.3,0.1,0.3,0.15,0.15,2,0.6931471805599453,0.5,0.4726864370323474,1,0,0.5964912280701754
1,1,0,1,0,12,0,2,26,58,43,0.3,0.1,0.3,0.15,0.15,2,0.6931471805599453,0.5,0.48509426383605736,1,0,0.5862068965517241
0,0,1,1,1,29,0,2,27,59,43,0.3,0.1,0.3,0.15,0.15,2,0.6931471805599453,0.5,0.4739802028715969,0,1,0.5932203389830508
0,0,1,0,0,5,0,2,28,60,43,0.3,0.1,0.3,0.15,0.15,2,0.6931471805599453,0.5,0.4661112679851364,1,0,0.5833333333333334
0,1,0,1,1,27,0,2,29,61,43,0.3,0.1,0.3,0.15,0.15,2,0.6931471805599453,0.5,0.3051397224519367,0,1,0.5901639344262295
1,1,0,1,1,28,0,2,30,62,43,0.3,0.1,0.3,0.15,0.15,2,0.6931471805599453,0.5,0.486378292081368,1,0,0.5806451612903226
1,0,0,1,0,10,0,2,31,63,43,0.3,0.1,0.3,0.15,0.15,2,0.6931471805599453,0.5,0.48253037594086134,1,0,0.5714285714285714
1,0,0,1,1,26,0,2,32,64,43,0.3,0.1,0.3,0.15,0.15,2,0.6931471805599453,0.5,0.4781763585064558,1,0,0.5625
0,0,0,1,1,25,0,3,1,65,43,0.3,0.1,0.3,0.15,0.15,2,0.6931471805599453,0.5,0.30107318973040265,1,0,0.5538461538461539
1,1,0,1,1,28,0,3,2,66,43,0.3,0.1,0.3,0.15,0.15,2,0.6931471805599453,0.5,0.4705960615458987,1,0,0.5454545454545454
0,1,0,0,1,19,0,3,3,67,43,0.3,0.1,0.3,0.15,0.15,2,0.6931471805599453,0.5,0.3006398906415511,1,0,0.5373134328358209
0,1,0,1,1,27,0,3,4,68,43,0.3,0.1,0.3,0.15,0.15,2,0.6931471805599453,0.5,0.2954977891834633,0,1,0.5441176470588235
0,0,1,0,1,21,0,3,5,69,43,0.3,0.1,0.3,0.15,0.15,2,0.6931471805599453,0.5,0.47461670175854165,1,0,0.5362318840579711
0,0,0,1,0,9,0,3,6,70,43,0.3,0.1,0.3,0.15,0.15,2,0.6931471805599453,0.5,0.30089065026026035,0,1,0.5428571428571428
0,0,0,0,1,17,0,3,7,71,43,0.3,0.1,0.3,0.15,0.15,2,0.6931471805599453,0.5,0.2954662207774277,1,0,0.5352112676056338
0,1,0,0,0,3,0,3,8,72,43,0.3,0.1,0.3,0.15,0.15,2,0.6931471805599453,0.5,0.2993825159106624,1,0,0.5277777777777778
1,0,1,1,0,14,1,3,9,73,43,0.3,0.1,0.3,0.15,0.15,2,0.6931471805599453,0.5,0.6911091483726932,1,1,0.5342465753424658
1,1,0,0,0,4,0,3,10,74,43,0.3,0.1,0.3,0.15,0.15,2,0.6931471805599453,0.5,0.4744056240896796,1,0,0.527027027027027
0,0,1,1,1,29,0,3,11,75,43,0.3,0.1,0.3,0.15,0.15,2,0.6931471805599453,0.5,0.4752036956493562,0,1,0.5333333333333333
0,1,0,1,0,11,0,3,12,76,43,0.3,0.1,0.3,0.15,0.15,2,0.6931471805599453,0.5,0.2998056954426094,1,0,0.5263157894736842
1,0,0,0,0,2,0,3,13,77,43,0.3,0.1,0.3,0.15,0.15,2,0.6931471805599453,0.5,0.4774295270905292,0,1,0.5324675324675324
0,1,1,0,1,23,0,3,14,78,43,0.3,0.1,0.3,0.15,0.15,2,0.6931471805599453,0.5,0.46920405588889486,1,0,0.5256410256410257
1,0,1,0,0,6,1,3,15,79,43,0.3,0.1,0.3,0.15,0.15,2,0.6931471805599453,0.5,0.6888869078495083,1,1,0.5316455696202531
1,1,1,0,1,24,1,3,16,80,43,0.3,0.1,0.3,0.15,0.15,2,0.6931471805599453,0.5,0.6787539371329572,0,0,0.525
1,0,0,0,1,18,0,3,17,81,43,0.3,0.1,0.3,0.15,0.15,2,0.6931471805599453,0.5,0.4734154053867141,1,0,0.5185185185185185
1,0,1,1,1,30,1,3,18,82,43,0.3,0.1,0.3,0.15,0.15,2,0.6931471805599453,0.5,0.6825638120601432,0,0,0.5121951219512195
0,1,1,1,1,31,0,3,19,83,43,0.3,0.1,0.3,0.15,0.15,2,0.6931471805599453,0.5,0.47041875490439083,1,0,0.5060240963855421
0,0,1,0,0,5,0,3,20,84,43,0.3,0.1,0.3,0.15,0.15,2,0.6931471805599453,0.5,0.4794999405676349,1,0,0.5
1,0,1,0,1,22,1,3,21,85,43,0.3,0.1,0.3,0.15,0.15,2,0.6931471805599453,0.5,0.6828085922574522,0,0,0.49411764705882355
1,1,1,0,0,8,1,3,22,86,43,0.3,0.1,0.3,0.15,0.15,2,0.6931471805599453,0.5,0.6824407258738626,1,1,0.5
1,1,0,1,0,12,0,3,23,87,43,0.3,0.1,0.3,0.15,0.15,2,0.6931471805599453,0.5,0.4711516994896664,1,0,0.4942528735632184
0,0,0,0,0,1,0,3,24,88,43,0.3,0.1,0.3,0.15,0.15,2,0.6931471805599453,0.5,0.304552357427478,1,0,0.48863636363636365
1,0,0,1,1,26,0,3,25,89,43,0.3,0.1,0.3,0.15,0.15,2,0.6931471805599453,0.5,0.47314358065992196,0,1,0.4943820224719101
0,1,1,1,0,15,0,3,26,90,43,0.3,0.1,0.3,0.15,0.15,2,0.6931471805599453,0.5,0.47237857044625225,0,1,0.5
1,1,0,0,1,20,0,3,27,91,43,0.3,0.1,0.3,0.15,0.15,2,0.6931471805599453,0.5,0.4732726800016879,0,1,0.5054945054945055
1,1,1,1,0,16,1,3,28,92,43,0.3,0.1,0.3,0.15,0.15,2,0.6931471805599453,0.5,0.6801098487030255,1,1,0.5108695652173914
0,0,1,1,0,13,0,3,29,93,43,0.3,0.1,0.3,0.15,0.15,2,0.6931471805599453,0.5,0.4776266576486757,1,0,0.5053763440860215
1,1,1,1,1,32,1,3,30,94,43,0.3,0.1,0.3,0.15,0.15,2,0.6931471805599453,0.5,0.6776047538130318,1,1,0.5106382978723404
1,0,0,1,0,10,0,3,31,95,43,0.3,0.1,0.3,0.15,0.15,2,0.6931471805599453,0.5,0.47369510418589234,1,0,0.5052631578947369
0,1,1,0,0,7,0,3,32,96,43,0.3,0.1,0.3,0.15,0.15,2,0.6931471805599453,0.5,0.47568786423311227,0,1,0.5104166666666666
1,0,0,0,0,2,0,1,1,1,44,0.3,0.1,0.3,0.15,0.15,2,0.6931471805599453,0.5,0.5,0,1,1
0,1,0,1,0,11,0,1,2,2,44,0.3,0.1,0.3,0.15,0.15,2,0.6931471805599453,0.5,0.5,0,1,1
1,1,1,1,1,32,1,1,3,3,44,0.3,0.1,0.3,0.15,0.15,2,0.6931471805599453,0.5,0.5,1,1,1
0,0,0,1,0,9,0,1,4,4,44,0.3,0.1,0.3,0.15,0.15,2,0.6931471805599453,0.5,0.22969417372328743,0,1,1
1,1,1,0,0,8,1,1,5,5,44,0.3,0.1,0.3,0.15,0.15,2,0.6931471805599453,0.5,0.6581586503036557,1,1,1
1,0,0,1,0,10,0,1,6,6,44,0.3,0.1,0.3,0.15,0.15,2,0.6931471805599453,0.5,0.364780624887565,1,0,0.8333333333333334
1,0,0,0,1,18,0,1,7,7,44,0.3,0.1,0.3,0.15,0.15,2,0.6931471805599453,0.5,0.42017169350676287,1,0,0.7142857142857143
1,0,0,1,1,26,0,1,8,8,44,0.3,0.1,0.3,0.15,0.15,2,0.6931471805599453,0.5,0.3857936038884821,0,1,0.75
0,1,0,0,1,19,0,1,9,9,44,0.3,0.1,0.3,0.15,0.15,2,0.6931471805599453,0.5,0.3619706659042872,1,0,0.6666666666666666
1,1,1,1,0,16,1,1,10,10,44,0.3,0.1,0.3,0.15,0.15,2,0.6931471805599453,0.5,0.7142397569489152,1,1,0.7
0,1,1,1,0,15,0,1,11,11,44,0.3,0.1,0.3,0.15,0.15,2,0.6931471805599453,0.5,0.6082636803922344,1,0,0.6363636363636364
1,1,0,1,0,12,0,1,12,12,44,0.3,0.1,0.3,0.15,0.15,2,0.6931471805599453,0.5,0.4708446410955304,1,0,0.5833333333333334
0,1,0,1,1,27,0,1,13,13,44,0.3,0.1,0.3,0.15,0.15,2,0.6931471805599453,0.5,0.32674046989326266,0,1,0.6153846153846154
1,1,0,0,0,4,0,1,14,14,44,0.3,0.1,0.3,0.15,0.15,2,0.6931471805599453,0.5,0.4612542710884201,0,1,0.6428571428571429
0,0,0,1,1,25,0,1,15,15,44,0.3,0.1,0.3,0.15,0.15,2,0.6931471805599453,0.5,0.2790724558063987,0,1,0.6666666666666666
1,1,0,1,1,28,0,1,16,16,44,0.3,0.1,0.3,0.15,0.15,2,0.6931471805599453,0.5,0.4502106432326079,1,0,0.625
0,1,1,0,1,23,0,1,17,17,44,0.3,0.1,0.3,0.15,0.15,2,0.6931471805599453,0.5,0.563287600549432,1,0,0.5882352941176471
0,0,0,0,0,1,0,1,18,18,44,0.3,0.1,0.3,0.15,0.15,2,0.6931471805599453,0.5,0.2945777401385894,0,1,0.6111111111111112
1,0,1,1,1,30,1,1,19,19,44,0.3,0.1,0.3,0.15,0.15,2,0.6931471805599453,0.5,0.6679591357845273,1,1,0.631578947368421
0,0,1,0,0,5,0,1,20,20,44,0.3,0.1,0.3,0.15,0.15,2,0.6931471805599453,0.5,0.5065057571668298,1,0,0.6
0,0,1,1,1,29,0,1,21,21,44,0.3,0.1,0.3,0.15,0.15,2,0.6931471805599453,0.5,0.5293401069155922,1,0,0.5714285714285714
0,0,1,1,0,13,0,1,22,22,44,0.3,0.1,0.3,0.15,0.15,2,0.6931471805599453,0.5,0.4924540755662217,0,1,0.5909090909090909
1,0,1,0,0,6,1,1,23,23,44,0.3,0.1,0.3,0.15,0.15,2,0.6931471805599453,0.5,0.6526258472522679,1,1,0.6086956521739131
0,0,1,0,1,21,0,1,24,24,44,0.3,0.1,0.3,0.15,0.15,2,0.6931471805599453,0.5,0.4753814685462679,0,1,0.625
0,0,0,0,1,17,0,1,25,25,44,0.3,0.1,0.3,0.15,0.15,2,0.6931471805599453,0.5,0.28931042400662627,0,1,0.64
0,1,1,1,1,31,0,1,26,26,44,0.3,0.1,0.3,0.15,0.15,2,0.6931471805599453,0.5,0.49016860140619656,0,1,0.6538461538461539
0,1,1,0,0,7,0,1,27,27,44,0.3,0.1,0.3,0.15,0.15,2,0.6931471805599453,0.5,0.49326354059616784,0,1,0.6666666666666666
1,1,1,0,1,24,1,1,28,28,44,0.3,0.1,0.3,0.15,0.15,2,0.6931471805599453,0.5,0.6728898599274803,1,1,0.6785714285714286
1,1,0,0,1,20,0,1,29,29,44,0.3,0.1,0.3,0.15,0.15,2,0.6931471805599453,0.5,0.4927690532958526,1,0,0.6551724137931034
1,0,1,0,1,22,1,1,30,30,44,0.3,0.1,0.3,0.15,0.15,2,0.6931471805599453,0.5,0.6686706797268579,1,1,0.6666666666666666
1,0,1,1,0,14,1,1,31,31,44,0.3,0.1,0.3,0.15,0.15,2,0.6931471805599453,0.5,0.663232559293175,1,1,0.6774193548387096
0,1,0,0,0,3,0,1,32,32,44,0.3,0.1,0.3,0.15,0.15,2,0.6931471805599453,0.5,0.31124945332785153,0,1,0.6875
1,1,1,1,1,32,1,2,1,33,44,0.3,0.1,0.3,0.15,0.15,2,0.6931471805599453,0.5,0.6820014721782955,0,0,0.6666666666666666
0,0,1,1,1,29,0,2,2,34,44,0.3,0.1,0.3,0.15,0.15,2,0.6931471805599453,0.5,0.4760530108581418,0,1,0.6764705882352942
0,0,0,1,0,9,0,2,3,35,44,0.3,0.1,0.3,0.15,0.15,2,0.6931471805599453,0.5,0.2995767795849921,0,1,0.6857142857142857
0,0,1,0,1,21,0,2,4,36,44,0.3,0.1,0.3,0.15,0.15,2,0.6931471805599453,0.5,0.4632620276191651,0,1,0.6944444444444444
1,1,0,1,0,12,0,2,5,37,44,0.3,0.1,0.3,0.15,0.15,2,0.6931471805599453,0.5,0.48424978244171685,0,1,0.7027027027027027
0,0,1,1,0,13,0,2,6,38,44,0.3,0.1,0.3,0.15,0.15,2,0.6931471805599453,0.5,0.4596230077331337,0,1,0.7105263157894737
0,0,0,0,0,1,0,2,7,39,44,0.3,0.1,0.3,0.15,0.15,2,0.6931471805599453,0.5,0.29615200208207404,0,1,0.717948717948718
1,0,0,0,0,2,0,2,8,40,44,0.3,0.1,0.3,0.15,0.15,2,0.6931471805599453,0.5,0.4685235179331521,0,1,0.725
0,1,1,1,1,31,0,2,9,41,44,0.3,0.1,0.3,0.15,0.15,2,0.6931471805599453,0.5,0.48317963309526696,1,0,0.7073170731707317
1,0,1,0,1,22,1,2,10,42,44,0.3,0.1,0.3,0.15,0.15,2,0.6931471805599453,0.5,0.6777985687246936,0,0,0.6904761904761905
0,0,0,1,1,25,0,2,11,43,44,0.3,0.1,0.3,0.15,0.15,2,0.6931471805599453,0.5,0.3082244942922074,0,1,0.6976744186046512
0,1,1,0,1,23,0,2,12,44,44,0.3,0.1,0.3,0.15,0.15,2,0.6931471805599453,0.5,0.4764530139981964,0,1,0.7045454545454546
0,1,0,1,0,11,0,2,13,45,44,0.3,0.1,0.3,0.15,0.15,2,0.6931471805599453,0.5,0.29743019502791024,0,1,0.7111111111111111
1,1,1,1,0,16,1,2,14,46,44,0.3,0.1,0.3,0.15,0.15,2,0.6931471805599453,0.5,0.6760223500151331,0,0,0.6956521739130435
1,1,1,0,0,8,1,2,15,47,44,0.3,0.1,0.3,0.15,0.15,2,0.6931471805599453,0.5,0.6823299739968919,1,1,0.7021276595744681
0,1,1,0,0,7,0,2,16,48,44,0.3,0.1,0.3,0.15,0.15,2,0.6931471805599453,0.5,0.4720240263354646,0,1,0.7083333333333334
1,0,0,1,0,10,0,2,17,49,44,0.3,0.1,0.3,0.15,0.15,2,0.6931471805599453,0.5,0.47446026357072973,1,0,0.6938775510204082
1,1,0,0,1,20,0,2,18,50,44,0.3,0.1,0.3,0.15,0.15,2,0.6931471805599453,0.5,0.49685842280483855,1,0,0.68
1,1,1,0,1,24,1,2,19,51,44,0.3,0.1,0.3,0.15,0.15,2,0.6931471805599453,0.5,0.6846290038233357,1,1,0.6862745098039216
1,0,1,1,1,30,1,2,20,52,44,0.3,0.1,0.3,0.15,0.15,2,0.6931471805599453,0.5,0.674026294097536,1,1,0.6923076923076923
1,1,0,1,1,28,0,2,21,53,44,0.3,0.1,0.3,0.15,0.15,2,0.6931471805599453,0.5,0.48972058395864604,1,0,0.6792452830188679
0,1,1,1,0,15,0,2,22,54,44,0.3,0.1,0.3,0.15,0.15,2,0.6931471805599453,0.5,0.4649735642825883,1,0,0.6666666666666666
0,1,0,0,0,3,0,2,23,55,44,0.3,0.1,0.3,0.15,0.15,2,0.6931471805599453,0.5,0.3069519252407433,0,1,0.6727272727272727
1,0,1,0,0,6,1,2,24,56,44,0.3,0.1,0.3,0.15,0.15,2,0.6931471805599453,0.5,0.6735993164131701,1,1,0.6785714285714286
0,1,0,0,1,19,0,2,25,57,44,0.3,0.1,0.3,0.15,0.15,2,0.6931471805599453,0.5,0.31373758859458706,0,1,0.6842105263157895
1,1,0,0,0,4,0,2,26,58,44,0.3,0.1,0.3,0.15,0.15,2,0.6931471805599453,0.5,0.4783429213019967,0,1,0.6896551724137931
0,0,1,0,0,5,0,2,27,59,44,0.3,0.1,0.3,0.15,0.15,2,0.6931471805599453,0.5,0.4685109312212323,1,0,0.6779661016949152
1,0,0,1,1,26,0,2,28,60,44,0.3,0.1,0.3,0.15,0.15,2,0.6931471805599453,0.5,0.4819036626235759,0,1,0.6833333333333333
0,1,0,1,1,27,0,2,29,61,44,0.3,0.1,0.3,0.15,0.15,2,0.6931471805599453,0.5,0.3076380844859602,1,0,0.6721311475409836
1,0,1,1,0,14,1,2,30,62,44,0.3,0.1,0.3,0.15,0.15,2,0.6931471805599453,0.5,0.6727357133224595,0,0,0.6612903225806451
0,0,0,0,1,17,0,2,31,63,44,0.3,0.1,0.3,0.15,0.15,2,0.6931471805599453,0.5,0.30673669068465687,1,0,0.6507936507936508
1,0,0,0,1,18,0,2,32,64,44,0.3,0.1,0.3,0.15,0.15,2,0.6931471805599453,0.5,0.4781763585064558,0,1,0.65625
1,1,1,0,1,24,1,3,1,65,44,0.3,0.1,0.3,0.15,0.15,2,0.6931471805599453,0.5,0.6820014721782955,1,1,0.6615384615384615
1,0,1,0,0,6,1,3,2,66,44,0.3,0.1,0.3,0.15,0.15,2,0.6931471805599453,0.5,0.6804680057949406,1,1,0.6666666666666666
0,0,1,1,0,13,0,3,3,67,44,0.3,0.1,0.3,0.15,0.15,2,0.6931471805599453,0.5,0.4670897105763946,0,1,0.6716417910447762
0,1,1,1,0,15,0,3,4,68,44,0.3,0.1,0.3,0.15,0.15,2,0.6931471805599453,0.5,0.4617177684132214,1,0,0.6617647058823529
1,1,1,1,0,16,1,3,5,69,44,0.3,0.1,0.3,0.15,0.15,2,0.6931471805599453,0.5,0.673261568406301,1,1,0.6666666666666666
1,0,1,1,1,30,1,3,6,70,44,0.3,0.1,0.3,0.15,0.15,2,0.6931471805599453,0.5,0.6755493494374385,1,1,0.6714285714285714
0,0,0,0,0,1,0,3,7,71,44,0.3,0.1,0.3,0.15,0.15,2,0.6931471805599453,0.5,0.3031362348606803,1,0,0.6619718309859155
0,0,0,0,1,17,0,3,8,72,44,0.3,0.1,0.3,0.15,0.15,2,0.6931471805599453,0.5,0.302326769884447,0,1,0.6666666666666666
1,1,1,0,0,8,1,3,9,73,44,0.3,0.1,0.3,0.15,0.15,2,0.6931471805599453,0.5,0.6834181817398527,1,1,0.6712328767123288
0,1,1,0,0,7,0,3,10,74,44,0.3,0.1,0.3,0.15,0.15,2,0.6931471805599453,0.5,0.47128165361741725,0,1,0.6756756756756757
0,1,1,1,1,31,0,3,11,75,44,0.3,0.1,0.3,0.15,0.15,2,0.6931471805599453,0.5,0.46450511036615605,1,0,0.6666666666666666
1,0,0,1,0,10,0,3,12,76,44,0.3,0.1,0.3,0.15,0.15,2,0.6931471805599453,0.5,0.47965789112722224,0,1,0.6710526315789473
0,1,0,0,0,3,0,3,13,77,44,0.3,0.1,0.3,0.15,0.15,2,0.6931471805599453,0.5,0.3056765992226901,0,1,0.6753246753246753
0,0,1,0,0,5,0,3,14,78,44,0.3,0.1,0.3,0.15,0.15,2,0.6931471805599453,0.5,0.4645330206484577,1,0,0.6666666666666666
1,1,1,1,1,32,1,3,15,79,44,0.3,0.1,0.3,0.15,0.15,2,0.6931471805599453,0.5,0.682646268653701,1,1,0.6708860759493671
1,0,0,0,0,2,0,3,16,80,44,0.3,0.1,0.3,0.15,0.15,2,0.6931471805599453,0.5,0.4753166724402167,0,1,0.675
1,0,1,0,1,22,1,3,17,81,44,0.3,0.1,0.3,0.15,0.15,2,0.6931471805599453,0.5,0.6816177345801585,1,1,0.6790123456790124
1,1,0,1,0,12,0,3,18,82,44,0.3,0.1,0.3,0.15,0.15,2,0.6931471805599453,0.5,0.47561155573027863,1,0,0.6707317073170732
1,1,0,0,1,20,0,3,19,83,44,0.3,0.1,0.3,0.15,0.15,2,0.6931471805599453,0.5,0.484275933498611,1,0,0.6626506024096386
0,1,0,0,1,19,0,3,20,84,44,0.3,0.1,0.3,0.15,0.15,2,0.6931471805599453,0.5,0.3078816237096015,0,1,0.6666666666666666
1,1,0,1,1,28,0,3,21,85,44,0.3,0.1,0.3,0.15,0.15,2,0.6931471805599453,0.5,0.4789185599439095,1,0,0.6588235294117647
0,1,1,0,1,23,0,3,22,86,44,0.3,0.1,0.3,0.15,0.15,2,0.6931471805599453,0.5,0.4757342103070495,0,1,0.6627906976744186
0,0,0,1,0,9,0,3,23,87,44,0.3,0.1,0.3,0.15,0.15,2,0.6931471805599453,0.5,0.3009550743684743,0,1,0.6666666666666666
0,0,0,1,1,25,0,3,24,88,44,0.3,0.1,0.3,0.15,0.15,2,0.6931471805599453,0.5,0.3054357352617555,0,1,0.6704545454545454
1,0,0,0,1,18,0,3,25,89,44,0.3,0.1,0.3,0.15,0.15,2,0.6931471805599453,0.5,0.4774300650747236,1,0,0.6629213483146067
0,1,0,1,0,11,0,3,26,90,44,0.3,0.1,0.3,0.15,0.15,2,0.6931471805599453,0.5,0.3004673112204459,0,1,0.6666666666666666
1,0,0,1,1,26,0,3,27,91,44,0.3,0.1,0.3,0.15,0.15,2,0.6931471805599453,0.5,0.47270078996494813,1,0,0.6593406593406593
1,1,0,0,0,4,0,3,28,92,44,0.3,0.1,0.3,0.15,0.15,2,0.6931471805599453,0.5,0.4714907440162251,0,1,0.6630434782608695
0,1,0,1,1,27,0,3,29,93,44,0.3,0.1,0.3,0.15,0.15,2,0.6931471805599453,0.5,0.3043193949412308,0,1,0.6666666666666666
1,0,1,1,0,14,1,3,30,94,44,0.3,0.1,0.3,0.15,0.15,2,0.6931471805599453,0.5,0.6783212232455704,1,1,0.6702127659574468
0,0,1,1,1,29,0,3,31,95,44,0.3,0.1,0.3,0.15,0.15,2,0.6931471805599453,0.5,0.4784746900244838,1,0,0.6631578947368421
0,0,1,0,1,21,0,3,32,96,44,0.3,0.1,0.3,0.15,0.15,2,0.6931471805599453,0.5,0.47568786423311227,1,0,0.65625
1,0,1,1,0,14,1,1,1,1,45,0.3,0.1,0.3,0.15,0.15,2,0.6931471805599453,0.5,0.5,0,0,0
1,0,1,1,1,30,1,1,2,2,45,0.3,0.1,0.3,0.15,0.15,2,0.6931471805599453,0.5,0.5,1,1,0.5
1,0,0,1,1,26,0,1,3,3,45,0.3,0.1,0.3,0.15,0.15,2,0.6931471805599453,0.5,0.5,1,0,0.3333333333333333
1,1,0,1,0,12,0,1,4,4,45,0.3,0.1,0.3,0.15,0.15,2,0.6931471805599453,0.5,0.39202886431719874,0,1,0.5
0,0,0,0,0,1,0,1,5,5,45,0.3,0.1,0.3,0.15,0.15,2,0.6931471805599453,0.5,0.37988381124727355,0,1,0.6
1,1,0,1,1,28,0,1,6,6,45,0.3,0.1,0.3,0.15,0.15,2,0.6931471805599453,0.5,0.39379806447631444,1,0,0.5
0,0,1,1,0,13,0,1,7,7,45,0.3,0.1,0.3,0.15,0.15,2,0.6931471805599453,0.5,0.6434101052845683,0,1,0.5714285714285714
0,0,1,0,0,5,0,1,8,8,45,0.3,0.1,0.3,0.15,0.15,2,0.6931471805599453,0.5,0.4995006329227193,0,1,0.625
0,0,0,0,1,17,0,1,9,9,45,0.3,0.1,0.3,0.15,0.15,2,0.6931471805599453,0.5,0.32369924083322216,0,1,0.6666666666666666
1,0,1,0,1,22,1,1,10,10,45,0.3,0.1,0.3,0.15,0.15,2,0.6931471805599453,0.5,0.6705018096293986,0,0,0.6
1,1,1,1,1,32,1,1,11,11,45,0.3,0.1,0.3,0.15,0.15,2,0.6931471805599453,0.5,0.6731247603798793,0,0,0.5454545454545454
0,1,1,0,1,23,0,1,12,12,45,0.3,0.1,0.3,0.15,0.15,2,0.6931471805599453,0.5,0.5104367096972872,0,1,0.5833333333333334
0,1,0,1,0,11,0,1,13,13,45,0.3,0.1,0.3,0.15,0.15,2,0.6931471805599453,0.5,0.31490954486245437,1,0,0.5384615384615384
0,1,1,1,0,15,0,1,14,14,45,0.3,0.1,0.3,0.15,0.15,2,0.6931471805599453,0.5,0.45881581765001145,0,1,0.5714285714285714
1,1,0,0,1,20,0,1,15,15,45,0.3,0.1,0.3,0.15,0.15,2,0.6931471805599453,0.5,0.4880550559424642,0,1,0.6
1,1,1,0,1,24,1,1,16,16,45,0.3,0.1,0.3,0.15,0.15,2,0.6931471805599453,0.5,0.665598541286495,1,1,0.625
0,1,1,1,1,31,0,1,17,17,45,0.3,0.1,0.3,0.15,0.15,2,0.6931471805599453,0.5,0.5020617106121225,1,0,0.5882352941176471
0,0,1,1,1,29,0,1,18,18,45,0.3,0.1,0.3,0.15,0.15,2,0.6931471805599453,0.5,0.4937985558616368,0,1,0.6111111111111112
0,1,0,0,1,19,0,1,19,19,45,0.3,0.1,0.3,0.15,0.15,2,0.6931471805599453,0.5,0.33061076759414265,0,1,0.631578947368421
0,0,0,1,1,25,0,1,20,20,45,0.3,0.1,0.3,0.15,0.15,2,0.6931471805599453,0.5,0.33507898973650174,0,1,0.65
1,0,0,1,0,10,0,1,21,21,45,0.3,0.1,0.3,0.15,0.15,2,0.6931471805599453,0.5,0.4897914650358136,1,0,0.6190476190476191
1,0,1,0,0,6,1,1,22,22,45,0.3,0.1,0.3,0.15,0.15,2,0.6931471805599453,0.5,0.6709276784703432,1,1,0.6363636363636364
0,1,0,0,0,3,0,1,23,23,45,0.3,0.1,0.3,0.15,0.15,2,0.6931471805599453,0.5,0.29629012895024637,0,1,0.6521739130434783
1,0,0,0,1,18,0,1,24,24,45,0.3,0.1,0.3,0.15,0.15,2,0.6931471805599453,0.5,0.5072232943014439,1,0,0.625
0,0,0,1,0,9,0,1,25,25,45,0.3,0.1,0.3,0.15,0.15,2,0.6931471805599453,0.5,0.300837089359696,0,1,0.64
1,1,1,0,0,8,1,1,26,26,45,0.3,0.1,0.3,0.15,0.15,2,0.6931471805599453,0.5,0.6782464788166639,1,1,0.6538461538461539
1,1,1,1,0,16,1,1,27,27,45,0.3,0.1,0.3,0.15,0.15,2,0.6931471805599453,0.5,0.6677172907136162,1,1,0.6666666666666666
0,0,1,0,1,21,0,1,28,28,45,0.3,0.1,0.3,0.15,0.15,2,0.6931471805599453,0.5,0.47780906362933007,0,1,0.6785714285714286
0,1,0,1,1,27,0,1,29,29,45,0.3,0.1,0.3,0.15,0.15,2,0.6931471805599453,0.5,0.2993817189668753,1,0,0.6551724137931034
1,1,0,0,0,4,0,1,30,30,45,0.3,0.1,0.3,0.15,0.15,2,0.6931471805599453,0.5,0.4957427003905542,0,1,0.6666666666666666
0,1,1,0,0,7,0,1,31,31,45,0.3,0.1,0.3,0.15,0.15,2,0.6931471805599453,0.5,0.48171186799156795,1,0,0.6451612903225806
1,0,0,0,0,2,0,1,32,32,45,0.3,0.1,0.3,0.15,0.15,2,0.6931471805599453,0.5,0.48602516905783505,0,1,0.65625
1,0,1,1,1,30,1,2,1,33,45,0.3,0.1,0.3,0.15,0.15,2,0.6931471805599453,0.5,0.6820014721782955,1,1,0.6666666666666666
0,0,0,1,1,25,0,2,2,34,45,0.3,0.1,0.3,0.15,0.15,2,0.6931471805599453,0.5,0.31147242108531414,0,1,0.6764705882352942
0,1,1,1,0,15,0,2,3,35,45,0.3,0.1,0.3,0.15,0.15,2,0.6931471805599453,0.5,0.46972218296511237,0,1,0.6857142857142857
1,0,1,0,0,6,1,2,4,36,45,0.3,0.1,0.3,0.15,0.15,2,0.6931471805599453,0.5,0.680822373870629,1,1,0.6944444444444444
0,1,0,1,1,27,0,2,5,37,45,0.3,0.1,0.3,0.15,0.15,2,0.6931471805599453,0.5,0.2933942059324726,0,1,0.7027027027027027
1,1,0,1,0,12,0,2,6,38,45,0.3,0.1,0.3,0.15,0.15,2,0.6931471805599453,0.5,0.4699887696152231,1,0,0.6842105263157895
0,0,1,0,1,21,0,2,7,39,45,0.3,0.1,0.3,0.15,0.15,2,0.6931471805599453,0.5,0.4826137433667158,1,0,0.6666666666666666
0,1,1,1,1,31,0,2,8,40,45,0.3,0.1,0.3,0.15,0.15,2,0.6931471805599453,0.5,0.45807908201184666,1,0,0.65
1,1,1,1,1,32,1,2,9,41,45,0.3,0.1,0.3,0.15,0.15,2,0.6931471805599453,0.5,0.6714458531648868,1,1,0.6585365853658537
0,1,1,0,1,23,0,2,10,42,45,0.3,0.1,0.3,0.15,0.15,2,0.6931471805599453,0.5,0.4582595455348837,0,1,0.6666666666666666
1,0,1,1,0,14,1,2,11,43,45,0.3,0.1,0.3,0.15,0.15,2,0.6931471805599453,0.5,0.6839954769287916,1,1,0.6744186046511628
1,1,0,0,0,4,0,2,12,44,45,0.3,0.1,0.3,0.15,0.15,2,0.6931471805599453,0.5,0.47812556985807425,1,0,0.6590909090909091
1,0,0,1,1,26,0,2,13,45,45,0.3,0.1,0.3,0.15,0.15,2,0.6931471805599453,0.5,0.4908508174646437,1,0,0.6444444444444445
0,1,0,0,0,3,0,2,14,46,45,0.3,0.1,0.3,0.15,0.15,2,0.6931471805599453,0.5,0.30175068115731607,0,1,0.6521739130434783
0,0,1,1,1,29,0,2,15,47,45,0.3,0.1,0.3,0.15,0.15,2,0.6931471805599453,0.5,0.47469081174322975,1,0,0.6382978723404256
1,1,1,0,1,24,1,2,16,48,45,0.3,0.1,0.3,0.15,0.15,2,0.6931471805599453,0.5,0.6690693784056417,1,1,0.6458333333333334
1,1,1,0,0,8,1,2,17,49,45,0.3,0.1,0.3,0.15,0.15,2,0.6931471805599453,0.5,0.6757636771982358,1,1,0.6530612244897959
0,1,0,1,0,11,0,2,18,50,45,0.3,0.1,0.3,0.15,0.15,2,0.6931471805599453,0.5,0.30059044000976387,0,1,0.66
0,0,1,0,0,5,0,2,19,51,45,0.3,0.1,0.3,0.15,0.15,2,0.6931471805599453,0.5,0.47531549715052834,1,0,0.6470588235294118
0,0,0,1,0,9,0,2,20,52,45,0.3,0.1,0.3,0.15,0.15,2,0.6931471805599453,0.5,0.303174378938505,0,1,0.6538461538461539
1,0,0,0,0,2,0,2,21,53,45,0.3,0.1,0.3,0.15,0.15,2,0.6931471805599453,0.5,0.48841044250864823,1,0,0.6415094339622641
1,0,0,0,1,18,0,2,22,54,45,0.3,0.1,0.3,0.15,0.15,2,0.6931471805599453,0.5,0.48301555169597826,1,0,0.6296296296296297
1,0,1,0,1,22,1,2,23,55,45,0.3,0.1,0.3,0.15,0.15,2,0.6931471805599453,0.5,0.6790103512524472,1,1,0.6363636363636364
1,1,0,1,1,28,0,2,24,56,45,0.3,0.1,0.3,0.15,0.15,2,0.6931471805599453,0.5,0.47381348040306687,0,1,0.6428571428571429
0,0,0,0,1,17,0,2,25,57,45,0.3,0.1,0.3,0.15,0.15,2,0.6931471805599453,0.5,0.31219550153049086,0,1,0.6491228070175439
1,1,1,1,0,16,1,2,26,58,45,0.3,0.1,0.3,0.15,0.15,2,0.6931471805599453,0.5,0.675775628589441,1,1,0.6551724137931034
0,0,0,0,0,1,0,2,27,59,45,0.3,0.1,0.3,0.15,0.15,2,0.6931471805599453,0.5,0.3043490093878288,0,1,0.6610169491525424
1,0,0,1,0,10,0,2,28,60,45,0.3,0.1,0.3,0.15,0.15,2,0.6931471805599453,0.5,0.4716476109305683,0,1,0.6666666666666666
0,0,1,1,0,13,0,2,29,61,45,0.3,0.1,0.3,0.15,0.15,2,0.6931471805599453,0.5,0.47477326024553,1,0,0.6557377049180327
0,1,0,0,1,19,0,2,30,62,45,0.3,0.1,0.3,0.15,0.15,2,0.6931471805599453,0.5,0.30610902327267475,1,0,0.6451612903225806
1,1,0,0,1,20,0,2,31,63,45,0.3,0.1,0.3,0.15,0.15,2,0.6931471805599453,0.5,0.47569821768012843,1,0,0.6349206349206349
0,1,1,0,0,7,0,2,32,64,45,0.3,0.1,0.3,0.15,0.15,2,0.6931471805599453,0.5,0.4781763585064558,1,0,0.625
1,1,0,0,0,4,0,3,1,65,45,0.3,0.1,0.3,0.15,0.15,2,0.6931471805599453,0.5,0.47088883325735903,1,0,0.6153846153846154
0,0,0,0,1,17,0,3,2,66,45,0.3,0.1,0.3,0.15,0.15,2,0.6931471805599453,0.5,0.30240600494996095,0,1,0.6212121212121212
1,1,1,0,1,24,1,3,3,67,45,0.3,0.1,0.3,0.15,0.15,2,0.6931471805599453,0.5,0.6818571153472432,1,1,0.6268656716417911
0,1,1,1,0,15,0,3,4,68,45,0.3,0.1,0.3,0.15,0.15,2,0.6931471805599453,0.5,0.4723870643508285,0,1,0.6323529411764706
1,1,0,1,0,12,0,3,5,69,45,0.3,0.1,0.3,0.15,0.15,2,0.6931471805599453,0.5,0.46772940141885616,1,0,0.6231884057971014
1,0,0,1,1,26,0,3,6,70,45,0.3,0.1,0.3,0.15,0.15,2,0.6931471805599453,0.5,0.46974261735975026,0,1,0.6285714285714286
0,0,1,1,1,29,0,3,7,71,45,0.3,0.1,0.3,0.15,0.15,2,0.6931471805599453,0.5,0.4746346838915706,0,1,0.6338028169014085
0,0,1,1,0,13,0,3,8,72,45,0.3,0.1,0.3,0.15,0.15,2,0.6931471805599453,0.5,0.46613213390887864,1,0,0.625
0,1,0,0,1,19,0,3,9,73,45,0.3,0.1,0.3,0.15,0.15,2,0.6931471805599453,0.5,0.31177412989700287,0,1,0.6301369863013698
0,0,1,0,1,21,0,3,10,74,45,0.3,0.1,0.3,0.15,0.15,2,0.6931471805599453,0.5,0.4749021451975155,1,0,0.6216216216216216
1,1,0,0,1,20,0,3,11,75,45,0.3,0.1,0.3,0.15,0.15,2,0.6931471805599453,0.5,0.4794878715068017,0,1,0.6266666666666667
0,0,1,0,0,5,0,3,12,76,45,0.3,0.1,0.3,0.15,0.15,2,0.6931471805599453,0.5,0.4700901887682557,0,1,0.631578947368421
0,1,1,0,1,23,0,3,13,77,45,0.3,0.1,0.3,0.15,0.15,2,0.6931471805599453,0.5,0.4751753052189179,0,1,0.6363636363636364
1,0,0,1,0,10,0,3,14,78,45,0.3,0.1,0.3,0.15,0.15,2,0.6931471805599453,0.5,0.47207734842067234,1,0,0.6282051282051282
0,0,0,1,1,25,0,3,15,79,45,0.3,0.1,0.3,0.15,0.15,2,0.6931471805599453,0.5,0.3048084499498748,0,1,0.6329113924050633
1,0,1,0,0,6,1,3,16,80,45,0.3,0.1,0.3,0.15,0.15,2,0.6931471805599453,0.5,0.6780148465105202,0,0,0.625
1,0,0,0,1,18,0,3,17,81,45,0.3,0.1,0.3,0.15,0.15,2,0.6931471805599453,0.5,0.4753129419318667,0,1,0.6296296296296297
1,0,1,1,0,14,1,3,18,82,45,0.3,0.1,0.3,0.15,0.15,2,0.6931471805599453,0.5,0.6749369188936107,1,1,0.6341463414634146
1,0,1,0,1,22,1,3,19,83,45,0.3,0.1,0.3,0.15,0.15,2,0.6931471805599453,0.5,0.6763588836884238,0,0,0.6265060240963856
1,0,0,0,0,2,0,3,20,84,45,0.3,0.1,0.3,0.15,0.15,2,0.6931471805599453,0.5,0.47675488658666304,0,1,0.6309523809523809
0,1,0,0,0,3,0,3,21,85,45,0.3,0.1,0.3,0.15,0.15,2,0.6931471805599453,0.5,0.3084055598168925,1,0,0.6235294117647059
1,0,1,1,1,30,1,3,22,86,45,0.3,0.1,0.3,0.15,0.15,2,0.6931471805599453,0.5,0.6771567409239225,1,1,0.627906976744186
0,0,0,1,0,9,0,3,23,87,45,0.3,0.1,0.3,0.15,0.15,2,0.6931471805599453,0.5,0.3070108073659286,0,1,0.632183908045977
1,1,1,1,1,32,1,3,24,88,45,0.3,0.1,0.3,0.15,0.15,2,0.6931471805599453,0.5,0.6799771681123858,1,1,0.6363636363636364
1,1,1,1,0,16,1,3,25,89,45,0.3,0.1,0.3,0.15,0.15,2,0.6931471805599453,0.5,0.6767149814030674,1,1,0.6404494382022472
0,1,0,1,0,11,0,3,26,90,45,0.3,0.1,0.3,0.15,0.15,2,0.6931471805599453,0.5,0.3049246559070925,1,0,0.6333333333333333
0,1,0,1,1,27,0,3,27,91,45,0.3,0.1,0.3,0.15,0.15,2,0.6931471805599453,0.5,0.3058326673989081,0,1,0.6373626373626373
1,1,1,0,0,8,1,3,28,92,45,0.3,0.1,0.3,0.15,0.15,2,0.6931471805599453,0.5,0.6788167343042922,0,0,0.6304347826086957
0,1,1,1,1,31,0,3,29,93,45,0.3,0.1,0.3,0.15,0.15,2,0.6931471805599453,0.5,0.4743394446946346,0,1,0.6344086021505376
1,1,0,1,1,28,0,3,30,94,45,0.3,0.1,0.3,0.15,0.15,2,0.6931471805599453,0.5,0.4720590295177983,1,0,0.6276595744680851
0,1,1,0,0,7,0,3,31,95,45,0.3,0.1,0.3,0.15,0.15,2,0.6931471805599453,0.5,0.47596655255947995,0,1,0.631578947368421
0,0,0,0,0,1,0,3,32,96,45,0.3,0.1,0.3,0.15,0.15,2,0.6931471805599453,0.5,0.3042960805738651,1,0,0.625
0,1,1,1,0,15,0,1,1,1,46,0.3,0.1,0.3,0.15,0.15,4,1.3862943611198906,0.5,0.5,1,0,0
1,1,0,1,1,28,0,1,2,2,46,0.3,0.1,0.3,0.15,0.15,4,1.3862943611198906,0.5,0.5,1,0,0
1,0,0,0,1,18,0,1,3,3,46,0.3,0.1,0.3,0.15,0.15,4,1.3862943611198906,0.5,0.5,0,1,0.3333333333333333
0,0,0,0,0,1,0,1,4,4,46,0.3,0.1,0.3,0.15,0.15,4,1.3862943611198906,0.5,0.5,0,1,0.5
1,1,1,1,1,32,1,1,5,5,46,0.3,0.1,0.3,0.15,0.15,4,1.3862943611198906,0.5,0.5,1,1,0.6
0,0,1,0,1,21,0,1,6,6,46,0.3,0.1,0.3,0.15,0.15,4,1.3862943611198906,0.5,0.4742782054922811,0,1,0.6666666666666666
1,1,1,0,1,24,1,1,7,7,46,0.3,0.1,0.3,0.15,0.15,4,1.3862943611198906,0.5,0.7983315451761035,0,0,0.5714285714285714
1,0,0,1,0,10,0,1,8,8,46,0.3,0.1,0.3,0.15,0.15,4,1.3862943611198906,0.5,0.3174402900750169,1,0,0.5
0,1,1,0,0,7,0,1,9,9,46,0.3,0.1,0.3,0.15,0.15,4,1.3862943611198906,0.5,0.3877655749076046,0,1,0.5555555555555556
1,0,1,0,0,6,1,1,10,10,46,0.3,0.1,0.3,0.15,0.15,4,1.3862943611198906,0.5,0.6750122574303421,1,1,0.6
0,0,0,0,1,17,0,1,11,11,46,0.3,0.1,0.3,0.15,0.15,4,1.3862943611198906,0.5,0.18058226989492226,0,1,0.6363636363636364
0,1,0,0,0,3,0,1,12,12,46,0.3,0.1,0.3,0.15,0.15,4,1.3862943611198906,0.5,0.16021410841333072,0,1,0.6666666666666666
1,0,1,1,1,30,1,1,13,13,46,0.3,0.1,0.3,0.15,0.15,4,1.3862943611198906,0.5,0.8063756500047283,1,1,0.6923076923076923
1,1,0,1,0,12,0,1,14,14,46,0.3,0.1,0.3,0.15,0.15,4,1.3862943611198906,0.5,0.35924564035792256,0,1,0.7142857142857143
1,1,0,0,0,4,0,1,15,15,46,0.3,0.1,0.3,0.15,0.15,4,1.3862943611198906,0.5,0.3533205709093191,1,0,0.6666666666666666
0,1,0,0,1,19,0,1,16,16,46,0.3,0.1,0.3,0.15,0.15,4,1.3862943611198906,0.5,0.1727678214108704,1,0,0.625
0,0,0,1,0,9,0,1,17,17,46,0.3,0.1,0.3,0.15,0.15,4,1.3862943611198906,0.5,0.14674318082023147,1,0,0.5882352941176471
0,1,1,1,1,31,0,1,18,18,46,0.3,0.1,0.3,0.15,0.15,4,1.3862943611198906,0.5,0.5434559940757965,0,1,0.6111111111111112
0,0,0,1,1,25,0,1,19,19,46,0.3,0.1,0.3,0.15,0.15,4,1.3862943611198906,0.5,0.18784312547123225,0,1,0.631578947368421
0,0,1,1,1,29,0,1,20,20,46,0.3,0.1,0.3,0.15,0.15,4,1.3862943611198906,0.5,0.4771725373744257,0,1,0.65
1,0,1,0,1,22,1,1,21,21,46,0.3,0.1,0.3,0.15,0.15,4,1.3862943611198906,0.5,0.8311946131505513,1,1,0.6666666666666666
1,1,0,0,1,20,0,1,22,22,46,0.3,0.1,0.3,0.15,0.15,4,1.3862943611198906,0.5,0.45271475721790866,0,1,0.6818181818181818
1,0,1,1,0,14,1,1,23,23,46,0.3,0.1,0.3,0.15,0.15,4,1.3862943611198906,0.5,0.7857487415838931,0,0,0.6521739130434783
1,0,0,1,1,26,0,1,24,24,46,0.3,0.1,0.3,0.15,0.15,4,1.3862943611198906,0.5,0.4322386988718714,0,1,0.6666666666666666
0,1,1,0,1,23,0,1,25,25,46,0.3,0.1,0.3,0.15,0.15,4,1.3862943611198906,0.5,0.43413448267744137,0,1,0.68
1,1,1,0,0,8,1,1,26,26,46,0.3,0.1,0.3,0.15,0.15,4,1.3862943611198906,0.5,0.7807784879161107,1,1,0.6923076923076923
0,0,1,0,0,5,0,1,27,27,46,0.3,0.1,0.3,0.15,0.15,4,1.3862943611198906,0.5,0.44132431967211194,1,0,0.6666666666666666
0,0,1,1,0,13,0,1,28,28,46,0.3,0.1,0.3,0.15,0.15,4,1.3862943611198906,0.5,0.40520531508442953,0,1,0.6785714285714286
1,0,0,0,0,2,0,1,29,29,46,0.3,0.1,0.3,0.15,0.15,4,1.3862943611198906,0.5,0.4273786735532092,1,0,0.6551724137931034
0,1,0,1,0,11,0,1,30,30,46,0.3,0.1,0.3,0.15,0.15,4,1.3862943611198906,0.5,0.14964073311800338,1,0,0.6333333333333333
1,1,1,1,0,16,1,1,31,31,46,0.3,0.1,0.3,0.15,0.15,4,1.3862943611198906,0.5,0.7836608271604968,1,1,0.6451612903225806
0,1,0,1,1,27,0,1,32,32,46,0.3,0.1,0.3,0.15,0.15,4,1.3862943611198906,0.5,0.16163228320851403,0,1,0.65625
0,1,0,1,1,27,0,2,1,33,46,0.3,0.1,0.3,0.15,0.15,4,1.3862943611198906,0.5,0.14518416694881078,0,1,0.6666666666666666
0,0,0,1,1,25,0,2,2,34,46,0.3,0.1,0.3,0.15,0.15,4,1.3862943611198906,0.5,0.1380755167931654,0,1,0.6764705882352942
1,1,0,1,0,12,0,2,3,35,46,0.3,0.1,0.3,0.15,0.15,4,1.3862943611198906,0.5,0.401229843538442,0,1,0.6857142857142857
1,0,0,1,0,10,0,2,4,36,46,0.3,0.1,0.3,0.15,0.15,4,1.3862943611198906,0.5,0.38437283166703395,0,1,0.6944444444444444
1,0,0,0,0,2,0,2,5,37,46,0.3,0.1,0.3,0.15,0.15,4,1.3862943611198906,0.5,0.388609909446298,1,0,0.6756756756756757
0,1,1,0,0,7,0,2,6,38,46,0.3,0.1,0.3,0.15,0.15,4,1.3862943611198906,0.5,0.4269141955305318,1,0,0.6578947368421053
1,1,1,1,1,32,1,2,7,39,46,0.3,0.1,0.3,0.15,0.15,4,1.3862943611198906,0.5,0.8174118885971953,0,0,0.6410256410256411
0,1,0,1,0,11,0,2,8,40,46,0.3,0.1,0.3,0.15,0.15,4,1.3862943611198906,0.5,0.1451018907752576,0,1,0.65
1,0,1,1,1,30,1,2,9,41,46,0.3,0.1,0.3,0.15,0.15,4,1.3862943611198906,0.5,0.826168533401709,0,0,0.6341463414634146
0,0,1,0,1,21,0,2,10,42,46,0.3,0.1,0.3,0.15,0.15,4,1.3862943611198906,0.5,0.4188904882771173,1,0,0.6190476190476191
0,1,1,1,0,15,0,2,11,43,46,0.3,0.1,0.3,0.15,0.15,4,1.3862943611198906,0.5,0.400947327575621,0,1,0.627906976744186
0,0,1,0,0,5,0,2,12,44,46,0.3,0.1,0.3,0.15,0.15,4,1.3862943611198906,0.5,0.37098415216386804,0,1,0.6363636363636364
0,0,0,0,0,1,0,2,13,45,46,0.3,0.1,0.3,0.15,0.15,4,1.3862943611198906,0.5,0.13856387778500828,1,0,0.6222222222222222
1,1,0,1,1,28,0,2,14,46,46,0.3,0.1,0.3,0.15,0.15,4,1.3862943611198906,0.5,0.4420539109131367,1,0,0.6086956521739131
0,0,0,1,0,9,0,2,15,47,46,0.3,0.1,0.3,0.15,0.15,4,1.3862943611198906,0.5,0.13967334641321888,0,1,0.6170212765957447
1,0,1,0,0,6,1,2,16,48,46,0.3,0.1,0.3,0.15,0.15,4,1.3862943611198906,0.5,0.790813189578163,1,1,0.625
1,1,1,1,0,16,1,2,17,49,46,0.3,0.1,0.3,0.15,0.15,4,1.3862943611198906,0.5,0.7995350077455533,1,1,0.6326530612244898
1,1,0,0,0,4,0,2,18,50,46,0.3,0.1,0.3,0.15,0.15,4,1.3862943611198906,0.5,0.3897765949036714,1,0,0.62
1,0,1,0,1,22,1,2,19,51,46,0.3,0.1,0.3,0.15,0.15,4,1.3862943611198906,0.5,0.8130244358077968,0,0,0.6078431372549019
0,0,0,0,1,17,0,2,20,52,46,0.3,0.1,0.3,0.15,0.15,4,1.3862943611198906,0.5,0.15613317206061897,0,1,0.6153846153846154
1,1,1,0,1,24,1,2,21,53,46,0.3,0.1,0.3,0.15,0.15,4,1.3862943611198906,0.5,0.8186627215497835,0,0,0.6037735849056604
0,1,1,0,1,23,0,2,22,54,46,0.3,0.1,0.3,0.15,0.15,4,1.3862943611198906,0.5,0.4209020231190119,0,1,0.6111111111111112
1,0,0,1,1,26,0,2,23,55,46,0.3,0.1,0.3,0.15,0.15,4,1.3862943611198906,0.5,0.4135118624261023,0,1,0.6181818181818182
1,0,0,0,1,18,0,2,24,56,46,0.3,0.1,0.3,0.15,0.15,4,1.3862943611198906,0.5,0.4169081777722935,0,1,0.625
1,0,1,1,0,14,1,2,25,57,46,0.3,0.1,0.3,0.15,0.15,4,1.3862943611198906,0.5,0.8038645126806085,1,1,0.631578947368421
0,0,1,1,1,29,0,2,26,58,46,0.3,0.1,0.3,0.15,0.15,4,1.3862943611198906,0.5,0.43007750138181383,1,0,0.6206896551724138
0,1,0,0,1,19,0,2,27,59,46,0.3,0.1,0.3,0.15,0.15,4,1.3862943611198906,0.5,0.15278368423555438,0,1,0.6271186440677966
1,1,1,0,0,8,1,2,28,60,46,0.3,0.1,0.3,0.15,0.15,4,1.3862943611198906,0.5,0.8014512486841766,1,1,0.6333333333333333
0,1,0,0,0,3,0,2,29,61,46,0.3,0.1,0.3,0.15,0.15,4,1.3862943611198906,0.5,0.14838183480067868,0,1,0.639344262295082
0,0,1,1,0,13,0,2,30,62,46,0.3,0.1,0.3,0.15,0.15,4,1.3862943611198906,0.5,0.41001559183741854,0,1,0.6451612903225806
0,1,1,1,1,31,0,2,31,63,46,0.3,0.1,0.3,0.15,0.15,4,1.3862943611198906,0.5,0.4071446286195388,1,0,0.6349206349206349
1,1,0,0,1,20,0,2,32,64,46,0.3,0.1,0.3,0.15,0.15,4,1.3862943611198906,0.5,0.4111554275864035,1,0,0.625
1,1,0,1,1,28,0,3,1,65,46,0.3,0.1,0.3,0.15,0.15,4,1.3862943611198906,0.5,0.39363305696327067,1,0,0.6153846153846154
1,1,1,1,0,16,1,3,2,66,46,0.3,0.1,0.3,0.15,0.15,4,1.3862943611198906,0.5,0.810993237363051,1,1,0.6212121212121212
1,1,0,0,1,20,0,3,3,67,46,0.3,0.1,0.3,0.15,0.15,4,1.3862943611198906,0.5,0.3814955383173753,1,0,0.6119402985074627
1,0,0,0,1,18,0,3,4,68,46,0.3,0.1,0.3,0.15,0.15,4,1.3862943611198906,0.5,0.37379196016418603,0,1,0.6176470588235294
1,0,1,1,0,14,1,3,5,69,46,0.3,0.1,0.3,0.15,0.15,4,1.3862943611198906,0.5,0.8174802028282732,1,1,0.6231884057971014
0,0,1,0,0,5,0,3,6,70,46,0.3,0.1,0.3,0.15,0.15,4,1.3862943611198906,0.5,0.4037240578245908,1,0,0.6142857142857143
1,0,1,0,0,6,1,3,7,71,46,0.3,0.1,0.3,0.15,0.15,4,1.3862943611198906,0.5,0.806433585937629,0,0,0.6056338028169014
1,0,1,1,1,30,1,3,8,72,46,0.3,0.1,0.3,0.15,0.15,4,1.3862943611198906,0.5,0.8049263505850933,0,0,0.5972222222222222
0,0,1,1,1,29,0,3,9,73,46,0.3,0.1,0.3,0.15,0.15,4,1.3862943611198906,0.5,0.4085479905870887,1,0,0.589041095890411
1,0,0,1,0,10,0,3,10,74,46,0.3,0.1,0.3,0.15,0.15,4,1.3862943611198906,0.5,0.41511614743527026,0,1,0.5945945945945946
1,1,0,0,0,4,0,3,11,75,46,0.3,0.1,0.3,0.15,0.15,4,1.3862943611198906,0.5,0.3834222586285089,1,0,0.5866666666666667
0,1,0,0,0,3,0,3,12,76,46,0.3,0.1,0.3,0.15,0.15,4,1.3862943611198906,0.5,0.14977278698732877,0,1,0.5921052631578947
0,1,0,0,1,19,0,3,13,77,46,0.3,0.1,0.3,0.15,0.15,4,1.3862943611198906,0.5,0.13942884424719285,0,1,0.5974025974025974
1,0,0,0,0,2,0,3,14,78,46,0.3,0.1,0.3,0.15,0.15,4,1.3862943611198906,0.5,0.3868124361305909,0,1,0.6025641025641025
1,0,0,1,1,26,0,3,15,79,46,0.3,0.1,0.3,0.15,0.15,4,1.3862943611198906,0.5,0.3882264537163917,0,1,0.6075949367088608
1,1,1,0,1,24,1,3,16,80,46,0.3,0.1,0.3,0.15,0.15,4,1.3862943611198906,0.5,0.795133591577602,1,1,0.6125
0,0,0,1,1,25,0,3,17,81,46,0.3,0.1,0.3,0.15,0.15,4,1.3862943611198906,0.5,0.15349365024831158,0,1,0.6172839506172839
0,0,1,1,0,13,0,3,18,82,46,0.3,0.1,0.3,0.15,0.15,4,1.3862943611198906,0.5,0.42302868855563575,0,1,0.6219512195121951
0,1,1,0,1,23,0,3,19,83,46,0.3,0.1,0.3,0.15,0.15,4,1.3862943611198906,0.5,0.40818053333307214,0,1,0.6265060240963856
0,1,1,1,0,15,0,3,20,84,46,0.3,0.1,0.3,0.15,0.15,4,1.3862943611198906,0.5,0.4138758016647315,0,1,0.6309523809523809
1,0,1,0,1,22,1,3,21,85,46,0.3,0.1,0.3,0.15,0.15,4,1.3862943611198906,0.5,0.8038599622781168,1,1,0.6352941176470588
1,1,1,0,0,8,1,3,22,86,46,0.3,0.1,0.3,0.15,0.15,4,1.3862943611198906,0.5,0.8045130555576206,1,1,0.6395348837209303
0,0,0,1,0,9,0,3,23,87,46,0.3,0.1,0.3,0.15,0.15,4,1.3862943611198906,0.5,0.1543909645511094,0,1,0.6436781609195402
0,1,1,1,1,31,0,3,24,88,46,0.3,0.1,0.3,0.15,0.15,4,1.3862943611198906,0.5,0.3911906953703267,0,1,0.6477272727272727
0,1,1,0,0,7,0,3,25,89,46,0.3,0.1,0.3,0.15,0.15,4,1.3862943611198906,0.5,0.4035298035473983,1,0,0.6404494382022472
0,1,0,1,0,11,0,3,26,90,46,0.3,0.1,0.3,0.15,0.15,4,1.3862943611198906,0.5,0.15107444538889603,1,0,0.6333333333333333
0,1,0,1,1,27,0,3,27,91,46,0.3,0.1,0.3,0.15,0.15,4,1.3862943611198906,0.5,0.14326747031396586,0,1,0.6373626373626373
1,1,0,1,0,12,0,3,28,92,46,0.3,0.1,0.3,0.15,0.15,4,1.3862943611198906,0.5,0.3966073804057778,0,1,0.6413043478260869
0,0,0,0,1,17,0,3,29,93,46,0.3,0.1,0.3,0.15,0.15,4,1.3862943611198906,0.5,0.15407554672818322,0,1,0.6451612903225806
0,0,0,0,0,1,0,3,30,94,46,0.3,0.1,0.3,0.15,0.15,4,1.3862943611198906,0.5,0.15277161185467225,0,1,0.648936170212766
1,1,1,1,1,32,1,3,31,95,46,0.3,0.1,0.3,0.15,0.15,4,1.3862943611198906,0.5,0.8053836992111972,1,1,0.6526315789473685
0,0,1,0,1,21,0,3,32,96,46,0.3,0.1,0.3,0.15,0.15,4,1.3862943611198906,0.5,0.40506042345326626,0,1,0.65625
0,0,1,0,1,21,0,1,1,1,47,0.3,0.1,0.3,0.15,0.15,4,1.3862943611198906,0.5,0.5,1,0,0
0,0,0,0,0,1,0,1,2,2,47,0.3,0.1,0.3,0.15,0.15,4,1.3862943611198906,0.5,0.5,0,1,0.5
1,1,1,0,0,8,1,1,3,3,47,0.3,0.1,0.3,0.15,0.15,4,1.3862943611198906,0.5,0.5,0,0,0.3333333333333333
1,1,0,0,1,20,0,1,4,4,47,0.3,0.1,0.3,0.15,0.15,4,1.3862943611198906,0.5,0.6582846216719415,1,0,0.25
1,0,0,1,1,26,0,1,5,5,47,0.3,0.1,0.3,0.15,0.15,4,1.3862943611198906,0.5,0.2640797899836711,0,1,0.4
1,1,0,1,1,28,0,1,6,6,47,0.3,0.1,0.3,0.15,0.15,4,1.3862943611198906,0.5,0.2164864960895482,0,1,0.5
0,1,0,0,0,3,0,1,7,7,47,0.3,0.1,0.3,0.15,0.15,4,1.3862943611198906,0.5,0.2923481205744347,0,1,0.5714285714285714
1,0,1,0,0,6,1,1,8,8,47,0.3,0.1,0.3,0.15,0.15,4,1.3862943611198906,0.5,0.8741255780113463,1,1,0.625
1,0,0,0,0,2,0,1,9,9,47,0.3,0.1,0.3,0.15,0.15,4,1.3862943611198906,0.5,0.5145620049187709,1,0,0.5555555555555556
0,0,1,1,0,13,0,1,10,10,47,0.3,0.1,0.3,0.15,0.15,4,1.3862943611198906,0.5,0.5701503181942136,0,1,0.6
0,1,1,1,0,15,0,1,11,11,47,0.3,0.1,0.3,0.15,0.15,4,1.3862943611198906,0.5,0.4608259620755181,1,0,0.5454545454545454
0,1,0,1,0,11,0,1,12,12,47,0.3,0.1,0.3,0.15,0.15,4,1.3862943611198906,0.5,0.16044231616719393,1,0,0.5
1,1,1,1,1,32,1,1,13,13,47,0.3,0.1,0.3,0.15,0.15,4,1.3862943611198906,0.5,0.6749299160577831,1,1,0.5384615384615384
1,0,1,1,1,30,1,1,14,14,47,0.3,0.1,0.3,0.15,0.15,4,1.3862943611198906,0.5,0.7615009187262961,1,1,0.5714285714285714
0,1,0,1,1,27,0,1,15,15,47,0.3,0.1,0.3,0.15,0.15,4,1.3862943611198906,0.5,0.18524321971290822,0,1,0.6
1,1,0,0,0,4,0,1,16,16,47,0.3,0.1,0.3,0.15,0.15,4,1.3862943611198906,0.5,0.40931670918422497,0,1,0.625
1,0,0,0,1,18,0,1,17,17,47,0.3,0.1,0.3,0.15,0.15,4,1.3862943611198906,0.5,0.3491730876426308,1,0,0.5882352941176471
1,1,1,1,0,16,1,1,18,18,47,0.3,0.1,0.3,0.15,0.15,4,1.3862943611198906,0.5,0.7998201011320536,1,1,0.6111111111111112
0,0,1,1,1,29,0,1,19,19,47,0.3,0.1,0.3,0.15,0.15,4,1.3862943611198906,0.5,0.4738151131854898,0,1,0.631578947368421
0,0,0,1,1,25,0,1,20,20,47,0.3,0.1,0.3,0.15,0.15,4,1.3862943611198906,0.5,0.16722636018322115,0,1,0.65
0,1,1,0,0,7,0,1,21,21,47,0.3,0.1,0.3,0.15,0.15,4,1.3862943611198906,0.5,0.4874209494493537,0,1,0.6666666666666666
0,0,0,1,0,9,0,1,22,22,47,0.3,0.1,0.3,0.15,0.15,4,1.3862943611198906,0.5,0.15128926816372368,1,0,0.6363636363636364
1,0,1,1,0,14,1,1,23,23,47,0.3,0.1,0.3,0.15,0.15,4,1.3862943611198906,0.5,0.8181971197061481,1,1,0.6521739130434783
1,1,1,0,1,24,1,1,24,24,47,0.3,0.1,0.3,0.15,0.15,4,1.3862943611198906,0.5,0.777289107905481,1,1,0.6666666666666666
0,1,1,1,1,31,0,1,25,25,47,0.3,0.1,0.3,0.15,0.15,4,1.3862943611198906,0.5,0.43429719755632257,1,0,0.64
1,0,0,1,0,10,0,1,26,26,47,0.3,0.1,0.3,0.15,0.15,4,1.3862943611198906,0.5,0.4376885783662029,1,0,0.6153846153846154
0,0,1,0,0,5,0,1,27,27,47,0.3,0.1,0.3,0.15,0.15,4,1.3862943611198906,0.5,0.42026189038260803,0,1,0.6296296296296297
0,1,0,0,1,19,0,1,28,28,47,0.3,0.1,0.3,0.15,0.15,4,1.3862943611198906,0.5,0.16557422015202827,0,1,0.6428571428571429
1,0,1,0,1,22,1,1,29,29,47,0.3,0.1,0.3,0.15,0.15,4,1.3862943611198906,0.5,0.7882129882064829,1,1,0.6551724137931034
0,1,1,0,1,23,0,1,30,30,47,0.3,0.1,0.3,0.15,0.15,4,1.3862943611198906,0.5,0.4215003961296473,0,1,0.6666666666666666
1,1,0,1,0,12,0,1,31,31,47,0.3,0.1,0.3,0.15,0.15,4,1.3862943611198906,0.5,0.42357866576099734,1,0,0.6451612903225806
0,0,0,0,1,17,0,1,32,32,47,0.3,0.1,0.3,0.15,0.15,4,1.3862943611198906,0.5,0.16163228320851403,0,1,0.65625
1,0,1,1,1,30,1,2,1,33,47,0.3,0.1,0.3,0.15,0.15,4,1.3862943611198906,0.5,0.8123242857533166,1,1,0.6666666666666666
0,1,0,1,1,27,0,2,2,34,47,0.3,0.1,0.3,0.15,0.15,4,1.3862943611198906,0.5,0.14982476015963572,0,1,0.6764705882352942
0,0,1,0,1,21,0,2,3,35,47,0.3,0.1,0.3,0.15,0.15,4,1.3862943611198906,0.5,0.40123237326642347,0,1,0.6857142857142857
0,1,1,1,1,31,0,2,4,36,47,0.3,0.1,0.3,0.15,0.15,4,1.3862943611198906,0.5,0.3945044775587028,1,0,0.6666666666666666
1,0,0,1,0,10,0,2,5,37,47,0.3,0.1,0.3,0.15,0.15,4,1.3862943611198906,0.5,0.4172709632066158,1,0,0.6486486486486487
1,1,1,0,1,24,1,2,6,38,47,0.3,0.1,0.3,0.15,0.15,4,1.3862943611198906,0.5,0.8070013176777497,0,0,0.631578947368421
1,1,1,1,1,32,1,2,7,39,47,0.3,0.1,0.3,0.15,0.15,4,1.3862943611198906,0.5,0.8118733367919398,1,1,0.6410256410256411
0,0,0,1,0,9,0,2,8,40,47,0.3,0.1,0.3,0.15,0.15,4,1.3862943611198906,0.5,0.1396582557152563,0,1,0.65
1,1,0,0,1,20,0,2,9,41,47,0.3,0.1,0.3,0.15,0.15,4,1.3862943611198906,0.5,0.43474066678555157,0,1,0.6585365853658537
0,1,1,1,0,15,0,2,10,42,47,0.3,0.1,0.3,0.15,0.15,4,1.3862943611198906,0.5,0.3875209148911879,0,1,0.6666666666666666
0,0,0,0,1,17,0,2,11,43,47,0.3,0.1,0.3,0.15,0.15,4,1.3862943611198906,0.5,0.15402297889292763,0,1,0.6744186046511628
1,1,1,0,0,8,1,2,12,44,47,0.3,0.1,0.3,0.15,0.15,4,1.3862943611198906,0.5,0.8072373930309139,1,1,0.6818181818181818
0,0,1,1,0,13,0,2,13,45,47,0.3,0.1,0.3,0.15,0.15,4,1.3862943611198906,0.5,0.3695119771135486,0,1,0.6888888888888889
0,1,1,0,0,7,0,2,14,46,47,0.3,0.1,0.3,0.15,0.15,4,1.3862943611198906,0.5,0.39901812363312666,0,1,0.6956521739130435
1,0,0,1,1,26,0,2,15,47,47,0.3,0.1,0.3,0.15,0.15,4,1.3862943611198906,0.5,0.42412618821841264,0,1,0.7021276595744681
1,1,0,0,0,4,0,2,16,48,47,0.3,0.1,0.3,0.15,0.15,4,1.3862943611198906,0.5,0.4235924626701723,0,1,0.7083333333333334
1,0,1,0,0,6,1,2,17,49,47,0.3,0.1,0.3,0.15,0.15,4,1.3862943611198906,0.5,0.7997391832214368,1,1,0.7142857142857143
1,0,1,1,0,14,1,2,18,50,47,0.3,0.1,0.3,0.15,0.15,4,1.3862943611198906,0.5,0.792456276517836,1,1,0.72
1,0,1,0,1,22,1,2,19,51,47,0.3,0.1,0.3,0.15,0.15,4,1.3862943611198906,0.5,0.8076486708740739,1,1,0.7254901960784313
1,0,0,0,1,18,0,2,20,52,47,0.3,0.1,0.3,0.15,0.15,4,1.3862943611198906,0.5,0.40865773081894885,0,1,0.7307692307692307
0,0,0,0,0,1,0,2,21,53,47,0.3,0.1,0.3,0.15,0.15,4,1.3862943611198906,0.5,0.15741024811538834,0,1,0.7358490566037735
0,0,0,1,1,25,0,2,22,54,47,0.3,0.1,0.3,0.15,0.15,4,1.3862943611198906,0.5,0.14948910087822903,0,1,0.7407407407407407
1,0,0,0,0,2,0,2,23,55,47,0.3,0.1,0.3,0.15,0.15,4,1.3862943611198906,0.5,0.39924176137194717,0,1,0.7454545454545455
0,0,1,1,1,29,0,2,24,56,47,0.3,0.1,0.3,0.15,0.15,4,1.3862943611198906,0.5,0.4026974300705947,0,1,0.75
1,1,1,1,0,16,1,2,25,57,47,0.3,0.1,0.3,0.15,0.15,4,1.3862943611198906,0.5,0.8024845855708959,0,0,0.7368421052631579
0,1,0,1,0,11,0,2,26,58,47,0.3,0.1,0.3,0.15,0.15,4,1.3862943611198906,0.5,0.15287354564721825,0,1,0.7413793103448276
0,1,1,0,1,23,0,2,27,59,47,0.3,0.1,0.3,0.15,0.15,4,1.3862943611198906,0.5,0.40670166708127126,0,1,0.7457627118644068
0,0,1,0,0,5,0,2,28,60,47,0.3,0.1,0.3,0.15,0.15,4,1.3862943611198906,0.5,0.39853015200475694,1,0,0.7333333333333333
0,1,0,0,1,19,0,2,29,61,47,0.3,0.1,0.3,0.15,0.15,4,1.3862943611198906,0.5,0.15336774501844355,0,1,0.7377049180327869
1,1,0,1,1,28,0,2,30,62,47,0.3,0.1,0.3,0.15,0.15,4,1.3862943611198906,0.5,0.41638685716445034,0,1,0.7419354838709677
1,1,0,1,0,12,0,2,31,63,47,0.3,0.1,0.3,0.15,0.15,4,1.3862943611198906,0.5,0.40992284387329575,0,1,0.746031746031746
0,1,0,0,0,3,0,2,32,64,47,0.3,0.1,0.3,0.15,0.15,4,1.3862943611198906,0.5,0.15279306343244364,0,1,0.75
1,1,0,1,1,28,0,3,1,65,47,0.3,0.1,0.3,0.15,0.15,4,1.3862943611198906,0.5,0.3936330569632706,0,1,0.7538461538461538
0,1,1,0,0,7,0,3,2,66,47,0.3,0.1,0.3,0.15,0.15,4,1.3862943611198906,0.5,0.3979788959730176,0,1,0.7575757575757576
1,0,1,1,0,14,1,3,3,67,47,0.3,0.1,0.3,0.15,0.15,4,1.3862943611198906,0.5,0.8125831654012113,1,1,0.7611940298507462
1,1,0,0,1,20,0,3,4,68,47,0.3,0.1,0.3,0.15,0.15,4,1.3862943611198906,0.5,0.38242642720349757,0,1,0.7647058823529411
1,0,0,1,0,10,0,3,5,69,47,0.3,0.1,0.3,0.15,0.15,4,1.3862943611198906,0.5,0.4092337549696204,0,1,0.7681159420289855
1,1,1,0,1,24,1,3,6,70,47,0.3,0.1,0.3,0.15,0.15,4,1.3862943611198906,0.5,0.800906617264924,0,0,0.7571428571428571
1,0,1,0,0,6,1,3,7,71,47,0.3,0.1,0.3,0.15,0.15,4,1.3862943611198906,0.5,0.8089444935124143,1,1,0.7605633802816901
1,1,1,1,1,32,1,3,8,72,47,0.3,0.1,0.3,0.15,0.15,4,1.3862943611198906,0.5,0.800667551674692,1,1,0.7638888888888888
0,1,0,0,0,3,0,3,9,73,47,0.3,0.1,0.3,0.15,0.15,4,1.3862943611198906,0.5,0.14740245646243885,0,1,0.7671232876712328
1,0,1,0,1,22,1,3,10,74,47,0.3,0.1,0.3,0.15,0.15,4,1.3862943611198906,0.5,0.8113309181906455,1,1,0.7702702702702703
1,0,0,1,1,26,0,3,11,75,47,0.3,0.1,0.3,0.15,0.15,4,1.3862943611198906,0.5,0.3825817816616057,1,0,0.76
0,0,1,0,0,5,0,3,12,76,47,0.3,0.1,0.3,0.15,0.15,4,1.3862943611198906,0.5,0.40496192286012495,1,0,0.75
0,0,1,1,0,13,0,3,13,77,47,0.3,0.1,0.3,0.15,0.15,4,1.3862943611198906,0.5,0.3994471383824721,0,1,0.7532467532467533
0,1,1,1,1,31,0,3,14,78,47,0.3,0.1,0.3,0.15,0.15,4,1.3862943611198906,0.5,0.4057666584675359,0,1,0.7564102564102564
1,1,0,0,0,4,0,3,15,79,47,0.3,0.1,0.3,0.15,0.15,4,1.3862943611198906,0.5,0.3908056866705413,0,1,0.759493670886076
0,0,0,1,0,9,0,3,16,80,47,0.3,0.1,0.3,0.15,0.15,4,1.3862943611198906,0.5,0.15145666897936172,0,1,0.7625
0,1,0,1,0,11,0,3,17,81,47,0.3,0.1,0.3,0.15,0.15,4,1.3862943611198906,0.5,0.14296577536750296,0,1,0.7654320987654321
1,0,1,1,1,30,1,3,18,82,47,0.3,0.1,0.3,0.15,0.15,4,1.3862943611198906,0.5,0.8097685030612842,1,1,0.7682926829268293
1,1,1,0,0,8,1,3,19,83,47,0.3,0.1,0.3,0.15,0.15,4,1.3862943611198906,0.5,0.7995100392632106,1,1,0.7710843373493976
0,0,0,1,1,25,0,3,20,84,47,0.3,0.1,0.3,0.15,0.15,4,1.3862943611198906,0.5,0.15255897058044937,0,1,0.7738095238095238
0,1,1,1,0,15,0,3,21,85,47,0.3,0.1,0.3,0.15,0.15,4,1.3862943611198906,0.5,0.3812005849638394,0,1,0.7764705882352941
0,0,1,0,1,21,0,3,22,86,47,0.3,0.1,0.3,0.15,0.15,4,1.3862943611198906,0.5,0.4141431756496555,0,1,0.7790697674418605
0,1,1,0,1,23,0,3,23,87,47,0.3,0.1,0.3,0.15,0.15,4,1.3862943611198906,0.5,0.400662024780121,1,0,0.7701149425287356
1,1,0,1,0,12,0,3,24,88,47,0.3,0.1,0.3,0.15,0.15,4,1.3862943611198906,0.5,0.3858599179401151,0,1,0.7727272727272727
1,0,0,0,1,18,0,3,25,89,47,0.3,0.1,0.3,0.15,0.15,4,1.3862943611198906,0.5,0.41206445261473323,0,1,0.7752808988764045
0,1,0,1,1,27,0,3,26,90,47,0.3,0.1,0.3,0.15,0.15,4,1.3862943611198906,0.5,0.15031933071509948,0,1,0.7777777777777778
0,0,0,0,1,17,0,3,27,91,47,0.3,0.1,0.3,0.15,0.15,4,1.3862943611198906,0.5,0.1574613812928584,0,1,0.7802197802197802
0,1,0,0,1,19,0,3,28,92,47,0.3,0.1,0.3,0.15,0.15,4,1.3862943611198906,0.5,0.15100617867947205,0,1,0.782608695652174
1,0,0,0,0,2,0,3,29,93,47,0.3,0.1,0.3,0.15,0.15,4,1.3862943611198906,0.5,0.40602658873649444,1,0,0.7741935483870968
0,0,0,0,0,1,0,3,30,94,47,0.3,0.1,0.3,0.15,0.15,4,1.3862943611198906,0.5,0.1504235350322674,0,1,0.776595744680851
1,1,1,1,0,16,1,3,31,95,47,0.3,0.1,0.3,0.15,0.15,4,1.3862943611198906,0.5,0.8053836992111972,1,1,0.7789473684210526
0,0,1,1,1,29,0,3,32,96,47,0.3,0.1,0.3,0.15,0.15,4,1.3862943611198906,0.5,0.4050604234532663,0,1,0.78125
0,1,1,0,0,7,0,1,1,1,48,0.3,0.1,0.3,0.15,0.15,4,1.3862943611198906,0.5,0.5,0,1,1
1,1,0,1,1,28,0,1,2,2,48,0.3,0.1,0.3,0.15,0.15,4,1.3862943611198906,0.5,0.5,1,0,0.5
0,1,0,1,1,27,0,1,3,3,48,0.3,0.1,0.3,0.15,0.15,4,1.3862943611198906,0.5,0.5,0,1,0.6666666666666666
1,1,0,1,0,12,0,1,4,4,48,0.3,0.1,0.3,0.15,0.15,4,1.3862943611198906,0.5,0.5,0,1,0.75
0,0,0,0,1,17,0,1,5,5,48,0.3,0.1,0.3,0.15,0.15,4,1.3862943611198906,0.5,0.5,0,1,0.8
1,1,0,0,0,4,0,1,6,6,48,0.3,0.1,0.3,0.15,0.15,4,1.3862943611198906,0.5,0.5,0,1,0.8333333333333334
0,1,0,0,1,19,0,1,7,7,48,0.3,0.1,0.3,0.15,0.15,4,1.3862943611198906,0.5,0.5,1,0,0.7142857142857143
0,0,0,1,0,9,0,1,8,8,48,0.3,0.1,0.3,0.15,0.15,4,1.3862943611198906,0.5,0.5,0,1,0.75
1,0,0,0,1,18,0,1,9,9,48,0.3,0.1,0.3,0.15,0.15,4,1.3862943611198906,0.5,0.5,0,1,0.7777777777777778
1,0,1,1,1,30,1,1,10,10,48,0.3,0.1,0.3,0.15,0.15,4,1.3862943611198906,0.5,0.5,1,1,0.8
0,1,1,1,1,31,0,1,11,11,48,0.3,0.1,0.3,0.15,0.15,4,1.3862943611198906,0.5,0.6041661882538909,0,1,0.8181818181818182
0,0,0,1,1,25,0,1,12,12,48,0.3,0.1,0.3,0.15,0.15,4,1.3862943611198906,0.5,0.23596707073578885,0,1,0.8333333333333334
1,0,0,0,0,2,0,1,13,13,48,0.3,0.1,0.3,0.15,0.15,4,1.3862943611198906,0.5,0.28850475293514954,1,0,0.7692307692307693
1,1,1,1,0,16,1,1,14,14,48,0.3,0.1,0.3,0.15,0.15,4,1.3862943611198906,0.5,0.7693317449587855,1,1,0.7857142857142857
0,0,1,1,0,13,0,1,15,15,48,0.3,0.1,0.3,0.15,0.15,4,1.3862943611198906,0.5,0.5689389936118006,1,0,0.7333333333333333
1,1,0,0,1,20,0,1,16,16,48,0.3,0.1,0.3,0.15,0.15,4,1.3862943611198906,0.5,0.2784152596038718,0,1,0.75
1,1,1,1,1,32,1,1,17,17,48,0.3,0.1,0.3,0.15,0.15,4,1.3862943611198906,0.5,0.8367556440221817,1,1,0.7647058823529411
1,0,1,1,0,14,1,1,18,18,48,0.3,0.1,0.3,0.15,0.15,4,1.3862943611198906,0.5,0.8331985612138667,1,1,0.7777777777777778
0,0,1,0,0,5,0,1,19,19,48,0.3,0.1,0.3,0.15,0.15,4,1.3862943611198906,0.5,0.3941768755487112,0,1,0.7894736842105263
0,0,1,0,1,21,0,1,20,20,48,0.3,0.1,0.3,0.15,0.15,4,1.3862943611198906,0.5,0.3690143086298717,1,0,0.75
0,1,1,0,1,23,0,1,21,21,48,0.3,0.1,0.3,0.15,0.15,4,1.3862943611198906,0.5,0.32894357596805424,0,1,0.7619047619047619
0,1,0,0,0,3,0,1,22,22,48,0.3,0.1,0.3,0.15,0.15,4,1.3862943611198906,0.5,0.12581034295650065,0,1,0.7727272727272727
1,0,0,1,0,10,0,1,23,23,48,0.3,0.1,0.3,0.15,0.15,4,1.3862943611198906,0.5,0.4968731056603671,1,0,0.7391304347826086
0,1,0,1,0,11,0,1,24,24,48,0.3,0.1,0.3,0.15,0.15,4,1.3862943611198906,0.5,0.19749563102505804,0,1,0.75
1,0,1,0,0,6,1,1,25,25,48,0.3,0.1,0.3,0.15,0.15,4,1.3862943611198906,0.5,0.7477978418369391,1,1,0.76
0,0,1,1,1,29,0,1,26,26,48,0.3,0.1,0.3,0.15,0.15,4,1.3862943611198906,0.5,0.4634931358225397,0,1,0.7692307692307693
1,0,1,0,1,22,1,1,27,27,48,0.3,0.1,0.3,0.15,0.15,4,1.3862943611198906,0.5,0.767744356225686,0,0,0.7407407407407407
1,0,0,1,1,26,0,1,28,28,48,0.3,0.1,0.3,0.15,0.15,4,1.3862943611198906,0.5,0.44862842773242545,1,0,0.7142857142857143
1,1,1,0,0,8,1,1,29,29,48,0.3,0.1,0.3,0.15,0.15,4,1.3862943611198906,0.5,0.7793922534633737,0,0,0.6896551724137931
0,1,1,1,0,15,0,1,30,30,48,0.3,0.1,0.3,0.15,0.15,4,1.3862943611198906,0.5,0.4398962016980087,0,1,0.7
0,0,0,0,0,1,0,1,31,31,48,0.3,0.1,0.3,0.15,0.15,4,1.3862943611198906,0.5,0.1667403447191189,1,0,0.6774193548387096
1,1,1,0,1,24,1,1,32,32,48,0.3,0.1,0.3,0.15,0.15,4,1.3862943611198906,0.5,0.7877804958113159,0,0,0.65625
1,1,0,0,0,4,0,2,1,33,48,0.3,0.1,0.3,0.15,0.15,4,1.3862943611198906,0.5,0.39363305696327067,1,0,0.6363636363636364
0,0,1,0,0,5,0,2,2,34,48,0.3,0.1,0.3,0.15,0.15,4,1.3862943611198906,0.5,0.40081061515606503,0,1,0.6470588235294118
1,0,1,1,0,14,1,2,3,35,48,0.3,0.1,0.3,0.15,0.15,4,1.3862943611198906,0.5,0.8100667889962795,1,1,0.6571428571428571
0,1,0,0,0,3,0,2,4,36,48,0.3,0.1,0.3,0.15,0.15,4,1.3862943611198906,0.5,0.14206762918482022,0,1,0.6666666666666666
0,1,0,1,0,11,0,2,5,37,48,0.3,0.1,0.3,0.15,0.15,4,1.3862943611198906,0.5,0.14943149726504731,0,1,0.6756756756756757
0,1,1,1,0,15,0,2,6,38,48,0.3,0.1,0.3,0.15,0.15,4,1.3862943611198906,0.5,0.4041593801430382,1,0,0.6578947368421053
0,1,1,0,1,23,0,2,7,39,48,0.3,0.1,0.3,0.15,0.15,4,1.3862943611198906,0.5,0.384014065545998,0,1,0.6666666666666666
1,1,1,0,0,8,1,2,8,40,48,0.3,0.1,0.3,0.15,0.15,4,1.3862943611198906,0.5,0.7953847741012827,1,1,0.675
1,0,0,1,1,26,0,2,9,41,48,0.3,0.1,0.3,0.15,0.15,4,1.3862943611198906,0.5,0.4156043908230726,1,0,0.6585365853658537
0,0,1,1,0,13,0,2,10,42,48,0.3,0.1,0.3,0.15,0.15,4,1.3862943611198906,0.5,0.40430287897533473,1,0,0.6428571428571429
1,0,1,1,1,30,1,2,11,43,48,0.3,0.1,0.3,0.15,0.15,4,1.3862943611198906,0.5,0.8058245814952821,0,0,0.627906976744186
0,0,0,0,0,1,0,2,12,44,48,0.3,0.1,0.3,0.15,0.15,4,1.3862943611198906,0.5,0.147367616901557,0,1,0.6363636363636364
1,1,0,1,1,28,0,2,13,45,48,0.3,0.1,0.3,0.15,0.15,4,1.3862943611198906,0.5,0.40774426483121634,0,1,0.6444444444444445
0,1,1,1,1,31,0,2,14,46,48,0.3,0.1,0.3,0.15,0.15,4,1.3862943611198906,0.5,0.3913654128244837,0,1,0.6521739130434783
1,1,1,0,1,24,1,2,15,47,48,0.3,0.1,0.3,0.15,0.15,4,1.3862943611198906,0.5,0.8007527979966105,1,1,0.6595744680851063
1,0,0,1,0,10,0,2,16,48,48,0.3,0.1,0.3,0.15,0.15,4,1.3862943611198906,0.5,0.41476486822637787,0,1,0.6666666666666666
1,0,1,0,0,6,1,2,17,49,48,0.3,0.1,0.3,0.15,0.15,4,1.3862943611198906,0.5,0.8069937021570925,1,1,0.673469387755102
1,1,1,1,0,16,1,2,18,50,48,0.3,0.1,0.3,0.15,0.15,4,1.3862943611198906,0.5,0.7952903777562047,1,1,0.68
0,1,0,1,1,27,0,2,19,51,48,0.3,0.1,0.3,0.15,0.15,4,1.3862943611198906,0.5,0.14721578012102118,0,1,0.6862745098039216
0,0,1,0,1,21,0,2,20,52,48,0.3,0.1,0.3,0.15,0.15,4,1.3862943611198906,0.5,0.39044428088761735,1,0,0.6730769230769231
0,0,0,1,1,25,0,2,21,53,48,0.3,0.1,0.3,0.15,0.15,4,1.3862943611198906,0.5,0.14926060551521322,1,0,0.660377358490566
0,0,0,0,1,17,0,2,22,54,48,0.3,0.1,0.3,0.15,0.15,4,1.3862943611198906,0.5,0.14548977467530663,0,1,0.6666666666666666
1,1,0,1,0,12,0,2,23,55,48,0.3,0.1,0.3,0.15,0.15,4,1.3862943611198906,0.5,0.4123422107890889,0,1,0.6727272727272727
1,0,0,0,1,18,0,2,24,56,48,0.3,0.1,0.3,0.15,0.15,4,1.3862943611198906,0.5,0.4064808131756007,0,1,0.6785714285714286
1,1,1,1,1,32,1,2,25,57,48,0.3,0.1,0.3,0.15,0.15,4,1.3862943611198906,0.5,0.8010252068614507,1,1,0.6842105263157895
0,0,0,1,0,9,0,2,26,58,48,0.3,0.1,0.3,0.15,0.15,4,1.3862943611198906,0.5,0.14959202343304356,0,1,0.6896551724137931
1,0,1,0,1,22,1,2,27,59,48,0.3,0.1,0.3,0.15,0.15,4,1.3862943611198906,0.5,0.8056497790316247,1,1,0.6949152542372882
1,0,0,0,0,2,0,2,28,60,48,0.3,0.1,0.3,0.15,0.15,4,1.3862943611198906,0.5,0.40354901851891606,0,1,0.7
0,1,1,0,0,7,0,2,29,61,48,0.3,0.1,0.3,0.15,0.15,4,1.3862943611198906,0.5,0.4053512447880618,1,0,0.6885245901639344
1,1,0,0,1,20,0,2,30,62,48,0.3,0.1,0.3,0.15,0.15,4,1.3862943611198906,0.5,0.408741019554456,1,0,0.6774193548387096
0,0,1,1,1,29,0,2,31,63,48,0.3,0.1,0.3,0.15,0.15,4,1.3862943611198906,0.5,0.4086074388437463,1,0,0.6666666666666666
0,1,0,0,1,19,0,2,32,64,48,0.3,0.1,0.3,0.15,0.15,4,1.3862943611198906,0.5,0.15279306343244364,1,0,0.65625
0,1,1,0,1,23,0,3,1,65,48,0.3,0.1,0.3,0.15,0.15,4,1.3862943611198906,0.5,0.39363305696327067,1,0,0.6461538461538462
1,1,1,1,0,16,1,3,2,66,48,0.3,0.1,0.3,0.15,0.15,4,1.3862943611198906,0.5,0.8129969293874226,1,1,0.6515151515151515
0,0,0,0,0,1,0,3,3,67,48,0.3,0.1,0.3,0.15,0.15,4,1.3862943611198906,0.5,0.14472398953576437,0,1,0.6567164179104478
1,0,1,0,1,22,1,3,4,68,48,0.3,0.1,0.3,0.15,0.15,4,1.3862943611198906,0.5,0.8062689782808876,1,1,0.6617647058823529
0,0,1,0,0,5,0,3,5,69,48,0.3,0.1,0.3,0.15,0.15,4,1.3862943611198906,0.5,0.38722974011384026,0,1,0.6666666666666666
1,0,0,0,0,2,0,3,6,70,48,0.3,0.1,0.3,0.15,0.15,4,1.3862943611198906,0.5,0.3969153787267722,0,1,0.6714285714285714
0,1,1,0,0,7,0,3,7,71,48,0.3,0.1,0.3,0.15,0.15,4,1.3862943611198906,0.5,0.3807811063145556,1,0,0.6619718309859155
0,1,0,1,0,11,0,3,8,72,48,0.3,0.1,0.3,0.15,0.15,4,1.3862943611198906,0.5,0.15243928750795122,0,1,0.6666666666666666
1,0,0,1,1,26,0,3,9,73,48,0.3,0.1,0.3,0.15,0.15,4,1.3862943611198906,0.5,0.40743096869977846,1,0,0.6575342465753424
1,0,1,1,1,30,1,3,10,74,48,0.3,0.1,0.3,0.15,0.15,4,1.3862943611198906,0.5,0.8131726979023718,1,1,0.6621621621621622
0,1,0,0,0,3,0,3,11,75,48,0.3,0.1,0.3,0.15,0.15,4,1.3862943611198906,0.5,0.13790991347492387,0,1,0.6666666666666666
0,0,0,1,0,9,0,3,12,76,48,0.3,0.1,0.3,0.15,0.15,4,1.3862943611198906,0.5,0.14447335631714536,0,1,0.6710526315789473
1,0,0,1,0,10,0,3,13,77,48,0.3,0.1,0.3,0.15,0.15,4,1.3862943611198906,0.5,0.39612852728359155,0,1,0.6753246753246753
1,0,0,0,1,18,0,3,14,78,48,0.3,0.1,0.3,0.15,0.15,4,1.3862943611198906,0.5,0.4061862339455635,1,0,0.6666666666666666
0,0,1,1,0,13,0,3,15,79,48,0.3,0.1,0.3,0.15,0.15,4,1.3862943611198906,0.5,0.40190774851899985,1,0,0.6582278481012658
0,0,0,1,1,25,0,3,16,80,48,0.3,0.1,0.3,0.15,0.15,4,1.3862943611198906,0.5,0.15583179919767942,0,1,0.6625
0,0,1,0,1,21,0,3,17,81,48,0.3,0.1,0.3,0.15,0.15,4,1.3862943611198906,0.5,0.40532360372012427,0,1,0.6666666666666666
1,1,0,0,0,4,0,3,18,82,48,0.3,0.1,0.3,0.15,0.15,4,1.3862943611198906,0.5,0.3928741059490579,0,1,0.6707317073170732
1,1,1,0,1,24,1,3,19,83,48,0.3,0.1,0.3,0.15,0.15,4,1.3862943611198906,0.5,0.8114514549149558,0,0,0.6626506024096386
0,1,1,1,1,31,0,3,20,84,48,0.3,0.1,0.3,0.15,0.15,4,1.3862943611198906,0.5,0.41196998342774266,1,0,0.6547619047619048
1,0,1,0,0,6,1,3,21,85,48,0.3,0.1,0.3,0.15,0.15,4,1.3862943611198906,0.5,0.7986167343869199,1,1,0.6588235294117647
1,0,1,1,0,14,1,3,22,86,48,0.3,0.1,0.3,0.15,0.15,4,1.3862943611198906,0.5,0.8066753842656887,0,0,0.6511627906976745
0,0,0,0,1,17,0,3,23,87,48,0.3,0.1,0.3,0.15,0.15,4,1.3862943611198906,0.5,0.15193095789027947,1,0,0.6436781609195402
1,1,1,0,0,8,1,3,24,88,48,0.3,0.1,0.3,0.15,0.15,4,1.3862943611198906,0.5,0.8063286369261873,1,1,0.6477272727272727
1,1,0,0,1,20,0,3,25,89,48,0.3,0.1,0.3,0.15,0.15,4,1.3862943611198906,0.5,0.404855964761744,0,1,0.651685393258427
0,1,0,0,1,19,0,3,26,90,48,0.3,0.1,0.3,0.15,0.15,4,1.3862943611198906,0.5,0.14753484854362017,0,1,0.6555555555555556
1,1,1,1,1,32,1,3,27,91,48,0.3,0.1,0.3,0.15,0.15,4,1.3862943611198906,0.5,0.8125278350467662,1,1,0.6593406593406593
1,1,0,1,0,12,0,3,28,92,48,0.3,0.1,0.3,0.15,0.15,4,1.3862943611198906,0.5,0.4042815920891233,1,0,0.6521739130434783
0,0,1,1,1,29,0,3,29,93,48,0.3,0.1,0.3,0.15,0.15,4,1.3862943611198906,0.5,0.40451546061536486,0,1,0.6559139784946236
1,1,0,1,1,28,0,3,30,94,48,0.3,0.1,0.3,0.15,0.15,4,1.3862943611198906,0.5,0.4036129929699482,0,1,0.6595744680851063
0,1,0,1,1,27,0,3,31,95,48,0.3,0.1,0.3,0.15,0.15,4,1.3862943611198906,0.5,0.14948487202470878,1,0,0.6526315789473685
0,1,1,1,0,15,0,3,32,96,48,0.3,0.1,0.3,0.15,0.15,4,1.3862943611198906,0.5,0.4050604234532663,1,0,0.6458333333333334
0,0,0,0,1,17,0,1,1,1,49,0.3,0.1,0.3,0.15,0.15,4,1.3862943611198906,0.5,0.5,1,0,0
1,0,1,0,0,6,1,1,2,2,49,0.3,0.1,0.3,0.15,0.15,4,1.3862943611198906,0.5,0.5,0,0,0
1,1,1,0,0,8,1,1,3,3,49,0.3,0.1,0.3,0.15,0.15,4,1.3862943611198906,0.5,0.9525741268224333,1,1,0.3333333333333333
0,1,0,1,0,11,0,1,4,4,49,0.3,0.1,0.3,0.15,0.15,4,1.3862943611198906,0.5,0.17077679858927985,0,1,0.5
1,0,0,1,1,26,0,1,5,5,49,0.3,0.1,0.3,0.15,0.15,4,1.3862943611198906,0.5,0.3543436937742046,1,0,0.4
1,1,1,0,1,24,1,1,6,6,49,0.3,0.1,0.3,0.15,0.15,4,1.3862943611198906,0.5,0.8736084591413711,1,1,0.5
0,1,0,1,1,27,0,1,7,7,49,0.3,0.1,0.3,0.15,0.15,4,1.3862943611198906,0.5,0.07860405871894212,0,1,0.5714285714285714
1,1,1,1,0,16,1,1,8,8,49,0.3,0.1,0.3,0.15,0.15,4,1.3862943611198906,0.5,0.8576033975398489,1,1,0.625
0,0,1,0,0,5,0,1,9,9,49,0.3,0.1,0.3,0.15,0.15,4,1.3862943611198906,0.5,0.6655112184425083,0,1,0.6666666666666666
0,0,1,1,0,13,0,1,10,10,49,0.3,0.1,0.3,0.15,0.15,4,1.3862943611198906,0.5,0.4019694917043448,0,1,0.7
1,0,0,1,0,10,0,1,11,11,49,0.3,0.1,0.3,0.15,0.15,4,1.3862943611198906,0.5,0.42516327061300957,1,0,0.6363636363636364
1,1,0,0,0,4,0,1,12,12,49,0.3,0.1,0.3,0.15,0.15,4,1.3862943611198906,0.5,0.5859882147893939,0,1,0.6666666666666666
1,0,1,1,1,30,1,1,13,13,49,0.3,0.1,0.3,0.15,0.15,4,1.3862943611198906,0.5,0.7276671866695589,1,1,0.6923076923076923
0,1,0,0,1,19,0,1,14,14,49,0.3,0.1,0.3,0.15,0.15,4,1.3862943611198906,0.5,0.1561121685979563,0,1,0.7142857142857143
0,1,0,0,0,3,0,1,15,15,49,0.3,0.1,0.3,0.15,0.15,4,1.3862943611198906,0.5,0.15967306760072392,0,1,0.7333333333333333
1,1,1,1,1,32,1,1,16,16,49,0.3,0.1,0.3,0.15,0.15,4,1.3862943611198906,0.5,0.8461239963737804,1,1,0.75
1,0,0,0,0,2,0,1,17,17,49,0.3,0.1,0.3,0.15,0.15,4,1.3862943611198906,0.5,0.38728339038552884,0,1,0.7647058823529411
0,0,0,1,1,25,0,1,18,18,49,0.3,0.1,0.3,0.15,0.15,4,1.3862943611198906,0.5,0.13766372489547543,0,1,0.7777777777777778
0,0,0,0,0,1,0,1,19,19,49,0.3,0.1,0.3,0.15,0.15,4,1.3862943611198906,0.5,0.12533281237753655,0,1,0.7894736842105263
1,1,0,1,0,12,0,1,20,20,49,0.3,0.1,0.3,0.15,0.15,4,1.3862943611198906,0.5,0.40112774826929615,1,0,0.75
1,1,0,1,1,28,0,1,21,21,49,0.3,0.1,0.3,0.15,0.15,4,1.3862943611198906,0.5,0.4152039535427455,0,1,0.7619047619047619
0,1,1,1,1,31,0,1,22,22,49,0.3,0.1,0.3,0.15,0.15,4,1.3862943611198906,0.5,0.5586185808457126,0,1,0.7727272727272727
0,1,1,0,0,7,0,1,23,23,49,0.3,0.1,0.3,0.15,0.15,4,1.3862943611198906,0.5,0.49171839024530234,1,0,0.7391304347826086
1,0,1,1,0,14,1,1,24,24,49,0.3,0.1,0.3,0.15,0.15,4,1.3862943611198906,0.5,0.7917621731322795,1,1,0.75
0,0,0,1,0,9,0,1,25,25,49,0.3,0.1,0.3,0.15,0.15,4,1.3862943611198906,0.5,0.14666063766834103,1,0,0.72
0,1,1,1,0,15,0,1,26,26,49,0.3,0.1,0.3,0.15,0.15,4,1.3862943611198906,0.5,0.44599948606288614,0,1,0.7307692307692307
0,0,1,0,1,21,0,1,27,27,49,0.3,0.1,0.3,0.15,0.15,4,1.3862943611198906,0.5,0.43394837601063907,0,1,0.7407407407407407
1,0,1,0,1,22,1,1,28,28,49,0.3,0.1,0.3,0.15,0.15,4,1.3862943611198906,0.5,0.8183554108049423,0,0,0.7142857142857143
0,1,1,0,1,23,0,1,29,29,49,0.3,0.1,0.3,0.15,0.15,4,1.3862943611198906,0.5,0.42645402598539645,0,1,0.7241379310344828
1,0,0,0,1,18,0,1,30,30,49,0.3,0.1,0.3,0.15,0.15,4,1.3862943611198906,0.5,0.4509540275877142,1,0,0.7
0,0,1,1,1,29,0,1,31,31,49,0.3,0.1,0.3,0.15,0.15,4,1.3862943611198906,0.5,0.42210055449314576,0,1,0.7096774193548387
1,1,0,0,1,20,0,1,32,32,49,0.3,0.1,0.3,0.15,0.15,4,1.3862943611198906,0.5,0.4311838716836044,0,1,0.71875
1,0,0,1,1,26,0,2,1,33,49,0.3,0.1,0.3,0.15,0.15,4,1.3862943611198906,0.5,0.39363305696327067,1,0,0.696969696969697
1,0,1,0,0,6,1,2,2,34,49,0.3,0.1,0.3,0.15,0.15,4,1.3862943611198906,0.5,0.8136437161259871,1,1,0.7058823529411765
0,0,1,1,0,13,0,2,3,35,49,0.3,0.1,0.3,0.15,0.15,4,1.3862943611198906,0.5,0.40382622242298793,0,1,0.7142857142857143
1,0,1,1,0,14,1,2,4,36,49,0.3,0.1,0.3,0.15,0.15,4,1.3862943611198906,0.5,0.8022692649465472,0,0,0.6944444444444444
0,1,1,1,1,31,0,2,5,37,49,0.3,0.1,0.3,0.15,0.15,4,1.3862943611198906,0.5,0.3737263558056299,1,0,0.6756756756756757
0,0,1,0,0,5,0,2,6,38,49,0.3,0.1,0.3,0.15,0.15,4,1.3862943611198906,0.5,0.4155169837679789,0,1,0.6842105263157895
0,1,0,0,1,19,0,2,7,39,49,0.3,0.1,0.3,0.15,0.15,4,1.3862943611198906,0.5,0.14475734674805044,0,1,0.6923076923076923
1,0,1,0,1,22,1,2,8,40,49,0.3,0.1,0.3,0.15,0.15,4,1.3862943611198906,0.5,0.8069260770624781,1,1,0.7
1,0,0,1,0,10,0,2,9,41,49,0.3,0.1,0.3,0.15,0.15,4,1.3862943611198906,0.5,0.4223534669760123,1,0,0.6829268292682927
1,1,0,1,0,12,0,2,10,42,49,0.3,0.1,0.3,0.15,0.15,4,1.3862943611198906,0.5,0.38620089198747803,0,1,0.6904761904761905
1,1,1,0,1,24,1,2,11,43,49,0.3,0.1,0.3,0.15,0.15,4,1.3862943611198906,0.5,0.8100615546678901,1,1,0.6976744186046512
0,0,0,0,1,17,0,2,12,44,49,0.3,0.1,0.3,0.15,0.15,4,1.3862943611198906,0.5,0.1644077928414226,0,1,0.7045454545454546
1,0,0,0,1,18,0,2,13,45,49,0.3,0.1,0.3,0.15,0.15,4,1.3862943611198906,0.5,0.41990028268568225,1,0,0.6888888888888889
1,0,0,0,0,2,0,2,14,46,49,0.3,0.1,0.3,0.15,0.15,4,1.3862943611198906,0.5,0.40799492457096304,0,1,0.6956521739130435
1,1,1,1,0,16,1,2,15,47,49,0.3,0.1,0.3,0.15,0.15,4,1.3862943611198906,0.5,0.7936832176031454,1,1,0.7021276595744681
0,0,0,1,0,9,0,2,16,48,49,0.3,0.1,0.3,0.15,0.15,4,1.3862943611198906,0.5,0.1593073167772663,0,1,0.7083333333333334
0,1,1,0,1,23,0,2,17,49,49,0.3,0.1,0.3,0.15,0.15,4,1.3862943611198906,0.5,0.416701241927224,0,1,0.7142857142857143
0,0,0,1,1,25,0,2,18,50,49,0.3,0.1,0.3,0.15,0.15,4,1.3862943611198906,0.5,0.14244824345797727,0,1,0.72
0,1,0,1,0,11,0,2,19,51,49,0.3,0.1,0.3,0.15,0.15,4,1.3862943611198906,0.5,0.15360687814731847,0,1,0.7254901960784313
1,1,1,0,0,8,1,2,20,52,49,0.3,0.1,0.3,0.15,0.15,4,1.3862943611198906,0.5,0.8199070003472951,1,1,0.7307692307692307
0,0,1,0,1,21,0,2,21,53,49,0.3,0.1,0.3,0.15,0.15,4,1.3862943611198906,0.5,0.4050742771244673,1,0,0.71698113207547165
0,1,1,1,0,15,0,2,22,54,49,0.3,0.1,0.3,0.15,0.15,4,1.3862943611198906,0.5,0.40718447750162884,1,0,0.7037037037037037
0,1,0,0,0,3,0,2,23,55,49,0.3,0.1,0.3,0.15,0.15,4,1.3862943611198906,0.5,0.16362992428973497,0,1,0.7090909090909091
0,0,0,0,0,1,0,2,24,56,49,0.3,0.1,0.3,0.15,0.15,4,1.3862943611198906,0.5,0.1538643263547771,0,1,0.7142857142857143
0,1,1,0,0,7,0,2,25,57,49,0.3,0.1,0.3,0.15,0.15,4,1.3862943611198906,0.5,0.41179032978054064,1,0,0.7017543859649122
0,1,0,1,1,27,0,2,26,58,49,0.3,0.1,0.3,0.15,0.15,4,1.3862943611198906,0.5,0.13755294675318308,0,1,0.7068965517241379
1,0,1,1,1,30,1,2,27,59,49,0.3,0.1,0.3,0.15,0.15,4,1.3862943611198906,0.5,0.8033666339223278,0,0,0.6949152542372882
1,1,1,1,1,32,1,2,28,60,49,0.3,0.1,0.3,0.15,0.15,4,1.3862943611198906,0.5,0.8109786083251405,1,1,0.7
1,1,0,0,1,20,0,2,29,61,49,0.3,0.1,0.3,0.15,0.15,4,1.3862943611198906,0.5,0.42383227133719115,0,1,0.7049180327868853
1,1,0,1,1,28,0,2,30,62,49,0.3,0.1,0.3,0.15,0.15,4,1.3862943611198906,0.5,0.40941738560206187,1,0,0.6935483870967742
1,1,0,0,0,4,0,2,31,63,49,0.3,0.1,0.3,0.15,0.15,4,1.3862943611198906,0.5,0.4063942139245325,0,1,0.6984126984126984
0,0,1,1,1,29,0,2,32,64,49,0.3,0.1,0.3,0.15,0.15,4,1.3862943611198906,0.5,0.4111554275864035,0,1,0.703125
0,0,1,1,0,13,0,3,1,65,49,0.3,0.1,0.3,0.15,0.15,4,1.3862943611198906,0.5,0.39363305696327067,1,0,0.6923076923076923
1,1,0,0,0,4,0,3,2,66,49,0.3,0.1,0.3,0.15,0.15,4,1.3862943611198906,0.5,0.39784931180864647,1,0,0.6818181818181818
1,0,1,1,0,14,1,3,3,67,49,0.3,0.1,0.3,0.15,0.15,4,1.3862943611198906,0.5,0.8075939700485132,0,0,0.6716417910447762
0,0,0,0,1,17,0,3,4,68,49,0.3,0.1,0.3,0.15,0.15,4,1.3862943611198906,0.5,0.1453731400121051,0,1,0.6764705882352942
0,0,0,0,0,1,0,3,5,69,49,0.3,0.1,0.3,0.15,0.15,4,1.3862943611198906,0.5,0.14485387920150328,0,1,0.6811594202898551
1,1,1,1,0,16,1,3,6,70,49,0.3,0.1,0.3,0.15,0.15,4,1.3862943611198906,0.5,0.8164123078732907,1,1,0.6857142857142857
0,1,0,0,0,3,0,3,7,71,49,0.3,0.1,0.3,0.15,0.15,4,1.3862943611198906,0.5,0.140720839691623,0,1,0.6901408450704225
0,0,0,1,1,25,0,3,8,72,49,0.3,0.1,0.3,0.15,0.15,4,1.3862943611198906,0.5,0.14453222258610607,0,1,0.6944444444444444
1,0,0,0,0,2,0,3,9,73,49,0.3,0.1,0.3,0.15,0.15,4,1.3862943611198906,0.5,0.3897683209561682,0,1,0.6986301369863014
1,0,0,0,1,18,0,3,10,74,49,0.3,0.1,0.3,0.15,0.15,4,1.3862943611198906,0.5,0.3790361343310484,1,0,0.6891891891891891
1,0,0,1,1,26,0,3,11,75,49,0.3,0.1,0.3,0.15,0.15,4,1.3862943611198906,0.5,0.39394102603363557,1,0,0.68
0,1,1,0,0,7,0,3,12,76,49,0.3,0.1,0.3,0.15,0.15,4,1.3862943611198906,0.5,0.4071957540797729,1,0,0.6710526315789473
0,1,0,1,0,11,0,3,13,77,49,0.3,0.1,0.3,0.15,0.15,4,1.3862943611198906,0.5,0.15749941667905482,0,1,0.6753246753246753
1,0,1,0,1,22,1,3,14,78,49,0.3,0.1,0.3,0.15,0.15,4,1.3862943611198906,0.5,0.8055073325608711,1,1,0.6794871794871795
1,0,1,0,0,6,1,3,15,79,49,0.3,0.1,0.3,0.15,0.15,4,1.3862943611198906,0.5,0.8091525130587963,0,0,0.6708860759493671
0,0,1,0,1,21,0,3,16,80,49,0.3,0.1,0.3,0.15,0.15,4,1.3862943611198906,0.5,0.4103657829301722,0,1,0.675
1,1,0,1,0,12,0,3,17,81,49,0.3,0.1,0.3,0.15,0.15,4,1.3862943611198906,0.5,0.406655266048596,1,0,0.6666666666666666
0,0,0,1,0,9,0,3,18,82,49,0.3,0.1,0.3,0.15,0.15,4,1.3862943611198906,0.5,0.15001224588032053,0,1,0.6707317073170732
0,1,0,0,1,19,0,3,19,83,49,0.3,0.1,0.3,0.15,0.15,4,1.3862943611198906,0.5,0.14073281079386216,0,1,0.6746987951807228
0,1,1,1,0,15,0,3,20,84,49,0.3,0.1,0.3,0.15,0.15,4,1.3862943611198906,0.5,0.4127298260844826,0,1,0.6785714285714286
1,1,0,1,1,28,0,3,21,85,49,0.3,0.1,0.3,0.15,0.15,4,1.3862943611198906,0.5,0.390460395219845,1,0,0.6705882352941176
1,0,0,1,0,10,0,3,22,86,49,0.3,0.1,0.3,0.15,0.15,4,1.3862943611198906,0.5,0.4031248278663736,1,0,0.6627906976744186
1,0,1,1,1,30,1,3,23,87,49,0.3,0.1,0.3,0.15,0.15,4,1.3862943611198906,0.5,0.8123545024346089,1,1,0.6666666666666666
1,1,0,0,1,20,0,3,24,88,49,0.3,0.1,0.3,0.15,0.15,4,1.3862943611198906,0.5,0.3794877332838304,0,1,0.6704545454545454
1,1,1,1,1,32,1,3,25,89,49,0.3,0.1,0.3,0.15,0.15,4,1.3862943611198906,0.5,0.8120240716853402,1,1,0.6741573033707865
0,1,1,1,1,31,0,3,26,90,49,0.3,0.1,0.3,0.15,0.15,4,1.3862943611198906,0.5,0.42243359233111255,1,0,0.6666666666666666
0,1,1,0,1,23,0,3,27,91,49,0.3,0.1,0.3,0.15,0.15,4,1.3862943611198906,0.5,0.39662675343671006,1,0,0.6593406593406593
1,1,1,0,1,24,1,3,28,92,49,0.3,0.1,0.3,0.15,0.15,4,1.3862943611198906,0.5,0.802946563099116,1,1,0.6630434782608695
0,0,1,1,1,29,0,3,29,93,49,0.3,0.1,0.3,0.15,0.15,4,1.3862943611198906,0.5,0.41220112437009526,0,1,0.6666666666666666
1,1,1,0,0,8,1,3,30,94,49,0.3,0.1,0.3,0.15,0.15,4,1.3862943611198906,0.5,0.805434642152931,0,0,0.6595744680851063
0,0,1,0,0,5,0,3,31,95,49,0.3,0.1,0.3,0.15,0.15,4,1.3862943611198906,0.5,0.40257791928698244,1,0,0.6526315789473685
0,1,0,1,1,27,0,3,32,96,49,0.3,0.1,0.3,0.15,0.15,4,1.3862943611198906,0.5,0.15013336419892007,0,1,0.65625
1,1,0,1,1,28,0,1,1,1,50,0.3,0.1,0.3,0.15,0.15,4,1.3862943611198906,0.5,0.5,0,1,1
1,1,1,1,0,16,1,1,2,2,50,0.3,0.1,0.3,0.15,0.15,4,1.3862943611198906,0.5,0.5,0,0,0.5
1,0,0,0,0,2,0,1,3,3,50,0.3,0.1,0.3,0.15,0.15,4,1.3862943611198906,0.5,0.3543436937742045,1,0,0.3333333333333333
1,1,0,0,0,4,0,1,4,4,50,0.3,0.1,0.3,0.15,0.15,4,1.3862943611198906,0.5,0.25389349588324067,1,0,0.25
0,1,0,0,0,3,0,1,5,5,50,0.3,0.1,0.3,0.15,0.15,4,1.3862943611198906,0.5,0.20097854804812276,1,0,0.2
1,0,1,1,1,30,1,1,6,6,50,0.3,0.1,0.3,0.15,0.15,4,1.3862943611198906,0.5,0.7983243879011972,1,1,0.3333333333333333
1,1,1,0,0,8,1,1,7,7,50,0.3,0.1,0.3,0.15,0.15,4,1.3862943611198906,0.5,0.6868506389167446,0,0,0.2857142857142857
0,0,0,1,1,25,0,1,8,8,50,0.3,0.1,0.3,0.15,0.15,4,1.3862943611198906,0.5,0.25479953595572863,0,1,0.375
0,1,1,0,1,23,0,1,9,9,50,0.3,0.1,0.3,0.15,0.15,4,1.3862943611198906,0.5,0.599134661469292,1,0,0.3333333333333333
0,0,1,0,0,5,0,1,10,10,50,0.3,0.1,0.3,0.15,0.15,4,1.3862943611198906,0.5,0.4928222886475665,1,0,0.3
1,0,0,1,0,10,0,1,11,11,50,0.3,0.1,0.3,0.15,0.15,4,1.3862943611198906,0.5,0.40644577370290874,0,1,0.36363636363636365
0,0,1,1,1,29,0,1,12,12,50,0.3,0.1,0.3,0.15,0.15,4,1.3862943611198906,0.5,0.5150125348284263,0,1,0.4166666666666667
0,1,0,1,0,11,0,1,13,13,50,0.3,0.1,0.3,0.15,0.15,4,1.3862943611198906,0.5,0.21789735854085096,1,0,0.38461538461538464
0,1,1,1,0,15,0,1,14,14,50,0.3,0.1,0.3,0.15,0.15,4,1.3862943611198906,0.5,0.5155819704803005,1,0,0.35714285714285715
1,0,1,1,0,14,1,1,15,15,50,0.3,0.1,0.3,0.15,0.15,4,1.3862943611198906,0.5,0.8032450953343149,1,1,0.4
1,1,1,1,1,32,1,1,16,16,50,0.3,0.1,0.3,0.15,0.15,4,1.3862943611198906,0.5,0.80041811703316,1,1,0.4375
1,0,0,1,1,26,0,1,17,17,50,0.3,0.1,0.3,0.15,0.15,4,1.3862943611198906,0.5,0.4371057338283787,1,0,0.4117647058823529
1,0,0,0,1,18,0,1,18,18,50,0.3,0.1,0.3,0.15,0.15,4,1.3862943611198906,0.5,0.3277776323763858,0,1,0.4444444444444444
0,1,0,0,1,19,0,1,19,19,50,0.3,0.1,0.3,0.15,0.15,4,1.3862943611198906,0.5,0.14927011503987578,0,1,0.47368421052631576
0,0,1,0,1,21,0,1,20,20,50,0.3,0.1,0.3,0.15,0.15,4,1.3862943611198906,0.5,0.3505568207134099,0,1,0.5
0,0,0,1,0,9,0,1,21,21,50,0.3,0.1,0.3,0.15,0.15,4,1.3862943611198906,0.5,0.19050955914712653,1,0,0.47619047619047616
0,0,1,1,0,13,0,1,22,22,50,0.3,0.1,0.3,0.15,0.15,4,1.3862943611198906,0.5,0.45616062919696027,1,0,0.45454545454545453
1,0,1,0,1,22,1,1,23,23,50,0.3,0.1,0.3,0.15,0.15,4,1.3862943611198906,0.5,0.7414975083040832,1,1,0.4782608695652174
1,1,0,1,0,12,0,1,24,24,50,0.3,0.1,0.3,0.15,0.15,4,1.3862943611198906,0.5,0.4259045057331535,0,1,0.5
0,1,1,0,0,7,0,1,25,25,50,0.3,0.1,0.3,0.15,0.15,4,1.3862943611198906,0.5,0.39720060833463766,1,0,0.48
1,1,1,0,1,24,1,1,26,26,50,0.3,0.1,0.3,0.15,0.15,4,1.3862943611198906,0.5,0.7941059626789118,1,1,0.5
0,1,0,1,1,27,0,1,27,27,50,0.3,0.1,0.3,0.15,0.15,4,1.3862943611198906,0.5,0.17607309074958508,0,1,0.5185185185185185
0,0,0,0,1,17,0,1,28,28,50,0.3,0.1,0.3,0.15,0.15,4,1.3862943611198906,0.5,0.16429937122222996,0,1,0.5357142857142857
0,1,1,1,1,31,0,1,29,29,50,0.3,0.1,0.3,0.15,0.15,4,1.3862943611198906,0.5,0.4349444932952481,0,1,0.5517241379310345
1,1,0,0,1,20,0,1,30,30,50,0.3,0.1,0.3,0.15,0.15,4,1.3862943611198906,0.5,0.43542687943771874,1,0,0.5333333333333333
1,0,1,0,0,6,1,1,31,31,50,0.3,0.1,0.3,0.15,0.15,4,1.3862943611198906,0.5,0.7862134486692385,0,0,0.5161290322580645
0,0,0,0,0,1,0,1,32,32,50,0.3,0.1,0.3,0.15,0.15,4,1.3862943611198906,0.5,0.16163228320851403,0,1,0.53125
0,1,0,0,0,3,0,2,1,33,50,0.3,0.1,0.3,0.15,0.15,4,1.3862943611198906,0.5,0.14518416694881078,0,1,0.5454545454545454
1,0,0,0,0,2,0,2,2,34,50,0.3,0.1,0.3,0.15,0.15,4,1.3862943611198906,0.5,0.39488945871076775,1,0,0.5294117647058824
0,1,1,0,0,7,0,2,3,35,50,0.3,0.1,0.3,0.15,0.15,4,1.3862943611198906,0.5,0.39773470605562933,0,1,0.5428571428571428
1,0,0,0,1,18,0,2,4,36,50,0.3,0.1,0.3,0.15,0.15,4,1.3862943611198906,0.5,0.3937909922189475,0,1,0.5555555555555556
0,0,1,1,0,13,0,2,5,37,50,0.3,0.1,0.3,0.15,0.15,4,1.3862943611198906,0.5,0.4078372910040529,1,0,0.5405405405405406
0,0,0,0,0,1,0,2,6,38,50,0.3,0.1,0.3,0.15,0.15,4,1.3862943611198906,0.5,0.14256991676692723,0,1,0.5526315789473685
1,1,1,1,1,32,1,2,7,39,50,0.3,0.1,0.3,0.15,0.15,4,1.3862943611198906,0.5,0.8246067386030991,1,1,0.5641025641025641
0,0,1,0,1,21,0,2,8,40,50,0.3,0.1,0.3,0.15,0.15,4,1.3862943611198906,0.5,0.39729876335712644,0,1,0.575
1,1,0,1,0,12,0,2,9,41,50,0.3,0.1,0.3,0.15,0.15,4,1.3862943611198906,0.5,0.4190599973051446,1,0,0.5609756097560976
1,0,0,1,0,10,0,2,10,42,50,0.3,0.1,0.3,0.15,0.15,4,1.3862943611198906,0.5,0.3836981289842603,0,1,0.5714285714285714
0,1,1,1,1,31,0,2,11,43,50,0.3,0.1,0.3,0.15,0.15,4,1.3862943611198906,0.5,0.44484887067407963,0,1,0.5813953488372093
0,0,0,0,1,17,0,2,12,44,50,0.3,0.1,0.3,0.15,0.15,4,1.3862943611198906,0.5,0.1489139184194933,0,1,0.5909090909090909
1,0,1,1,0,14,1,2,13,45,50,0.3,0.1,0.3,0.15,0.15,4,1.3862943611198906,0.5,0.7997333634759415,0,0,0.5777777777777777
1,1,0,0,1,20,0,2,14,46,50,0.3,0.1,0.3,0.15,0.15,4,1.3862943611198906,0.5,0.39211278898347557,0,1,0.5869565217391305
1,1,1,0,1,24,1,2,15,47,50,0.3,0.1,0.3,0.15,0.15,4,1.3862943611198906,0.5,0.8000717745367913,1,1,0.5957446808510638
1,1,1,0,0,8,1,2,16,48,50,0.3,0.1,0.3,0.15,0.15,4,1.3862943611198906,0.5,0.7979497537650431,1,1,0.6041666666666666
1,1,0,0,0,4,0,2,17,49,50,0.3,0.1,0.3,0.15,0.15,4,1.3862943611198906,0.5,0.3877903634487683,0,1,0.6122448979591837
0,0,1,0,0,5,0,2,18,50,50,0.3,0.1,0.3,0.15,0.15,4,1.3862943611198906,0.5,0.38678782850632853,0,1,0.62
0,1,0,1,0,11,0,2,19,51,50,0.3,0.1,0.3,0.15,0.15,4,1.3862943611198906,0.5,0.15985022618840414,0,1,0.6274509803921569
0,1,1,1,0,15,0,2,20,52,50,0.3,0.1,0.3,0.15,0.15,4,1.3862943611198906,0.5,0.4023858921243204,0,1,0.6346153846153846
1,0,1,0,1,22,1,2,21,53,50,0.3,0.1,0.3,0.15,0.15,4,1.3862943611198906,0.5,0.8007414551908418,1,1,0.6415094339622641
1,0,0,1,1,26,0,2,22,54,50,0.3,0.1,0.3,0.15,0.15,4,1.3862943611198906,0.5,0.40661323710725666,0,1,0.6481481481481481
1,1,1,1,0,16,1,2,23,55,50,0.3,0.1,0.3,0.15,0.15,4,1.3862943611198906,0.5,0.7978617123585715,1,1,0.6545454545454545
0,0,1,1,1,29,0,2,24,56,50,0.3,0.1,0.3,0.15,0.15,4,1.3862943611198906,0.5,0.39824743784113015,0,1,0.6607142857142857
0,1,0,1,1,27,0,2,25,57,50,0.3,0.1,0.3,0.15,0.15,4,1.3862943611198906,0.5,0.16567758718030015,0,1,0.6666666666666666
0,1,0,0,1,19,0,2,26,58,50,0.3,0.1,0.3,0.15,0.15,4,1.3862943611198906,0.5,0.15802492836739246,1,0,0.6551724137931034
1,0,1,0,0,6,1,2,27,59,50,0.3,0.1,0.3,0.15,0.15,4,1.3862943611198906,0.5,0.7990448638138845,1,1,0.6610169491525424
0,1,1,0,1,23,0,2,28,60,50,0.3,0.1,0.3,0.15,0.15,4,1.3862943611198906,0.5,0.4047867204628442,1,0,0.65
0,0,0,1,1,25,0,2,29,61,50,0.3,0.1,0.3,0.15,0.15,4,1.3862943611198906,0.5,0.1468407382260669,0,1,0.6557377049180327
1,0,1,1,1,30,1,2,30,62,50,0.3,0.1,0.3,0.15,0.15,4,1.3862943611198906,0.5,0.8022229340304567,1,1,0.6612903225806451
1,1,0,1,1,28,0,2,31,63,50,0.3,0.1,0.3,0.15,0.15,4,1.3862943611198906,0.5,0.4086074388437463,0,1,0.6666666666666666
0,0,0,1,0,9,0,2,32,64,50,0.3,0.1,0.3,0.15,0.15,4,1.3862943611198906,0.5,0.15279306343244364,0,1,0.671875
0,0,0,1,1,25,0,3,1,65,50,0.3,0.1,0.3,0.15,0.15,4,1.3862943611198906,0.5,0.14518416694881078,0,1,0.676923076923077
1,1,0,1,0,12,0,3,2,66,50,0.3,0.1,0.3,0.15,0.15,4,1.3862943611198906,0.5,0.3961981483364328,0,1,0.6818181818181818
0,0,1,1,0,13,0,3,3,67,50,0.3,0.1,0.3,0.15,0.15,4,1.3862943611198906,0.5,0.39859741849327474,1,0,0.6716417910447762
1,0,1,0,0,6,1,3,4,68,50,0.3,0.1,0.3,0.15,0.15,4,1.3862943611198906,0.5,0.8134551901152064,1,1,0.6764705882352942
1,0,0,0,1,18,0,3,5,69,50,0.3,0.1,0.3,0.15,0.15,4,1.3862943611198906,0.5,0.4011723542610889,0,1,0.6811594202898551
1,1,0,1,1,28,0,3,6,70,50,0.3,0.1,0.3,0.15,0.15,4,1.3862943611198906,0.5,0.38082457477120124,0,1,0.6857142857142857
0,1,1,1,1,31,0,3,7,71,50,0.3,0.1,0.3,0.15,0.15,4,1.3862943611198906,0.5,0.3933482209921461,0,1,0.6901408450704225
0,1,0,1,0,11,0,3,8,72,50,0.3,0.1,0.3,0.15,0.15,4,1.3862943611198906,0.5,0.14621363745416124,0,1,0.6944444444444444
0,1,0,0,1,19,0,3,9,73,50,0.3,0.1,0.3,0.15,0.15,4,1.3862943611198906,0.5,0.14771013839211378,0,1,0.6986301369863014
1,0,1,1,1,30,1,3,10,74,50,0.3,0.1,0.3,0.15,0.15,4,1.3862943611198906,0.5,0.8068469511767064,0,0,0.6891891891891891
1,1,1,1,1,32,1,3,11,75,50,0.3,0.1,0.3,0.15,0.15,4,1.3862943611198906,0.5,0.8048266068755525,1,1,0.6933333333333334
0,0,1,1,1,29,0,3,12,76,50,0.3,0.1,0.3,0.15,0.15,4,1.3862943611198906,0.5,0.4046749741114658,0,1,0.6973684210526315
0,1,1,1,0,15,0,3,13,77,50,0.3,0.1,0.3,0.15,0.15,4,1.3862943611198906,0.5,0.385319008837063,0,1,0.7012987012987013
1,1,0,0,1,20,0,3,14,78,50,0.3,0.1,0.3,0.15,0.15,4,1.3862943611198906,0.5,0.3911695943041795,1,0,0.6923076923076923
0,0,0,0,0,1,0,3,15,79,50,0.3,0.1,0.3,0.15,0.15,4,1.3862943611198906,0.5,0.15377247348196701,0,1,0.6962025316455697
1,0,1,0,1,22,1,3,16,80,50,0.3,0.1,0.3,0.15,0.15,4,1.3862943611198906,0.5,0.8141028581381012,0,0,0.6875
1,0,0,1,0,10,0,3,17,81,50,0.3,0.1,0.3,0.15,0.15,4,1.3862943611198906,0.5,0.395213941969883,0,1,0.691358024691358
1,1,1,0,0,8,1,3,18,82,50,0.3,0.1,0.3,0.15,0.15,4,1.3862943611198906,0.5,0.810728872293572,1,1,0.6951219512195121
1,1,1,1,0,16,1,3,19,83,50,0.3,0.1,0.3,0.15,0.15,4,1.3862943611198906,0.5,0.7991069497099665,1,1,0.6987951807228916
1,0,1,1,0,14,1,3,20,84,50,0.3,0.1,0.3,0.15,0.15,4,1.3862943611198906,0.5,0.804755948879083,1,1,0.7023809523809523
1,0,0,1,1,26,0,3,21,85,50,0.3,0.1,0.3,0.15,0.15,4,1.3862943611198906,0.5,0.3908668159647767,0,1,0.7058823529411765
0,1,0,1,1,27,0,3,22,86,50,0.3,0.1,0.3,0.15,0.15,4,1.3862943611198906,0.5,0.14422777294468336,0,1,0.7093023255813954
0,1,0,0,0,3,0,3,23,87,50,0.3,0.1,0.3,0.15,0.15,4,1.3862943611198906,0.5,0.14929174683016627,0,1,0.7126436781609196
1,1,1,0,1,24,1,3,24,88,50,0.3,0.1,0.3,0.15,0.15,4,1.3862943611198906,0.5,0.8099173852509199,1,1,0.7159090909090909
0,0,1,0,0,5,0,3,25,89,50,0.3,0.1,0.3,0.15,0.15,4,1.3862943611198906,0.5,0.4140619813305495,1,0,0.7078651685393258
0,0,0,0,1,17,0,3,26,90,50,0.3,0.1,0.3,0.15,0.15,4,1.3862943611198906,0.5,0.14749396636920897,1,0,0.7
0,1,1,0,1,23,0,3,27,91,50,0.3,0.1,0.3,0.15,0.15,4,1.3862943611198906,0.5,0.40931116029477693,1,0,0.6923076923076923
0,0,0,1,0,9,0,3,28,92,50,0.3,0.1,0.3,0.15,0.15,4,1.3862943611198906,0.5,0.14616028036127449,0,1,0.6956521739130435
0,1,1,0,0,7,0,3,29,93,50,0.3,0.1,0.3,0.15,0.15,4,1.3862943611198906,0.5,0.40274971157085504,1,0,0.6881720430107527
1,0,0,0,0,2,0,3,30,94,50,0.3,0.1,0.3,0.15,0.15,4,1.3862943611198906,0.5,0.40947387738315144,0,1,0.6914893617021277
1,1,0,0,0,4,0,3,31,95,50,0.3,0.1,0.3,0.15,0.15,4,1.3862943611198906,0.5,0.40215726275704,1,0,0.6842105263157895
0,0,1,0,1,21,0,3,32,96,50,0.3,0.1,0.3,0.15,0.15,4,1.3862943611198906,0.5,0.4050604234532663,0,1,0.6875
1,1,1,1,1,32,1,1,1,1,51,0.3,0.1,0.3,0.15,0.15,5,1.6094379124341003,0.5,0.5,0,0,0
1,0,0,1,0,10,0,1,2,2,51,0.3,0.1,0.3,0.15,0.15,5,1.6094379124341003,0.5,0.5,0,1,0.5
1,0,1,1,1,30,1,1,3,3,51,0.3,0.1,0.3,0.15,0.15,5,1.6094379124341003,0.5,0.8519528019683105,1,1,0.6666666666666666
1,1,0,1,0,12,0,1,4,4,51,0.3,0.1,0.3,0.15,0.15,5,1.6094379124341003,0.5,0.12248879195773409,0,1,0.75
1,0,1,0,1,22,1,1,5,5,51,0.3,0.1,0.3,0.15,0.15,5,1.6094379124341003,0.5,0.9046505351008906,1,1,0.8
0,0,1,1,1,29,0,1,6,6,51,0.3,0.1,0.3,0.15,0.15,5,1.6094379124341003,0.5,0.8911260866564471,1,0,0.6666666666666666
1,0,0,0,0,2,0,1,7,7,51,0.3,0.1,0.3,0.15,0.15,5,1.6094379124341003,0.5,0.19404506762624854,0,1,0.7142857142857143
0,1,0,0,0,3,0,1,8,8,51,0.3,0.1,0.3,0.15,0.15,5,1.6094379124341003,0.5,0.1133645125951868,0,1,0.75
1,0,1,1,0,14,1,1,9,9,51,0.3,0.1,0.3,0.15,0.15,5,1.6094379124341003,0.5,0.7371728521764318,1,1,0.7777777777777778
1,1,1,1,0,16,1,1,10,10,51,0.3,0.1,0.3,0.15,0.15,5,1.6094379124341003,0.5,0.7862992090734395,1,1,0.8
0,0,1,1,0,13,0,1,11,11,51,0.3,0.1,0.3,0.15,0.15,5,1.6094379124341003,0.5,0.474446266648481,1,0,0.7272727272727273
0,0,0,1,0,9,0,1,12,12,51,0.3,0.1,0.3,0.15,0.15,5,1.6094379124341003,0.5,0.12537034862328883,0,1,0.75
1,1,0,1,1,28,0,1,13,13,51,0.3,0.1,0.3,0.15,0.15,5,1.6094379124341003,0.5,0.4404573536470076,1,0,0.6923076923076923
1,0,0,1,1,26,0,1,14,14,51,0.3,0.1,0.3,0.15,0.15,5,1.6094379124341003,0.5,0.3604669076468167,0,1,0.7142857142857143
0,1,0,0,1,19,0,1,15,15,51,0.3,0.1,0.3,0.15,0.15,5,1.6094379124341003,0.5,0.13209084348802233,0,1,0.7333333333333333
0,1,1,1,1,31,0,1,16,16,51,0.3,0.1,0.3,0.15,0.15,5,1.6094379124341003,0.5,0.4890059659640437,0,1,0.75
0,0,0,0,0,1,0,1,17,17,51,0.3,0.1,0.3,0.15,0.15,5,1.6094379124341003,0.5,0.07924211789142555,0,1,0.7647058823529411
0,1,0,1,1,27,0,1,18,18,51,0.3,0.1,0.3,0.15,0.15,5,1.6094379124341003,0.5,0.13123268286649098,0,1,0.7777777777777778
0,1,1,1,0,15,0,1,19,19,51,0.3,0.1,0.3,0.15,0.15,5,1.6094379124341003,0.5,0.42568964588968344,1,0,0.7368421052631579
1,1,0,0,0,4,0,1,20,20,51,0.3,0.1,0.3,0.15,0.15,5,1.6094379124341003,0.5,0.2711906753375086,0,1,0.75
0,1,1,0,1,23,0,1,21,21,51,0.3,0.1,0.3,0.15,0.15,5,1.6094379124341003,0.5,0.3989088751997985,1,0,0.7142857142857143
1,1,1,0,1,24,1,1,22,22,51,0.3,0.1,0.3,0.15,0.15,5,1.6094379124341003,0.5,0.8453851909464228,1,1,0.7272727272727273
0,0,0,1,1,25,0,1,23,23,51,0.3,0.1,0.3,0.15,0.15,5,1.6094379124341003,0.5,0.12425878044059413,0,1,0.7391304347826086
0,0,1,0,1,21,0,1,24,24,51,0.3,0.1,0.3,0.15,0.15,5,1.6094379124341003,0.5,0.42382396751811813,1,0,0.7083333333333334
1,0,0,0,1,18,0,1,25,25,51,0.3,0.1,0.3,0.15,0.15,5,1.6094379124341003,0.5,0.41829792356547085,1,0,0.68
0,1,0,1,0,11,0,1,26,26,51,0.3,0.1,0.3,0.15,0.15,5,1.6094379124341003,0.5,0.10443789788559864,0,1,0.6923076923076923
0,0,1,0,0,5,0,1,27,27,51,0.3,0.1,0.3,0.15,0.15,5,1.6094379124341003,0.5,0.3401486835995945,0,1,0.7037037037037037
1,0,1,0,0,6,1,1,28,28,51,0.3,0.1,0.3,0.15,0.15,5,1.6094379124341003,0.5,0.8135646321392964,1,1,0.7142857142857143
1,1,1,0,0,8,1,1,29,29,51,0.3,0.1,0.3,0.15,0.15,5,1.6094379124341003,0.5,0.8432236216326783,1,1,0.7241379310344828
0,1,1,0,0,7,0,1,30,30,51,0.3,0.1,0.3,0.15,0.15,5,1.6094379124341003,0.5,0.3787625866263303,0,1,0.7333333333333333
0,0,0,0,1,17,0,1,31,31,51,0.3,0.1,0.3,0.15,0.15,5,1.6094379124341003,0.5,0.10890551405462205,0,1,0.7419354838709677
1,1,0,0,1,20,0,1,32,32,51,0.3,0.1,0.3,0.15,0.15,5,1.6094379124341003,0.5,0.3942141541740454,0,1,0.75
1,1,0,0,0,4,0,2,1,33,51,0.3,0.1,0.3,0.15,0.15,5,1.6094379124341003,0.5,0.3446366800465236,0,1,0.7575757575757576
0,1,0,0,0,3,0,2,2,34,51,0.3,0.1,0.3,0.15,0.15,5,1.6094379124341003,0.5,0.09339302198217855,0,1,0.7647058823529411
1,0,1,1,0,14,1,2,3,35,51,0.3,0.1,0.3,0.15,0.15,5,1.6094379124341003,0.5,0.8624123950495786,0,0,0.7428571428571429
0,0,1,1,0,13,0,2,4,36,51,0.3,0.1,0.3,0.15,0.15,5,1.6094379124341003,0.5,0.39042928784931785,0,1,0.75
1,0,1,0,0,6,1,2,5,37,51,0.3,0.1,0.3,0.15,0.15,5,1.6094379124341003,0.5,0.8558455860923342,0,0,0.7297297297297297
0,0,0,0,1,17,0,2,6,38,51,0.3,0.1,0.3,0.15,0.15,5,1.6094379124341003,0.5,0.09362825862510736,0,1,0.7368421052631579
1,1,0,0,1,20,0,2,7,39,51,0.3,0.1,0.3,0.15,0.15,5,1.6094379124341003,0.5,0.32129547181252177,0,1,0.7435897435897436
0,1,1,0,1,23,0,2,8,40,51,0.3,0.1,0.3,0.15,0.15,5,1.6094379124341003,0.5,0.34100477275243907,0,1,0.75
1,1,1,1,1,32,1,2,9,41,51,0.3,0.1,0.3,0.15,0.15,5,1.6094379124341003,0.5,0.8493614719054291,1,1,0.7560975609756098
0,0,0,1,0,9,0,2,10,42,51,0.3,0.1,0.3,0.15,0.15,5,1.6094379124341003,0.5,0.10774256917275056,0,1,0.7619047619047619
1,0,0,0,0,2,0,2,11,43,51,0.3,0.1,0.3,0.15,0.15,5,1.6094379124341003,0.5,0.3592097124315219,0,1,0.7674418604651163
0,1,1,1,0,15,0,2,12,44,51,0.3,0.1,0.3,0.15,0.15,5,1.6094379124341003,0.5,0.36048942584695526,0,1,0.7727272727272727
1,1,0,1,0,12,0,2,13,45,51,0.3,0.1,0.3,0.15,0.15,5,1.6094379124341003,0.5,0.35968702137839687,0,1,0.7777777777777778
1,0,0,1,1,26,0,2,14,46,51,0.3,0.1,0.3,0.15,0.15,5,1.6094379124341003,0.5,0.3683911959695548,1,0,0.7608695652173914
1,0,1,0,1,22,1,2,15,47,51,0.3,0.1,0.3,0.15,0.15,5,1.6094379124341003,0.5,0.8524788065371067,1,1,0.7659574468085106
0,1,1,1,1,31,0,2,16,48,51,0.3,0.1,0.3,0.15,0.15,5,1.6094379124341003,0.5,0.36265629454178766,0,1,0.7708333333333334
0,1,0,1,1,27,0,2,17,49,51,0.3,0.1,0.3,0.15,0.15,5,1.6094379124341003,0.5,0.10293474924726405,0,1,0.7755102040816326
1,1,1,0,0,8,1,2,18,50,51,0.3,0.1,0.3,0.15,0.15,5,1.6094379124341003,0.5,0.8460486891796514,1,1,0.78
0,0,1,0,1,21,0,2,19,51,51,0.3,0.1,0.3,0.15,0.15,5,1.6094379124341003,0.5,0.3713243575074786,1,0,0.7647058823529411
0,0,0,1,1,25,0,2,20,52,51,0.3,0.1,0.3,0.15,0.15,5,1.6094379124341003,0.5,0.09327796579913612,0,1,0.7692307692307693
0,1,1,0,0,7,0,2,21,53,51,0.3,0.1,0.3,0.15,0.15,5,1.6094379124341003,0.5,0.3689324979424244,1,0,0.7547169811320755
0,0,0,0,0,1,0,2,22,54,51,0.3,0.1,0.3,0.15,0.15,5,1.6094379124341003,0.5,0.10580841453574058,0,1,0.7592592592592593
1,0,1,1,1,30,1,2,23,55,51,0.3,0.1,0.3,0.15,0.15,5,1.6094379124341003,0.5,0.8583054116408064,0,0,0.7454545454545455
0,1,0,0,1,19,0,2,24,56,51,0.3,0.1,0.3,0.15,0.15,5,1.6094379124341003,0.5,0.09013255979608943,0,1,0.75
1,1,0,1,1,28,0,2,25,57,51,0.3,0.1,0.3,0.15,0.15,5,1.6094379124341003,0.5,0.36044171421076615,0,1,0.7543859649122807
0,1,0,1,0,11,0,2,26,58,51,0.3,0.1,0.3,0.15,0.15,5,1.6094379124341003,0.5,0.09091421419892684,0,1,0.7586206896551724
1,0,0,0,1,18,0,2,27,59,51,0.3,0.1,0.3,0.15,0.15,5,1.6094379124341003,0.5,0.3648951590445345,0,1,0.7627118644067796
0,0,1,0,0,5,0,2,28,60,51,0.3,0.1,0.3,0.15,0.15,5,1.6094379124341003,0.5,0.3756558553645192,1,0,0.75
1,1,1,1,0,16,1,2,29,61,51,0.3,0.1,0.3,0.15,0.15,5,1.6094379124341003,0.5,0.8528297626313601,1,1,0.7540983606557377
0,0,1,1,1,29,0,2,30,62,51,0.3,0.1,0.3,0.15,0.15,5,1.6094379124341003,0.5,0.36817345065797186,0,1,0.7580645161290323
1,1,1,0,1,24,1,2,31,63,51,0.3,0.1,0.3,0.15,0.15,5,1.6094379124341003,0.5,0.8451401880728365,1,1,0.7619047619047619
1,0,0,1,0,10,0,2,32,64,51,0.3,0.1,0.3,0.15,0.15,5,1.6094379124341003,0.5,0.3672377765934886,0,1,0.765625
1,0,0,1,0,10,0,3,1,65,51,0.3,0.1,0.3,0.15,0.15,5,1.6094379124341003,0.5,0.3446366800465236,0,1,0.7692307692307693
0,0,0,1,1,25,0,3,2,66,51,0.3,0.1,0.3,0.15,0.15,5,1.6094379124341003,0.5,0.09447686682260024,0,1,0.7727272727272727
0,1,0,0,1,19,0,3,3,67,51,0.3,0.1,0.3,0.15,0.15,5,1.6094379124341003,0.5,0.09444753583234242,0,1,0.7761194029850746
0,1,1,1,1,31,0,3,4,68,51,0.3,0.1,0.3,0.15,0.15,5,1.6094379124341003,0.5,0.3519614673317402,1,0,0.7647058823529411
1,0,1,0,0,6,1,3,5,69,51,0.3,0.1,0.3,0.15,0.15,5,1.6094379124341003,0.5,0.862261761888696,1,1,0.7681159420289855
0,0,0,0,0,1,0,3,6,70,51,0.3,0.1,0.3,0.15,0.15,5,1.6094379124341003,0.5,0.10166296015314141,0,1,0.7714285714285715
1,1,0,1,0,12,0,3,7,71,51,0.3,0.1,0.3,0.15,0.15,5,1.6094379124341003,0.5,0.3427403983316549,1,0,0.7605633802816901
1,0,0,0,1,18,0,3,8,72,51,0.3,0.1,0.3,0.15,0.15,5,1.6094379124341003,0.5,0.3548281591885424,0,1,0.7638888888888888
0,1,1,0,0,7,0,3,9,73,51,0.3,0.1,0.3,0.15,0.15,5,1.6094379124341003,0.5,0.3673808748097691,0,1,0.7671232876712328
0,0,1,0,1,21,0,3,10,74,51,0.3,0.1,0.3,0.15,0.15,5,1.6094379124341003,0.5,0.35684543478328085,0,1,0.7702702702702703
1,0,1,0,1,22,1,3,11,75,51,0.3,0.1,0.3,0.15,0.15,5,1.6094379124341003,0.5,0.8562570843250734,1,1,0.7733333333333333
1,0,1,1,0,14,1,3,12,76,51,0.3,0.1,0.3,0.15,0.15,5,1.6094379124341003,0.5,0.8555835132880169,1,1,0.7763157894736842
0,0,0,1,0,9,0,3,13,77,51,0.3,0.1,0.3,0.15,0.15,5,1.6094379124341003,0.5,0.09925318812700118,1,0,0.7662337662337663
1,1,1,0,1,24,1,3,14,78,51,0.3,0.1,0.3,0.15,0.15,5,1.6094379124341003,0.5,0.8561003480301574,1,1,0.7692307692307693
0,1,0,1,0,11,0,3,15,79,51,0.3,0.1,0.3,0.15,0.15,5,1.6094379124341003,0.5,0.08925168275426652,1,0,0.759493670886076
1,1,0,1,1,28,0,3,16,80,51,0.3,0.1,0.3,0.15,0.15,5,1.6094379124341003,0.5,0.3396017882508923,1,0,0.75
1,1,0,0,1,20,0,3,17,81,51,0.3,0.1,0.3,0.15,0.15,5,1.6094379124341003,0.5,0.3576663217932697,0,1,0.7530864197530864
1,1,1,1,1,32,1,3,18,82,51,0.3,0.1,0.3,0.15,0.15,5,1.6094379124341003,0.5,0.8480415265702265,1,1,0.7560975609756098
1,0,1,1,1,30,1,3,19,83,51,0.3,0.1,0.3,0.15,0.15,5,1.6094379124341003,0.5,0.858738580604187,1,1,0.7590361445783133
0,1,1,1,0,15,0,3,20,84,51,0.3,0.1,0.3,0.15,0.15,5,1.6094379124341003,0.5,0.34369692155657994,0,1,0.7619047619047619
0,0,1,0,0,5,0,3,21,85,51,0.3,0.1,0.3,0.15,0.15,5,1.6094379124341003,0.5,0.3541873787176466,0,1,0.7647058823529411
0,1,1,0,1,23,0,3,22,86,51,0.3,0.1,0.3,0.15,0.15,5,1.6094379124341003,0.5,0.35184449782901744,0,1,0.7674418604651163
1,0,0,0,0,2,0,3,23,87,51,0.3,0.1,0.3,0.15,0.15,5,1.6094379124341003,0.5,0.35713646005181865,0,1,0.7701149425287356
1,0,0,1,1,26,0,3,24,88,51,0.3,0.1,0.3,0.15,0.15,5,1.6094379124341003,0.5,0.3586470865047555,0,1,0.7727272727272727
0,1,0,0,0,3,0,3,25,89,51,0.3,0.1,0.3,0.15,0.15,5,1.6094379124341003,0.5,0.09167049239376317,0,1,0.7752808988764045
1,1,0,0,0,4,0,3,26,90,51,0.3,0.1,0.3,0.15,0.15,5,1.6094379124341003,0.5,0.3339496603686637,0,1,0.7777777777777778
1,1,1,1,0,16,1,3,27,91,51,0.3,0.1,0.3,0.15,0.15,5,1.6094379124341003,0.5,0.8485084945495864,1,1,0.7802197802197802
1,1,1,0,0,8,1,3,28,92,51,0.3,0.1,0.3,0.15,0.15,5,1.6094379124341003,0.5,0.8465531403561002,1,1,0.782608695652174
0,0,1,1,1,29,0,3,29,93,51,0.3,0.1,0.3,0.15,0.15,5,1.6094379124341003,0.5,0.36309285557193927,0,1,0.7849462365591398
0,0,1,1,0,13,0,3,30,94,51,0.3,0.1,0.3,0.15,0.15,5,1.6094379124341003,0.5,0.35484631686669144,0,1,0.7872340425531915
0,0,0,0,1,17,0,3,31,95,51,0.3,0.1,0.3,0.15,0.15,5,1.6094379124341003,0.5,0.09889547101514877,0,1,0.7894736842105263
0,1,0,1,1,27,0,3,32,96,51,0.3,0.1,0.3,0.15,0.15,5,1.6094379124341003,0.5,0.09833296211335679,0,1,0.7916666666666666
1,0,0,0,1,18,0,1,1,1,52,0.3,0.1,0.3,0.15,0.15,5,1.6094379124341003,0.5,0.5,0,1,1
1,0,1,1,1,30,1,1,2,2,52,0.3,0.1,0.3,0.15,0.15,5,1.6094379124341003,0.5,0.5,1,1,1
1,1,1,1,1,32,1,1,3,3,52,0.3,0.1,0.3,0.15,0.15,5,1.6094379124341003,0.5,0.9046505351008906,1,1,1
0,0,0,0,1,17,0,1,4,4,52,0.3,0.1,0.3,0.15,0.15,5,1.6094379124341003,0.5,0.07805511989381765,0,1,1
0,0,1,1,1,29,0,1,5,5,52,0.3,0.1,0.3,0.15,0.15,5,1.6094379124341003,0.5,0.7354911322877482,1,0,0.8
1,0,0,1,0,10,0,1,6,6,52,0.3,0.1,0.3,0.15,0.15,5,1.6094379124341003,0.5,0.46144406665844645,1,0,0.6666666666666666
1,1,1,0,0,8,1,1,7,7,52,0.3,0.1,0.3,0.15,0.15,5,1.6094379124341003,0.5,0.8062213287508182,1,1,0.7142857142857143
0,1,1,0,1,23,0,1,8,8,52,0.3,0.1,0.3,0.15,0.15,5,1.6094379124341003,0.5,0.4439605965597844,1,0,0.625
0,1,0,1,0,11,0,1,9,9,52,0.3,0.1,0.3,0.15,0.15,5,1.6094379124341003,0.5,0.19770951042798435,0,1,0.6666666666666666
1,0,1,0,1,22,1,1,10,10,52,0.3,0.1,0.3,0.15,0.15,5,1.6094379124341003,0.5,0.7857226772589628,1,1,0.7
0,1,0,1,1,27,0,1,11,11,52,0.3,0.1,0.3,0.15,0.15,5,1.6094379124341003,0.5,0.12293796697678273,0,1,0.7272727272727273
1,1,1,1,0,16,1,1,12,12,52,0.3,0.1,0.3,0.15,0.15,5,1.6094379124341003,0.5,0.8693866455953491,1,1,0.75
0,1,1,0,0,7,0,1,13,13,52,0.3,0.1,0.3,0.15,0.15,5,1.6094379124341003,0.5,0.4360723783894888,0,1,0.7692307692307693
0,0,0,1,0,9,0,1,14,14,52,0.3,0.1,0.3,0.15,0.15,5,1.6094379124341003,0.5,0.08594165835760895,0,1,0.7857142857142857
0,0,1,0,0,5,0,1,15,15,52,0.3,0.1,0.3,0.15,0.15,5,1.6094379124341003,0.5,0.3204664554722856,1,0,0.7333333333333333
0,0,1,1,0,13,0,1,16,16,52,0.3,0.1,0.3,0.15,0.15,5,1.6094379124341003,0.5,0.3057861813174654,0,1,0.75
0,1,0,0,1,19,0,1,17,17,52,0.3,0.1,0.3,0.15,0.15,5,1.6094379124341003,0.5,0.09750014506687824,0,1,0.7647058823529411
0,1,1,1,0,15,0,1,18,18,52,0.3,0.1,0.3,0.15,0.15,5,1.6094379124341003,0.5,0.34039160998487883,0,1,0.7777777777777778
0,0,0,1,1,25,0,1,19,19,52,0.3,0.1,0.3,0.15,0.15,5,1.6094379124341003,0.5,0.10131327340145863,0,1,0.7894736842105263
0,1,0,0,0,3,0,1,20,20,52,0.3,0.1,0.3,0.15,0.15,5,1.6094379124341003,0.5,0.09962971895571322,0,1,0.8
1,1,0,1,1,28,0,1,21,21,52,0.3,0.1,0.3,0.15,0.15,5,1.6094379124341003,0.5,0.5479883850768529,0,1,0.8095238095238095
1,0,1,1,0,14,1,1,22,22,52,0.3,0.1,0.3,0.15,0.15,5,1.6094379124341003,0.5,0.8391503748469049,1,1,0.8181818181818182
1,1,0,0,0,4,0,1,23,23,52,0.3,0.1,0.3,0.15,0.15,5,1.6094379124341003,0.5,0.4742044153291623,0,1,0.8260869565217391
1,0,1,0,0,6,1,1,24,24,52,0.3,0.1,0.3,0.15,0.15,5,1.6094379124341003,0.5,0.8449986651263257,1,1,0.8333333333333334
1,1,0,0,1,20,0,1,25,25,52,0.3,0.1,0.3,0.15,0.15,5,1.6094379124341003,0.5,0.34810546533494113,1,0,0.8
1,1,0,1,0,12,0,1,26,26,52,0.3,0.1,0.3,0.15,0.15,5,1.6094379124341003,0.5,0.4033924106775261,0,1,0.8076923076923077
1,0,0,0,0,2,0,1,27,27,52,0.3,0.1,0.3,0.15,0.15,5,1.6094379124341003,0.5,0.39566059226159267,0,1,0.8148148148148148
0,0,0,0,0,1,0,1,28,28,52,0.3,0.1,0.3,0.15,0.15,5,1.6094379124341003,0.5,0.10558214976241512,0,1,0.8214285714285714
1,0,0,1,1,26,0,1,29,29,52,0.3,0.1,0.3,0.15,0.15,5,1.6094379124341003,0.5,0.38766236094700524,0,1,0.8275862068965517
0,1,1,1,1,31,0,1,30,30,52,0.3,0.1,0.3,0.15,0.15,5,1.6094379124341003,0.5,0.4015120463066193,0,1,0.8333333333333334
1,1,1,0,1,24,1,1,31,31,52,0.3,0.1,0.3,0.15,0.15,5,1.6094379124341003,0.5,0.83668773631601,1,1,0.8387096774193549
0,0,1,0,1,21,0,1,32,32,52,0.3,0.1,0.3,0.15,0.15,5,1.6094379124341003,0.5,0.3942141541740454,1,0,0.8125
1,0,0,1,1,26,0,2,1,33,52,0.3,0.1,0.3,0.15,0.15,5,1.6094379124341003,0.5,0.3446366800465236,1,0,0.7878787878787878
1,1,1,1,0,16,1,2,2,34,52,0.3,0.1,0.3,0.15,0.15,5,1.6094379124341003,0.5,0.8586573085941801,0,0,0.7647058823529411
0,1,1,0,1,23,0,2,3,35,52,0.3,0.1,0.3,0.15,0.15,5,1.6094379124341003,0.5,0.34056583724722206,0,1,0.7714285714285715
1,1,1,1,1,32,1,2,4,36,52,0.3,0.1,0.3,0.15,0.15,5,1.6094379124341003,0.5,0.8530454746740327,0,0,0.75
1,1,1,0,0,8,1,2,5,37,52,0.3,0.1,0.3,0.15,0.15,5,1.6094379124341003,0.5,0.8535981113849881,1,1,0.7567567567567568
1,1,0,0,0,4,0,2,6,38,52,0.3,0.1,0.3,0.15,0.15,5,1.6094379124341003,0.5,0.3729294249608257,0,1,0.7631578947368421
0,0,0,1,0,9,0,2,7,39,52,0.3,0.1,0.3,0.15,0.15,5,1.6094379124341003,0.5,0.09812782019577426,0,1,0.7692307692307693
0,1,1,0,0,7,0,2,8,40,52,0.3,0.1,0.3,0.15,0.15,5,1.6094379124341003,0.5,0.36915063862491865,1,0,0.75
1,1,0,1,0,12,0,2,9,41,52,0.3,0.1,0.3,0.15,0.15,5,1.6094379124341003,0.5,0.3732085739194568,1,0,0.7317073170731707
0,0,0,0,1,17,0,2,10,42,52,0.3,0.1,0.3,0.15,0.15,5,1.6094379124341003,0.5,0.09137489231776906,0,1,0.7380952380952381
1,1,1,0,1,24,1,2,11,43,52,0.3,0.1,0.3,0.15,0.15,5,1.6094379124341003,0.5,0.8500377032553753,0,0,0.7209302325581395
0,1,0,0,1,19,0,2,12,44,52,0.3,0.1,0.3,0.15,0.15,5,1.6094379124341003,0.5,0.10303966623858206,0,1,0.7272727272727273
1,0,0,0,1,18,0,2,13,45,52,0.3,0.1,0.3,0.15,0.15,5,1.6094379124341003,0.5,0.33059766515142386,1,0,0.7111111111111111
1,0,1,0,1,22,1,2,14,46,52,0.3,0.1,0.3,0.15,0.15,5,1.6094379124341003,0.5,0.8438911181873594,1,1,0.717391304347826
0,1,0,0,0,3,0,2,15,47,52,0.3,0.1,0.3,0.15,0.15,5,1.6094379124341003,0.5,0.09894003346045115,0,1,0.723404255319149
0,0,1,0,0,5,0,2,16,48,52,0.3,0.1,0.3,0.15,0.15,5,1.6094379124341003,0.5,0.34590787312330223,1,0,0.7083333333333334
1,0,1,1,1,30,1,2,17,49,52,0.3,0.1,0.3,0.15,0.15,5,1.6094379124341003,0.5,0.8572737238439939,1,1,0.7142857142857143
0,0,1,0,1,21,0,2,18,50,52,0.3,0.1,0.3,0.15,0.15,5,1.6094379124341003,0.5,0.35462509380525115,1,0,0.7
0,0,1,1,0,13,0,2,19,51,52,0.3,0.1,0.3,0.15,0.15,5,1.6094379124341003,0.5,0.34451135866683236,1,0,0.6862745098039216
1,1,0,0,1,20,0,2,20,52,52,0.3,0.1,0.3,0.15,0.15,5,1.6094379124341003,0.5,0.3675344031953394,0,1,0.6923076923076923
1,1,0,1,1,28,0,2,21,53,52,0.3,0.1,0.3,0.15,0.15,5,1.6094379124341003,0.5,0.3666073616324815,0,1,0.6981132075471698
1,0,1,1,0,14,1,2,22,54,52,0.3,0.1,0.3,0.15,0.15,5,1.6094379124341003,0.5,0.8485801001718462,1,1,0.7037037037037037
0,1,1,1,1,31,0,2,23,55,52,0.3,0.1,0.3,0.15,0.15,5,1.6094379124341003,0.5,0.38714704793141297,0,1,0.7090909090909091
0,1,1,1,0,15,0,2,24,56,52,0.3,0.1,0.3,0.15,0.15,5,1.6094379124341003,0.5,0.35954101017505297,1,0,0.6964285714285714
0,0,0,0,0,1,0,2,25,57,52,0.3,0.1,0.3,0.15,0.15,5,1.6094379124341003,0.5,0.09160141539298683,1,0,0.6842105263157895
1,0,1,0,0,6,1,2,26,58,52,0.3,0.1,0.3,0.15,0.15,5,1.6094379124341003,0.5,0.8458192544782094,1,1,0.6896551724137931
0,0,0,1,1,25,0,2,27,59,52,0.3,0.1,0.3,0.15,0.15,5,1.6094379124341003,0.5,0.10448059782692627,1,0,0.6779661016949152
0,0,1,1,1,29,0,2,28,60,52,0.3,0.1,0.3,0.15,0.15,5,1.6094379124341003,0.5,0.3536921088550319,0,1,0.6833333333333333
0,1,0,1,1,27,0,2,29,61,52,0.3,0.1,0.3,0.15,0.15,5,1.6094379124341003,0.5,0.10079978204553854,0,1,0.6885245901639344
0,1,0,1,0,11,0,2,30,62,52,0.3,0.1,0.3,0.15,0.15,5,1.6094379124341003,0.5,0.09902039505378434,0,1,0.6935483870967742
1,0,0,1,0,10,0,2,31,63,52,0.3,0.1,0.3,0.15,0.15,5,1.6094379124341003,0.5,0.3766797976148777,0,1,0.6984126984126984
1,0,0,0,0,2,0,2,32,64,52,0.3,0.1,0.3,0.15,0.15,5,1.6094379124341003,0.5,0.3672377765934886,1,0,0.6875
0,0,1,1,1,29,0,3,1,65,52,0.3,0.1,0.3,0.15,0.15,5,1.6094379124341003,0.5,0.3446366800465236,0,1,0.6923076923076923
0,0,0,0,0,1,0,3,2,66,52,0.3,0.1,0.3,0.15,0.15,5,1.6094379124341003,0.5,0.09494657809349831,0,1,0.696969696969697
0,1,1,0,0,7,0,3,3,67,52,0.3,0.1,0.3,0.15,0.15,5,1.6094379124341003,0.5,0.3470690263730083,0,1,0.7014925373134329
1,1,0,0,1,20,0,3,4,68,52,0.3,0.1,0.3,0.15,0.15,5,1.6094379124341003,0.5,0.3558366947136372,0,1,0.7058823529411765
1,1,1,1,0,16,1,3,5,69,52,0.3,0.1,0.3,0.15,0.15,5,1.6094379124341003,0.5,0.8598901822947507,1,1,0.7101449275362319
1,0,1,1,0,14,1,3,6,70,52,0.3,0.1,0.3,0.15,0.15,5,1.6094379124341003,0.5,0.8629548363810171,1,1,0.7142857142857143
0,0,1,0,0,5,0,3,7,71,52,0.3,0.1,0.3,0.15,0.15,5,1.6094379124341003,0.5,0.3338848081878479,0,1,0.7183098591549296
1,0,1,1,1,30,1,3,8,72,52,0.3,0.1,0.3,0.15,0.15,5,1.6094379124341003,0.5,0.8557655563464953,1,1,0.7222222222222222
1,1,1,1,1,32,1,3,9,73,52,0.3,0.1,0.3,0.15,0.15,5,1.6094379124341003,0.5,0.860012463565214,1,1,0.726027397260274
1,0,0,1,0,10,0,3,10,74,52,0.3,0.1,0.3,0.15,0.15,5,1.6094379124341003,0.5,0.3756892429005223,0,1,0.7297297297297297
0,0,1,1,0,13,0,3,11,75,52,0.3,0.1,0.3,0.15,0.15,5,1.6094379124341003,0.5,0.353969365659735,0,1,0.7333333333333333
1,0,0,0,0,2,0,3,12,76,52,0.3,0.1,0.3,0.15,0.15,5,1.6094379124341003,0.5,0.3323565047150021,0,1,0.7368421052631579
0,0,0,1,1,25,0,3,13,77,52,0.3,0.1,0.3,0.15,0.15,5,1.6094379124341003,0.5,0.10639804970692895,0,1,0.7402597402597403
1,1,0,1,0,12,0,3,14,78,52,0.3,0.1,0.3,0.15,0.15,5,1.6094379124341003,0.5,0.36794857912242757,0,1,0.7435897435897436
0,0,0,1,0,9,0,3,15,79,52,0.3,0.1,0.3,0.15,0.15,5,1.6094379124341003,0.5,0.10085640016008923,0,1,0.7468354430379747
0,1,0,0,0,3,0,3,16,80,52,0.3,0.1,0.3,0.15,0.15,5,1.6094379124341003,0.5,0.0902625433462212,1,0,0.7375
1,0,0,0,1,18,0,3,17,81,52,0.3,0.1,0.3,0.15,0.15,5,1.6094379124341003,0.5,0.33582344214793886,0,1,0.7407407407407407
0,1,0,1,0,11,0,3,18,82,52,0.3,0.1,0.3,0.15,0.15,5,1.6094379124341003,0.5,0.10110838121938746,0,1,0.7439024390243902
1,1,1,0,0,8,1,3,19,83,52,0.3,0.1,0.3,0.15,0.15,5,1.6094379124341003,0.5,0.8475699678941413,1,1,0.7469879518072289
1,0,1,0,0,6,1,3,20,84,52,0.3,0.1,0.3,0.15,0.15,5,1.6094379124341003,0.5,0.8462903935507908,1,1,0.75
0,1,0,0,1,19,0,3,21,85,52,0.3,0.1,0.3,0.15,0.15,5,1.6094379124341003,0.5,0.09200206749349459,1,0,0.7411764705882353
0,1,0,1,1,27,0,3,22,86,52,0.3,0.1,0.3,0.15,0.15,5,1.6094379124341003,0.5,0.09660580587189176,0,1,0.7441860465116279
0,0,1,0,1,21,0,3,23,87,52,0.3,0.1,0.3,0.15,0.15,5,1.6094379124341003,0.5,0.34293801918607425,0,1,0.7471264367816092
0,1,1,0,1,23,0,3,24,88,52,0.3,0.1,0.3,0.15,0.15,5,1.6094379124341003,0.5,0.3381709093071503,0,1,0.75
1,1,0,1,1,28,0,3,25,89,52,0.3,0.1,0.3,0.15,0.15,5,1.6094379124341003,0.5,0.36399554907910703,0,1,0.7528089887640449
0,0,0,0,1,17,0,3,26,90,52,0.3,0.1,0.3,0.15,0.15,5,1.6094379124341003,0.5,0.08826796047657123,0,1,0.7555555555555555
1,1,0,0,0,4,0,3,27,91,52,0.3,0.1,0.3,0.15,0.15,5,1.6094379124341003,0.5,0.3552205983793498,0,1,0.7582417582417582
0,1,1,1,0,15,0,3,28,92,52,0.3,0.1,0.3,0.15,0.15,5,1.6094379124341003,0.5,0.3741102921662522,0,1,0.7608695652173914
1,0,1,0,1,22,1,3,29,93,52,0.3,0.1,0.3,0.15,0.15,5,1.6094379124341003,0.5,0.8487459949412115,1,1,0.7634408602150538
1,0,0,1,1,26,0,3,30,94,52,0.3,0.1,0.3,0.15,0.15,5,1.6094379124341003,0.5,0.3599710040736294,0,1,0.7659574468085106
1,1,1,0,1,24,1,3,31,95,52,0.3,0.1,0.3,0.15,0.15,5,1.6094379124341003,0.5,0.8517269024673058,1,1,0.7684210526315789
0,1,1,1,1,31,0,3,32,96,52,0.3,0.1,0.3,0.15,0.15,5,1.6094379124341003,0.5,0.35927350437750016,0,1,0.7708333333333334
1,1,0,1,1,28,0,1,1,1,53,0.3,0.1,0.3,0.15,0.15,5,1.6094379124341003,0.5,0.5,0,1,1
1,1,1,0,0,8,1,1,2,2,53,0.3,0.1,0.3,0.15,0.15,5,1.6094379124341003,0.5,0.5,1,1,1
1,0,1,1,1,30,1,1,3,3,53,0.3,0.1,0.3,0.15,0.15,5,1.6094379124341003,0.5,0.5,1,1,1
0,0,0,0,0,1,0,1,4,4,53,0.3,0.1,0.3,0.15,0.15,5,1.6094379124341003,0.5,0.4061545150486907,0,1,1
1,0,0,0,1,18,0,1,5,5,53,0.3,0.1,0.3,0.15,0.15,5,1.6094379124341003,0.5,0.30170652267686704,1,0,0.8
0,0,1,0,0,5,0,1,6,6,53,0.3,0.1,0.3,0.15,0.15,5,1.6094379124341003,0.5,0.5228761771055424,0,1,0.8333333333333334
0,1,0,0,0,3,0,1,7,7,53,0.3,0.1,0.3,0.15,0.15,5,1.6094379124341003,0.5,0.11671115422157911,0,1,0.8571428571428571
1,0,1,0,1,22,1,1,8,8,53,0.3,0.1,0.3,0.15,0.15,5,1.6094379124341003,0.5,0.8151430900323878,1,1,0.875
1,0,1,0,0,6,1,1,9,9,53,0.3,0.1,0.3,0.15,0.15,5,1.6094379124341003,0.5,0.8318313102086481,1,1,0.8888888888888888
0,1,0,1,1,27,0,1,10,10,53,0.3,0.1,0.3,0.15,0.15,5,1.6094379124341003,0.5,0.10335061599915105,0,1,0.9
1,1,1,0,1,24,1,1,11,11,53,0.3,0.1,0.3,0.15,0.15,5,1.6094379124341003,0.5,0.8713133045879957,0,0,0.8181818181818182
0,0,0,0,1,17,0,1,12,12,53,0.3,0.1,0.3,0.15,0.15,5,1.6094379124341003,0.5,0.1054769892673309,0,1,0.8333333333333334
0,1,1,0,1,23,0,1,13,13,53,0.3,0.1,0.3,0.15,0.15,5,1.6094379124341003,0.5,0.5247442574293397,0,1,0.8461538461538461
1,1,0,0,0,4,0,1,14,14,53,0.3,0.1,0.3,0.15,0.15,5,1.6094379124341003,0.5,0.4629866879866739,0,1,0.8571428571428571
0,1,0,1,0,11,0,1,15,15,53,0.3,0.1,0.3,0.15,0.15,5,1.6094379124341003,0.5,0.06811123004985842,0,1,0.8666666666666667
0,0,1,1,0,13,0,1,16,16,53,0.3,0.1,0.3,0.15,0.15,5,1.6094379124341003,0.5,0.3996429995996136,0,1,0.875
0,0,1,0,1,21,0,1,17,17,53,0.3,0.1,0.3,0.15,0.15,5,1.6094379124341003,0.5,0.4273142318378829,1,0,0.8235294117647058
0,1,1,1,0,15,0,1,18,18,53,0.3,0.1,0.3,0.15,0.15,5,1.6094379124341003,0.5,0.2908103196870301,0,1,0.8333333333333334
0,1,0,0,1,19,0,1,19,19,53,0.3,0.1,0.3,0.15,0.15,5,1.6094379124341003,0.5,0.10553718196861635,0,1,0.8421052631578947
1,0,1,1,0,14,1,1,20,20,53,0.3,0.1,0.3,0.15,0.15,5,1.6094379124341003,0.5,0.8441833639576668,1,1,0.85
0,1,1,0,0,7,0,1,21,21,53,0.3,0.1,0.3,0.15,0.15,5,1.6094379124341003,0.5,0.3348617527881052,0,1,0.8571428571428571
1,1,0,1,0,12,0,1,22,22,53,0.3,0.1,0.3,0.15,0.15,5,1.6094379124341003,0.5,0.38471777975185284,0,1,0.8636363636363636
1,0,0,0,0,2,0,1,23,23,53,0.3,0.1,0.3,0.15,0.15,5,1.6094379124341003,0.5,0.44427017801605295,1,0,0.8260869565217391
1,1,1,1,1,32,1,1,24,24,53,0.3,0.1,0.3,0.15,0.15,5,1.6094379124341003,0.5,0.8481233450469596,1,1,0.8333333333333334
1,0,0,1,0,10,0,1,25,25,53,0.3,0.1,0.3,0.15,0.15,5,1.6094379124341003,0.5,0.38791847931374457,0,1,0.84
1,0,0,1,1,26,0,1,26,26,53,0.3,0.1,0.3,0.15,0.15,5,1.6094379124341003,0.5,0.40110259294091877,0,1,0.8461538461538461
0,0,1,1,1,29,0,1,27,27,53,0.3,0.1,0.3,0.15,0.15,5,1.6094379124341003,0.5,0.4379875674641536,0,1,0.8518518518518519
0,1,1,1,1,31,0,1,28,28,53,0.3,0.1,0.3,0.15,0.15,5,1.6094379124341003,0.5,0.37413276756197905,0,1,0.8571428571428571
0,0,0,1,1,25,0,1,29,29,53,0.3,0.1,0.3,0.15,0.15,5,1.6094379124341003,0.5,0.12000700260672424,0,1,0.8620689655172413
1,1,1,1,0,16,1,1,30,30,53,0.3,0.1,0.3,0.15,0.15,5,1.6094379124341003,0.5,0.825658232684728,1,1,0.8666666666666667
0,0,0,1,0,9,0,1,31,31,53,0.3,0.1,0.3,0.15,0.15,5,1.6094379124341003,0.5,0.10635173343378701,0,1,0.8709677419354839
1,1,0,0,1,20,0,1,32,32,53,0.3,0.1,0.3,0.15,0.15,5,1.6094379124341003,0.5,0.3942141541740454,1,0,0.84375
1,1,0,1,1,28,0,2,1,33,53,0.3,0.1,0.3,0.15,0.15,5,1.6094379124341003,0.5,0.3446366800465236,0,1,0.8484848484848485
1,0,0,1,1,26,0,2,2,34,53,0.3,0.1,0.3,0.15,0.15,5,1.6094379124341003,0.5,0.3251712595119783,0,1,0.8529411764705882
1,1,1,0,1,24,1,2,3,35,53,0.3,0.1,0.3,0.15,0.15,5,1.6094379124341003,0.5,0.8564652895282798,0,0,0.8285714285714286
1,0,1,1,1,30,1,2,4,36,53,0.3,0.1,0.3,0.15,0.15,5,1.6094379124341003,0.5,0.8392239110543629,1,1,0.8333333333333334
1,0,1,0,0,6,1,2,5,37,53,0.3,0.1,0.3,0.15,0.15,5,1.6094379124341003,0.5,0.8516882526035294,1,1,0.8378378378378378
1,0,0,0,1,18,0,2,6,38,53,0.3,0.1,0.3,0.15,0.15,5,1.6094379124341003,0.5,0.3383348757894002,0,1,0.8421052631578947
1,1,0,0,0,4,0,2,7,39,53,0.3,0.1,0.3,0.15,0.15,5,1.6094379124341003,0.5,0.336239197064002,1,0,0.8205128205128205
1,0,1,1,0,14,1,2,8,40,53,0.3,0.1,0.3,0.15,0.15,5,1.6094379124341003,0.5,0.8524303788992582,1,1,0.825
0,1,0,1,0,11,0,2,9,41,53,0.3,0.1,0.3,0.15,0.15,5,1.6094379124341003,0.5,0.09603959680445467,0,1,0.8292682926829268
0,0,0,1,1,25,0,2,10,42,53,0.3,0.1,0.3,0.15,0.15,5,1.6094379124341003,0.5,0.1015456722333904,1,0,0.8095238095238095
1,1,1,1,0,16,1,2,11,43,53,0.3,0.1,0.3,0.15,0.15,5,1.6094379124341003,0.5,0.8534896149553285,1,1,0.813953488372093
1,0,0,1,0,10,0,2,12,44,53,0.3,0.1,0.3,0.15,0.15,5,1.6094379124341003,0.5,0.3483529584109326,1,0,0.7954545454545454
1,1,0,0,1,20,0,2,13,45,53,0.3,0.1,0.3,0.15,0.15,5,1.6094379124341003,0.5,0.3064396159321376,0,1,0.8
0,1,0,0,0,3,0,2,14,46,53,0.3,0.1,0.3,0.15,0.15,5,1.6094379124341003,0.5,0.09761505963718765,0,1,0.8043478260869565
0,0,1,0,0,5,0,2,15,47,53,0.3,0.1,0.3,0.15,0.15,5,1.6094379124341003,0.5,0.40470550233999825,0,1,0.8085106382978723
1,1,1,1,1,32,1,2,16,48,53,0.3,0.1,0.3,0.15,0.15,5,1.6094379124341003,0.5,0.8527404374614208,1,1,0.8125
1,1,0,1,0,12,0,2,17,49,53,0.3,0.1,0.3,0.15,0.15,5,1.6094379124341003,0.5,0.32869670823650965,0,1,0.8163265306122449
0,0,0,0,0,1,0,2,18,50,53,0.3,0.1,0.3,0.15,0.15,5,1.6094379124341003,0.5,0.09561503066621856,0,1,0.82
0,1,1,1,0,15,0,2,19,51,53,0.3,0.1,0.3,0.15,0.15,5,1.6094379124341003,0.5,0.4060793177541538,0,1,0.8235294117647058
0,0,0,1,0,9,0,2,20,52,53,0.3,0.1,0.3,0.15,0.15,5,1.6094379124341003,0.5,0.0983557155896607,0,1,0.8269230769230769
1,0,1,0,1,22,1,2,21,53,53,0.3,0.1,0.3,0.15,0.15,5,1.6094379124341003,0.5,0.855003733900948,1,1,0.8301886792452831
1,0,0,0,0,2,0,2,22,54,53,0.3,0.1,0.3,0.15,0.15,5,1.6094379124341003,0.5,0.32231440354567337,1,0,0.8148148148148148
0,0,1,0,1,21,0,2,23,55,53,0.3,0.1,0.3,0.15,0.15,5,1.6094379124341003,0.5,0.4102944802388752,0,1,0.8181818181818182
0,0,1,1,0,13,0,2,24,56,53,0.3,0.1,0.3,0.15,0.15,5,1.6094379124341003,0.5,0.37791041109243917,0,1,0.8214285714285714
1,1,1,0,0,8,1,2,25,57,53,0.3,0.1,0.3,0.15,0.15,5,1.6094379124341003,0.5,0.8447011508685258,1,1,0.8245614035087719
0,0,0,0,1,17,0,2,26,58,53,0.3,0.1,0.3,0.15,0.15,5,1.6094379124341003,0.5,0.10213302238613034,0,1,0.8275862068965517
0,1,1,1,1,31,0,2,27,59,53,0.3,0.1,0.3,0.15,0.15,5,1.6094379124341003,0.5,0.3954932778448149,1,0,0.8135593220338984
0,1,0,1,1,27,0,2,28,60,53,0.3,0.1,0.3,0.15,0.15,5,1.6094379124341003,0.5,0.10083300336022342,0,1,0.8166666666666667
0,1,0,0,1,19,0,2,29,61,53,0.3,0.1,0.3,0.15,0.15,5,1.6094379124341003,0.5,0.09897908224102024,0,1,0.819672131147541
0,0,1,1,1,29,0,2,30,62,53,0.3,0.1,0.3,0.15,0.15,5,1.6094379124341003,0.5,0.369944742037518,0,1,0.8225806451612904
0,1,1,0,0,7,0,2,31,63,53,0.3,0.1,0.3,0.15,0.15,5,1.6094379124341003,0.5,0.3766797976148777,0,1,0.8253968253968254
0,1,1,0,1,23,0,2,32,64,53,0.3,0.1,0.3,0.15,0.15,5,1.6094379124341003,0.5,0.3672377765934886,1,0,0.8125
1,1,1,1,0,16,1,3,1,65,53,0.3,0.1,0.3,0.15,0.15,5,1.6094379124341003,0.5,0.8581119379922983,1,1,0.8153846153846154
0,0,1,0,1,21,0,3,2,66,53,0.3,0.1,0.3,0.15,0.15,5,1.6094379124341003,0.5,0.33535117813955706,0,1,0.8181818181818182
0,1,0,0,1,19,0,3,3,67,53,0.3,0.1,0.3,0.15,0.15,5,1.6094379124341003,0.5,0.09177204584348557,0,1,0.8208955223880597
1,0,1,1,1,30,1,3,4,68,53,0.3,0.1,0.3,0.15,0.15,5,1.6094379124341003,0.5,0.8564552940616187,1,1,0.8235294117647058
0,0,0,0,1,17,0,3,5,69,53,0.3,0.1,0.3,0.15,0.15,5,1.6094379124341003,0.5,0.08763780209969496,0,1,0.8260869565217391
0,0,1,0,0,5,0,3,6,70,53,0.3,0.1,0.3,0.15,0.15,5,1.6094379124341003,0.5,0.33200772204850426,0,1,0.8285714285714286
1,0,1,0,1,22,1,3,7,71,53,0.3,0.1,0.3,0.15,0.15,5,1.6094379124341003,0.5,0.8499047618780361,1,1,0.8309859154929577
0,1,1,1,1,31,0,3,8,72,53,0.3,0.1,0.3,0.15,0.15,5,1.6094379124341003,0.5,0.3497701988209339,1,0,0.8194444444444444
1,0,1,1,0,14,1,3,9,73,53,0.3,0.1,0.3,0.15,0.15,5,1.6094379124341003,0.5,0.8619964642647402,1,1,0.821917808219178
0,0,0,0,0,1,0,3,10,74,53,0.3,0.1,0.3,0.15,0.15,5,1.6094379124341003,0.5,0.09029792233482697,0,1,0.8243243243243243
0,1,0,1,0,11,0,3,11,75,53,0.3,0.1,0.3,0.15,0.15,5,1.6094379124341003,0.5,0.09969161403860645,0,1,0.8266666666666667
1,0,0,1,0,10,0,3,12,76,53,0.3,0.1,0.3,0.15,0.15,5,1.6094379124341003,0.5,0.3810714047073998,1,0,0.8157894736842105
1,1,0,0,0,4,0,3,13,77,53,0.3,0.1,0.3,0.15,0.15,5,1.6094379124341003,0.5,0.34603124727943646,0,1,0.8181818181818182
0,0,1,1,1,29,0,3,14,78,53,0.3,0.1,0.3,0.15,0.15,5,1.6094379124341003,0.5,0.3581333517322903,0,1,0.8205128205128205
1,1,1,0,1,24,1,3,15,79,53,0.3,0.1,0.3,0.15,0.15,5,1.6094379124341003,0.5,0.8542785876322286,0,0,0.810126582278481
0,1,1,0,0,7,0,3,16,80,53,0.3,0.1,0.3,0.15,0.15,5,1.6094379124341003,0.5,0.3339731374409578,0,1,0.8125
1,0,0,1,1,26,0,3,17,81,53,0.3,0.1,0.3,0.15,0.15,5,1.6094379124341003,0.5,0.37570265533151337,1,0,0.8024691358024691
1,0,1,0,0,6,1,3,18,82,53,0.3,0.1,0.3,0.15,0.15,5,1.6094379124341003,0.5,0.8499519503240638,1,1,0.8048780487804879
1,1,0,1,1,28,0,3,19,83,53,0.3,0.1,0.3,0.15,0.15,5,1.6094379124341003,0.5,0.3505677358487701,0,1,0.8072289156626506
0,1,1,1,0,15,0,3,20,84,53,0.3,0.1,0.3,0.15,0.15,5,1.6094379124341003,0.5,0.34877867071562485,0,1,0.8095238095238095
1,1,1,0,0,8,1,3,21,85,53,0.3,0.1,0.3,0.15,0.15,5,1.6094379124341003,0.5,0.8518480169185766,1,1,0.8117647058823529
1,1,0,1,0,12,0,3,22,86,53,0.3,0.1,0.3,0.15,0.15,5,1.6094379124341003,0.5,0.34877961391179463,1,0,0.8023255813953488
1,1,1,1,1,32,1,3,23,87,53,0.3,0.1,0.3,0.15,0.15,5,1.6094379124341003,0.5,0.8460662836412117,0,0,0.7931034482758621
1,0,0,0,0,2,0,3,24,88,53,0.3,0.1,0.3,0.15,0.15,5,1.6094379124341003,0.5,0.35369792342339895,1,0,0.7840909090909091
0,0,0,1,0,9,0,3,25,89,53,0.3,0.1,0.3,0.15,0.15,5,1.6094379124341003,0.5,0.09824575691692485,0,1,0.7865168539325843
0,0,1,1,0,13,0,3,26,90,53,0.3,0.1,0.3,0.15,0.15,5,1.6094379124341003,0.5,0.34640284305216923,1,0,0.7777777777777778
0,1,0,0,0,3,0,3,27,91,53,0.3,0.1,0.3,0.15,0.15,5,1.6094379124341003,0.5,0.09595494061160552,0,1,0.7802197802197802
0,0,0,1,1,25,0,3,28,92,53,0.3,0.1,0.3,0.15,0.15,5,1.6094379124341003,0.5,0.09863222829788319,0,1,0.782608695652174
1,0,0,0,1,18,0,3,29,93,53,0.3,0.1,0.3,0.15,0.15,5,1.6094379124341003,0.5,0.3628446333539387,1,0,0.7741935483870968
0,1,1,0,1,23,0,3,30,94,53,0.3,0.1,0.3,0.15,0.15,5,1.6094379124341003,0.5,0.35562712658476764,0,1,0.776595744680851
1,1,0,0,1,20,0,3,31,95,53,0.3,0.1,0.3,0.15,0.15,5,1.6094379124341003,0.5,0.3579903740382643,0,1,0.7789473684210526
0,1,0,1,1,27,0,3,32,96,53,0.3,0.1,0.3,0.15,0.15,5,1.6094379124341003,0.5,0.09833296211335679,0,1,0.78125
1,0,1,0,0,6,1,1,1,1,54,0.3,0.1,0.3,0.15,0.15,5,1.6094379124341003,0.5,0.5,0,0,0
1,0,1,1,0,14,1,1,2,2,54,0.3,0.1,0.3,0.15,0.15,5,1.6094379124341003,0.5,0.5,0,0,0
1,0,0,1,0,10,0,1,3,3,54,0.3,0.1,0.3,0.15,0.15,5,1.6094379124341003,0.5,0.5,0,1,0.3333333333333333
0,0,0,1,0,9,0,1,4,4,54,0.3,0.1,0.3,0.15,0.15,5,1.6094379124341003,0.5,0.14108878628180524,0,1,0.5
0,0,1,0,0,5,0,1,5,5,54,0.3,0.1,0.3,0.15,0.15,5,1.6094379124341003,0.5,0.7181812272135092,1,0,0.4
1,1,1,0,0,8,1,1,6,6,54,0.3,0.1,0.3,0.15,0.15,5,1.6094379124341003,0.5,0.862513649703545,1,1,0.5
0,0,1,0,1,21,0,1,7,7,54,0.3,0.1,0.3,0.15,0.15,5,1.6094379124341003,0.5,0.29122929143202,0,1,0.5714285714285714
0,1,1,0,0,7,0,1,8,8,54,0.3,0.1,0.3,0.15,0.15,5,1.6094379124341003,0.5,0.36703873623846733,0,1,0.625
0,1,0,1,1,27,0,1,9,9,54,0.3,0.1,0.3,0.15,0.15,5,1.6094379124341003,0.5,0.09768604642366831,1,0,0.5555555555555556
0,0,0,0,0,1,0,1,10,10,54,0.3,0.1,0.3,0.15,0.15,5,1.6094379124341003,0.5,0.1495728785872775,0,1,0.6
1,0,0,0,0,2,0,1,11,11,54,0.3,0.1,0.3,0.15,0.15,5,1.6094379124341003,0.5,0.5366284826891587,0,1,0.6363636363636364
0,1,0,0,0,3,0,1,12,12,54,0.3,0.1,0.3,0.15,0.15,5,1.6094379124341003,0.5,0.12635024467107323,0,1,0.6666666666666666
1,1,1,0,1,24,1,1,13,13,54,0.3,0.1,0.3,0.15,0.15,5,1.6094379124341003,0.5,0.8517753893567968,1,1,0.6923076923076923
1,1,0,1,0,12,0,1,14,14,54,0.3,0.1,0.3,0.15,0.15,5,1.6094379124341003,0.5,0.37177788721545124,1,0,0.6428571428571429
1,1,0,0,0,4,0,1,15,15,54,0.3,0.1,0.3,0.15,0.15,5,1.6094379124341003,0.5,0.4058303737883438,0,1,0.6666666666666666
0,1,1,1,0,15,0,1,16,16,54,0.3,0.1,0.3,0.15,0.15,5,1.6094379124341003,0.5,0.40668721003575137,1,0,0.625
1,0,1,1,1,30,1,1,17,17,54,0.3,0.1,0.3,0.15,0.15,5,1.6094379124341003,0.5,0.8546260266670082,1,1,0.6470588235294118
1,0,1,0,1,22,1,1,18,18,54,0.3,0.1,0.3,0.15,0.15,5,1.6094379124341003,0.5,0.8706063429836094,1,1,0.6666666666666666
0,0,1,1,1,29,0,1,19,19,54,0.3,0.1,0.3,0.15,0.15,5,1.6094379124341003,0.5,0.43621063210118666,1,0,0.631578947368421
0,0,0,1,1,25,0,1,20,20,54,0.3,0.1,0.3,0.15,0.15,5,1.6094379124341003,0.5,0.11456206770906868,0,1,0.65
0,0,0,0,1,17,0,1,21,21,54,0.3,0.1,0.3,0.15,0.15,5,1.6094379124341003,0.5,0.12373210050544231,0,1,0.6666666666666666
1,0,0,1,1,26,0,1,22,22,54,0.3,0.1,0.3,0.15,0.15,5,1.6094379124341003,0.5,0.4355667881754583,0,1,0.6818181818181818
1,1,1,1,1,32,1,1,23,23,54,0.3,0.1,0.3,0.15,0.15,5,1.6094379124341003,0.5,0.856847665607446,0,0,0.6521739130434783
1,1,0,1,1,28,0,1,24,24,54,0.3,0.1,0.3,0.15,0.15,5,1.6094379124341003,0.5,0.3925333382613252,0,1,0.6666666666666666
0,1,1,1,1,31,0,1,25,25,54,0.3,0.1,0.3,0.15,0.15,5,1.6094379124341003,0.5,0.40208409898270625,0,1,0.68
0,0,1,1,0,13,0,1,26,26,54,0.3,0.1,0.3,0.15,0.15,5,1.6094379124341003,0.5,0.34634558928654247,1,0,0.6538461538461539
1,1,1,1,0,16,1,1,27,27,54,0.3,0.1,0.3,0.15,0.15,5,1.6094379124341003,0.5,0.814285482181366,1,1,0.6666666666666666
0,1,1,0,1,23,0,1,28,28,54,0.3,0.1,0.3,0.15,0.15,5,1.6094379124341003,0.5,0.37467268202847787,1,0,0.6428571428571429
0,1,0,0,1,19,0,1,29,29,54,0.3,0.1,0.3,0.15,0.15,5,1.6094379124341003,0.5,0.11146985178857566,1,0,0.6206896551724138
1,0,0,0,1,18,0,1,30,30,54,0.3,0.1,0.3,0.15,0.15,5,1.6094379124341003,0.5,0.42177955727217487,0,1,0.6333333333333333
0,1,0,1,0,11,0,1,31,31,54,0.3,0.1,0.3,0.15,0.15,5,1.6094379124341003,0.5,0.10681844452429087,0,1,0.6451612903225806
1,1,0,0,1,20,0,1,32,32,54,0.3,0.1,0.3,0.15,0.15,5,1.6094379124341003,0.5,0.3942141541740454,0,1,0.65625
0,1,0,1,1,27,0,2,1,33,54,0.3,0.1,0.3,0.15,0.15,5,1.6094379124341003,0.5,0.09360691287121287,0,1,0.6666666666666666
0,0,1,1,0,13,0,2,2,34,54,0.3,0.1,0.3,0.15,0.15,5,1.6094379124341003,0.5,0.3506475244285238,1,0,0.6470588235294118
1,0,0,1,0,10,0,2,3,35,54,0.3,0.1,0.3,0.15,0.15,5,1.6094379124341003,0.5,0.3570976943924814,1,0,0.6285714285714286
1,1,1,0,1,24,1,2,4,36,54,0.3,0.1,0.3,0.15,0.15,5,1.6094379124341003,0.5,0.8664640924459968,1,1,0.6388888888888888
0,0,1,0,0,5,0,2,5,37,54,0.3,0.1,0.3,0.15,0.15,5,1.6094379124341003,0.5,0.3372033696615448,0,1,0.6486486486486487
0,0,0,1,1,25,0,2,6,38,54,0.3,0.1,0.3,0.15,0.15,5,1.6094379124341003,0.5,0.08998758714102602,0,1,0.6578947368421053
1,1,0,0,1,20,0,2,7,39,54,0.3,0.1,0.3,0.15,0.15,5,1.6094379124341003,0.5,0.403786709829181,0,1,0.6666666666666666
0,1,1,1,1,31,0,2,8,40,54,0.3,0.1,0.3,0.15,0.15,5,1.6094379124341003,0.5,0.3590475319778351,1,0,0.65
1,0,1,0,1,22,1,2,9,41,54,0.3,0.1,0.3,0.15,0.15,5,1.6094379124341003,0.5,0.8665249135793066,1,1,0.6585365853658537
0,0,0,0,1,17,0,2,10,42,54,0.3,0.1,0.3,0.15,0.15,5,1.6094379124341003,0.5,0.11244345871657552,0,1,0.6666666666666666
1,1,0,1,0,12,0,2,11,43,54,0.3,0.1,0.3,0.15,0.15,5,1.6094379124341003,0.5,0.3315187602725148,1,0,0.6511627906976745
1,1,0,1,1,28,0,2,12,44,54,0.3,0.1,0.3,0.15,0.15,5,1.6094379124341003,0.5,0.3365222160005092,1,0,0.6363636363636364
1,0,1,1,1,30,1,2,13,45,54,0.3,0.1,0.3,0.15,0.15,5,1.6094379124341003,0.5,0.8527517240134717,0,0,0.6222222222222222
0,0,1,1,1,29,0,2,14,46,54,0.3,0.1,0.3,0.15,0.15,5,1.6094379124341003,0.5,0.3652858040542945,0,1,0.6304347826086957
0,1,1,0,1,23,0,2,15,47,54,0.3,0.1,0.3,0.15,0.15,5,1.6094379124341003,0.5,0.3884030155945011,1,0,0.6170212765957447
1,0,0,1,1,26,0,2,16,48,54,0.3,0.1,0.3,0.15,0.15,5,1.6094379124341003,0.5,0.3643463433912799,0,1,0.625
1,0,0,0,0,2,0,2,17,49,54,0.3,0.1,0.3,0.15,0.15,5,1.6094379124341003,0.5,0.3535170580467802,0,1,0.6326530612244898
0,0,1,0,1,21,0,2,18,50,54,0.3,0.1,0.3,0.15,0.15,5,1.6094379124341003,0.5,0.3799532803633928,1,0,0.62
1,1,1,0,0,8,1,2,19,51,54,0.3,0.1,0.3,0.15,0.15,5,1.6094379124341003,0.5,0.8518748880529231,1,1,0.6274509803921569
1,1,1,1,0,16,1,2,20,52,54,0.3,0.1,0.3,0.15,0.15,5,1.6094379124341003,0.5,0.8393143359586733,0,0,0.6153846153846154
1,0,1,1,0,14,1,2,21,53,54,0.3,0.1,0.3,0.15,0.15,5,1.6094379124341003,0.5,0.8380835672813605,1,1,0.6226415094339622
0,1,1,0,0,7,0,2,22,54,54,0.3,0.1,0.3,0.15,0.15,5,1.6094379124341003,0.5,0.3628553915835549,0,1,0.6296296296296297
0,1,0,0,1,19,0,2,23,55,54,0.3,0.1,0.3,0.15,0.15,5,1.6094379124341003,0.5,0.10327413692985142,0,1,0.6363636363636364
1,1,0,0,0,4,0,2,24,56,54,0.3,0.1,0.3,0.15,0.15,5,1.6094379124341003,0.5,0.3632378525426849,1,0,0.625
0,0,0,1,0,9,0,2,25,57,54,0.3,0.1,0.3,0.15,0.15,5,1.6094379124341003,0.5,0.10970210422315356,0,1,0.631578947368421
0,1,1,1,0,15,0,2,26,58,54,0.3,0.1,0.3,0.15,0.15,5,1.6094379124341003,0.5,0.36290586635934335,0,1,0.6379310344827587
1,0,1,0,0,6,1,2,27,59,54,0.3,0.1,0.3,0.15,0.15,5,1.6094379124341003,0.5,0.8491320423076011,1,1,0.6440677966101694
0,1,0,0,0,3,0,2,28,60,54,0.3,0.1,0.3,0.15,0.15,5,1.6094379124341003,0.5,0.11044140963974211,0,1,0.65
1,0,0,0,1,18,0,2,29,61,54,0.3,0.1,0.3,0.15,0.15,5,1.6094379124341003,0.5,0.36641068440666563,0,1,0.6557377049180327
1,1,1,1,1,32,1,2,30,62,54,0.3,0.1,0.3,0.15,0.15,5,1.6094379124341003,0.5,0.8423068162647693,1,1,0.6612903225806451
0,0,0,0,0,1,0,2,31,63,54,0.3,0.1,0.3,0.15,0.15,5,1.6094379124341003,0.5,0.10189914869033811,0,1,0.6666666666666666
0,1,0,1,0,11,0,2,32,64,54,0.3,0.1,0.3,0.15,0.15,5,1.6094379124341003,0.5,0.10093519603842442,0,1,0.671875
1,1,1,0,1,24,1,3,1,65,54,0.3,0.1,0.3,0.15,0.15,5,1.6094379124341003,0.5,0.8581119379922985,1,1,0.676923076923077
1,0,1,0,0,6,1,3,2,66,54,0.3,0.1,0.3,0.15,0.15,5,1.6094379124341003,0.5,0.8556203127371366,1,1,0.6818181818181818
0,1,0,1,0,11,0,3,3,67,54,0.3,0.1,0.3,0.15,0.15,5,1.6094379124341003,0.5,0.0896807776408582,0,1,0.6865671641791045
1,1,0,0,0,4,0,3,4,68,54,0.3,0.1,0.3,0.15,0.15,5,1.6094379124341003,0.5,0.3525901658596472,1,0,0.6764705882352942
0,0,1,0,1,21,0,3,5,69,54,0.3,0.1,0.3,0.15,0.15,5,1.6094379124341003,0.5,0.3587818451710725,1,0,0.6666666666666666
0,0,1,0,0,5,0,3,6,70,54,0.3,0.1,0.3,0.15,0.15,5,1.6094379124341003,0.5,0.3561065046859655,0,1,0.6714285714285714
1,0,1,1,1,30,1,3,7,71,54,0.3,0.1,0.3,0.15,0.15,5,1.6094379124341003,0.5,0.8552511192597535,1,1,0.676056338028169
1,0,1,0,1,22,1,3,8,72,54,0.3,0.1,0.3,0.15,0.15,5,1.6094379124341003,0.5,0.8581029910403164,1,1,0.6805555555555556
1,1,0,1,1,28,0,3,9,73,54,0.3,0.1,0.3,0.15,0.15,5,1.6094379124341003,0.5,0.34765861761107664,1,0,0.6712328767123288
0,0,0,1,0,9,0,3,10,74,54,0.3,0.1,0.3,0.15,0.15,5,1.6094379124341003,0.5,0.09050087932252927,0,1,0.6756756756756757
1,1,1,0,0,8,1,3,11,75,54,0.3,0.1,0.3,0.15,0.15,5,1.6094379124341003,0.5,0.8521780201807287,1,1,0.68
0,0,1,1,0,13,0,3,12,76,54,0.3,0.1,0.3,0.15,0.15,5,1.6094379124341003,0.5,0.33037929508673497,0,1,0.6842105263157895
0,1,1,1,1,31,0,3,13,77,54,0.3,0.1,0.3,0.15,0.15,5,1.6094379124341003,0.5,0.3411915715146764,0,1,0.6883116883116883
0,1,0,0,1,19,0,3,14,78,54,0.3,0.1,0.3,0.15,0.15,5,1.6094379124341003,0.5,0.1041917645685318,0,1,0.6923076923076923
0,1,1,0,1,23,0,3,15,79,54,0.3,0.1,0.3,0.15,0.15,5,1.6094379124341003,0.5,0.35211302357657,1,0,0.6835443037974683
0,1,0,1,1,27,0,3,16,80,54,0.3,0.1,0.3,0.15,0.15,5,1.6094379124341003,0.5,0.0901126691090688,0,1,0.6875
1,1,0,1,0,12,0,3,17,81,54,0.3,0.1,0.3,0.15,0.15,5,1.6094379124341003,0.5,0.3350915946888707,0,1,0.691358024691358
0,1,1,0,0,7,0,3,18,82,54,0.3,0.1,0.3,0.15,0.15,5,1.6094379124341003,0.5,0.35116374528742084,1,0,0.6829268292682927
0,0,0,0,1,17,0,3,19,83,54,0.3,0.1,0.3,0.15,0.15,5,1.6094379124341003,0.5,0.10468678231839139,0,1,0.6867469879518072
1,0,0,1,0,10,0,3,20,84,54,0.3,0.1,0.3,0.15,0.15,5,1.6094379124341003,0.5,0.34567467011862885,0,1,0.6904761904761905
1,0,0,0,0,2,0,3,21,85,54,0.3,0.1,0.3,0.15,0.15,5,1.6094379124341003,0.5,0.37011380374632197,0,1,0.6941176470588235
1,0,0,1,1,26,0,3,22,86,54,0.3,0.1,0.3,0.15,0.15,5,1.6094379124341003,0.5,0.3559889863325693,0,1,0.6976744186046512
0,1,1,1,0,15,0,3,23,87,54,0.3,0.1,0.3,0.15,0.15,5,1.6094379124341003,0.5,0.32950034169036,0,1,0.7011494252873564
0,1,0,0,0,3,0,3,24,88,54,0.3,0.1,0.3,0.15,0.15,5,1.6094379124341003,0.5,0.10110211947524603,1,0,0.6931818181818182
0,0,0,1,1,25,0,3,25,89,54,0.3,0.1,0.3,0.15,0.15,5,1.6094379124341003,0.5,0.09658280426890517,0,1,0.6966292134831461
1,0,0,0,1,18,0,3,26,90,54,0.3,0.1,0.3,0.15,0.15,5,1.6094379124341003,0.5,0.3798414890438659,1,0,0.6888888888888889
0,0,0,0,0,1,0,3,27,91,54,0.3,0.1,0.3,0.15,0.15,5,1.6094379124341003,0.5,0.10044345252111304,0,1,0.6923076923076923
1,1,0,0,1,20,0,3,28,92,54,0.3,0.1,0.3,0.15,0.15,5,1.6094379124341003,0.5,0.3679850981151598,0,1,0.6956521739130435
1,1,1,1,1,32,1,3,29,93,54,0.3,0.1,0.3,0.15,0.15,5,1.6094379124341003,0.5,0.853380766388477,1,1,0.6989247311827957
1,1,1,1,0,16,1,3,30,94,54,0.3,0.1,0.3,0.15,0.15,5,1.6094379124341003,0.5,0.847894106015591,0,0,0.6914893617021277
0,0,1,1,1,29,0,3,31,95,54,0.3,0.1,0.3,0.15,0.15,5,1.6094379124341003,0.5,0.3584211853902256,0,1,0.6947368421052632
1,0,1,1,0,14,1,3,32,96,54,0.3,0.1,0.3,0.15,0.15,5,1.6094379124341003,0.5,0.8508965777681109,1,1,0.6979166666666666
1,1,1,0,0,8,1,1,1,1,55,0.3,0.1,0.3,0.15,0.15,5,1.6094379124341003,0.5,0.5,0,0,0
1,0,0,1,1,26,0,1,2,2,55,0.3,0.1,0.3,0.15,0.15,5,1.6094379124341003,0.5,0.5,0,1,0.5
1,1,0,1,0,12,0,1,3,3,55,0.3,0.1,0.3,0.15,0.15,5,1.6094379124341003,0.5,0.2689414213699951,1,0,0.3333333333333333
0,0,1,0,1,21,0,1,4,4,55,0.3,0.1,0.3,0.15,0.15,5,1.6094379124341003,0.5,0.8086432102089945,0,1,0.5
1,0,0,0,1,18,0,1,5,5,55,0.3,0.1,0.3,0.15,0.15,5,1.6094379124341003,0.5,0.2258210248627385,0,1,0.6
0,0,0,1,1,25,0,1,6,6,55,0.3,0.1,0.3,0.15,0.15,5,1.6094379124341003,0.5,0.051355495194851386,0,1,0.6666666666666666
1,1,1,1,1,32,1,1,7,7,55,0.3,0.1,0.3,0.15,0.15,5,1.6094379124341003,0.5,0.7366762425935756,1,1,0.7142857142857143
0,1,0,1,0,11,0,1,8,8,55,0.3,0.1,0.3,0.15,0.15,5,1.6094379124341003,0.5,0.1564623856658909,0,1,0.75
1,1,0,1,1,28,0,1,9,9,55,0.3,0.1,0.3,0.15,0.15,5,1.6094379124341003,0.5,0.3356705687079425,1,0,0.6666666666666666
1,0,1,1,1,30,1,1,10,10,55,0.3,0.1,0.3,0.15,0.15,5,1.6094379124341003,0.5,0.78831483689883175,1,1,0.7
1,1,1,0,1,24,1,1,11,11,55,0.3,0.1,0.3,0.15,0.15,5,1.6094379124341003,0.5,0.8479483773895766,1,1,0.7272727272727273
1,0,0,0,0,2,0,1,12,12,55,0.3,0.1,0.3,0.15,0.15,5,1.6094379124341003,0.5,0.2803284205882468,0,1,0.75
1,0,1,0,0,6,1,1,13,13,55,0.3,0.1,0.3,0.15,0.15,5,1.6094379124341003,0.5,0.8058041804192131,1,1,0.7692307692307693
0,1,1,1,1,31,0,1,14,14,55,0.3,0.1,0.3,0.15,0.15,5,1.6094379124341003,0.5,0.5717572054343008,0,1,0.7857142857142857
1,0,1,1,0,14,1,1,15,15,55,0.3,0.1,0.3,0.15,0.15,5,1.6094379124341003,0.5,0.8258922512451439,1,1,0.8
1,0,1,0,1,22,1,1,16,16,55,0.3,0.1,0.3,0.15,0.15,5,1.6094379124341003,0.5,0.8063957803495726,1,1,0.8125
1,1,0,0,1,20,0,1,17,17,55,0.3,0.1,0.3,0.15,0.15,5,1.6094379124341003,0.5,0.3140533809874992,0,1,0.8235294117647058
1,1,0,0,0,4,0,1,18,18,55,0.3,0.1,0.3,0.15,0.15,5,1.6094379124341003,0.5,0.2893100273150517,0,1,0.8333333333333334
0,0,0,0,0,1,0,1,19,19,55,0.3,0.1,0.3,0.15,0.15,5,1.6094379124341003,0.5,0.15958088981513213,0,1,0.8421052631578947
0,0,0,1,0,9,0,1,20,20,55,0.3,0.1,0.3,0.15,0.15,5,1.6094379124341003,0.5,0.09960995233186931,0,1,0.85
0,1,1,0,0,7,0,1,21,21,55,0.3,0.1,0.3,0.15,0.15,5,1.6094379124341003,0.5,0.5541576200323272,0,1,0.8571428571428571
1,0,0,1,0,10,0,1,22,22,55,0.3,0.1,0.3,0.15,0.15,5,1.6094379124341003,0.5,0.29336809777800155,0,1,0.8636363636363636
0,1,0,0,0,3,0,1,23,23,55,0.3,0.1,0.3,0.15,0.15,5,1.6094379124341003,0.5,0.10939455480758345,0,1,0.8695652173913043
0,0,1,1,0,13,0,1,24,24,55,0.3,0.1,0.3,0.15,0.15,5,1.6094379124341003,0.5,0.47787568511958717,0,1,0.875
0,1,1,0,1,23,0,1,25,25,55,0.3,0.1,0.3,0.15,0.15,5,1.6094379124341003,0.5,0.4483583239675997,0,1,0.88
0,1,0,1,1,27,0,1,26,26,55,0.3,0.1,0.3,0.15,0.15,5,1.6094379124341003,0.5,0.11360196064261749,0,1,0.8846153846153846
0,1,0,0,1,19,0,1,27,27,55,0.3,0.1,0.3,0.15,0.15,5,1.6094379124341003,0.5,0.11926886928558274,0,1,0.8888888888888888
1,1,1,1,0,16,1,1,28,28,55,0.3,0.1,0.3,0.15,0.15,5,1.6094379124341003,0.5,0.8381411054411296,1,1,0.8928571428571429
0,0,1,0,0,5,0,1,29,29,55,0.3,0.1,0.3,0.15,0.15,5,1.6094379124341003,0.5,0.4080602334870663,0,1,0.896551724137931
0,0,0,0,1,17,0,1,30,30,55,0.3,0.1,0.3,0.15,0.15,5,1.6094379124341003,0.5,0.10447869488180478,1,0,0.8666666666666667
0,1,1,1,0,15,0,1,31,31,55,0.3,0.1,0.3,0.15,0.15,5,1.6094379124341003,0.5,0.40445294571982754,0,1,0.8709677419354839
0,0,1,1,1,29,0,1,32,32,55,0.3,0.1,0.3,0.15,0.15,5,1.6094379124341003,0.5,0.3942141541740454,0,1,0.875
1,0,1,1,0,14,1,2,1,33,55,0.3,0.1,0.3,0.15,0.15,5,1.6094379124341003,0.5,0.8581119379922985,1,1,0.8787878787878788
0,0,1,0,0,5,0,2,2,34,55,0.3,0.1,0.3,0.15,0.15,5,1.6094379124341003,0.5,0.34676405409913463,0,1,0.8823529411764706
1,0,0,1,1,26,0,2,3,35,55,0.3,0.1,0.3,0.15,0.15,5,1.6094379124341003,0.5,0.35549428550944445,1,0,0.8571428571428571
1,0,0,1,0,10,0,2,4,36,55,0.3,0.1,0.3,0.15,0.15,5,1.6094379124341003,0.5,0.36957166210014325,0,1,0.8611111111111112
1,1,1,1,1,32,1,2,5,37,55,0.3,0.1,0.3,0.15,0.15,5,1.6094379124341003,0.5,0.8524617950262491,1,1,0.8648648648648649
0,0,1,0,1,21,0,2,6,38,55,0.3,0.1,0.3,0.15,0.15,5,1.6094379124341003,0.5,0.32744265424465746,0,1,0.868421052631579
1,0,1,0,0,6,1,2,7,39,55,0.3,0.1,0.3,0.15,0.15,5,1.6094379124341003,0.5,0.8381711298194621,1,1,0.8717948717948718
0,1,0,1,1,27,0,2,8,40,55,0.3,0.1,0.3,0.15,0.15,5,1.6094379124341003,0.5,0.10443072197332416,1,0,0.85
1,1,0,0,1,20,0,2,9,41,55,0.3,0.1,0.3,0.15,0.15,5,1.6094379124341003,0.5,0.3396905337794969,1,0,0.8292682926829268
0,1,0,1,0,11,0,2,10,42,55,0.3,0.1,0.3,0.15,0.15,5,1.6094379124341003,0.5,0.10110836465117459,1,0,0.8095238095238095
1,1,1,0,1,24,1,2,11,43,55,0.3,0.1,0.3,0.15,0.15,5,1.6094379124341003,0.5,0.8440684562736599,1,1,0.813953488372093
0,0,0,1,1,25,0,2,12,44,55,0.3,0.1,0.3,0.15,0.15,5,1.6094379124341003,0.5,0.09148120377733834,0,1,0.8181818181818182
0,0,0,0,1,17,0,2,13,45,55,0.3,0.1,0.3,0.15,0.15,5,1.6094379124341003,0.5,0.0932083372686178,0,1,0.8222222222222222
1,0,1,1,1,30,1,2,14,46,55,0.3,0.1,0.3,0.15,0.15,5,1.6094379124341003,0.5,0.8535398620122256,1,1,0.8260869565217391
0,0,0,0,0,1,0,2,15,47,55,0.3,0.1,0.3,0.15,0.15,5,1.6094379124341003,0.5,0.09551721006897679,0,1,0.8297872340425532
1,0,0,0,0,2,0,2,16,48,55,0.3,0.1,0.3,0.15,0.15,5,1.6094379124341003,0.5,0.35410472364025564,1,0,0.8125
0,0,1,1,1,29,0,2,17,49,55,0.3,0.1,0.3,0.15,0.15,5,1.6094379124341003,0.5,0.38585920425393044,0,1,0.8163265306122449
1,0,0,0,1,18,0,2,18,50,55,0.3,0.1,0.3,0.15,0.15,5,1.6094379124341003,0.5,0.3339282088454325,0,1,0.82
0,0,1,1,0,13,0,2,19,51,55,0.3,0.1,0.3,0.15,0.15,5,1.6094379124341003,0.5,0.37558823055568363,1,0,0.803921568627451
1,0,1,0,1,22,1,2,20,52,55,0.3,0.1,0.3,0.15,0.15,5,1.6094379124341003,0.5,0.8460687577726752,1,1,0.8076923076923077
1,1,1,1,0,16,1,2,21,53,55,0.3,0.1,0.3,0.15,0.15,5,1.6094379124341003,0.5,0.8577464280683548,1,1,0.8113207547169812
0,1,1,0,0,7,0,2,22,54,55,0.3,0.1,0.3,0.15,0.15,5,1.6094379124341003,0.5,0.3514834555698183,0,1,0.8148148148148148
0,1,1,1,0,15,0,2,23,55,55,0.3,0.1,0.3,0.15,0.15,5,1.6094379124341003,0.5,0.3570341996881268,0,1,0.8181818181818182
0,1,1,1,1,31,0,2,24,56,55,0.3,0.1,0.3,0.15,0.15,5,1.6094379124341003,0.5,0.361345279214666,0,1,0.8214285714285714
0,0,0,1,0,9,0,2,25,57,55,0.3,0.1,0.3,0.15,0.15,5,1.6094379124341003,0.5,0.09807377687777016,0,1,0.8245614035087719
0,1,1,0,1,23,0,2,26,58,55,0.3,0.1,0.3,0.15,0.15,5,1.6094379124341003,0.5,0.35163839692917537,0,1,0.8275862068965517
0,1,0,0,0,3,0,2,27,59,55,0.3,0.1,0.3,0.15,0.15,5,1.6094379124341003,0.5,0.0938232472729625,0,1,0.8305084745762712
0,1,0,0,1,19,0,2,28,60,55,0.3,0.1,0.3,0.15,0.15,5,1.6094379124341003,0.5,0.09714285770829183,0,1,0.8333333333333334
1,1,1,0,0,8,1,2,29,61,55,0.3,0.1,0.3,0.15,0.15,5,1.6094379124341003,0.5,0.8532950418012104,1,1,0.8360655737704918
1,1,0,0,0,4,0,2,30,62,55,0.3,0.1,0.3,0.15,0.15,5,1.6094379124341003,0.5,0.37871585319229567,0,1,0.8387096774193549
1,1,0,1,0,12,0,2,31,63,55,0.3,0.1,0.3,0.15,0.15,5,1.6094379124341003,0.5,0.3766797976148777,1,0,0.8253968253968254
1,1,0,1,1,28,0,2,32,64,55,0.3,0.1,0.3,0.15,0.15,5,1.6094379124341003,0.5,0.3672377765934886,1,0,0.8125
1,1,0,0,1,20,0,3,1,65,55,0.3,0.1,0.3,0.15,0.15,5,1.6094379124341003,0.5,0.3446366800465236,0,1,0.8153846153846154
1,1,1,0,1,24,1,3,2,66,55,0.3,0.1,0.3,0.15,0.15,5,1.6094379124341003,0.5,0.852926004790664,1,1,0.8181818181818182
0,1,1,1,0,15,0,3,3,67,55,0.3,0.1,0.3,0.15,0.15,5,1.6094379124341003,0.5,0.34244324618611843,0,1,0.8208955223880597
1,0,1,1,1,30,1,3,4,68,55,0.3,0.1,0.3,0.15,0.15,5,1.6094379124341003,0.5,0.8561736551416502,0,0,0.8088235294117647
1,0,0,1,1,26,0,3,5,69,55,0.3,0.1,0.3,0.15,0.15,5,1.6094379124341003,0.5,0.3581202522924441,1,0,0.7971014492753623
1,1,0,1,0,12,0,3,6,70,55,0.3,0.1,0.3,0.15,0.15,5,1.6094379124341003,0.5,0.3339378681463214,0,1,0.8
0,0,0,1,0,9,0,3,7,71,55,0.3,0.1,0.3,0.15,0.15,5,1.6094379124341003,0.5,0.09414875260786361,0,1,0.8028169014084507
0,0,1,0,1,21,0,3,8,72,55,0.3,0.1,0.3,0.15,0.15,5,1.6094379124341003,0.5,0.3670938301518026,0,1,0.8055555555555556
1,0,0,0,1,18,0,3,9,73,55,0.3,0.1,0.3,0.15,0.15,5,1.6094379124341003,0.5,0.3458053016485886,0,1,0.8082191780821918
0,1,0,0,1,19,0,3,10,74,55,0.3,0.1,0.3,0.15,0.15,5,1.6094379124341003,0.5,0.10356069654646483,0,1,0.8108108108108109
0,0,0,1,1,25,0,3,11,75,55,0.3,0.1,0.3,0.15,0.15,5,1.6094379124341003,0.5,0.10035408771346889,0,1,0.8133333333333334
0,1,1,0,1,23,0,3,12,76,55,0.3,0.1,0.3,0.15,0.15,5,1.6094379124341003,0.5,0.36557277796969806,0,1,0.8157894736842105
0,0,0,0,1,17,0,3,13,77,55,0.3,0.1,0.3,0.15,0.15,5,1.6094379124341003,0.5,0.09524711084095695,0,1,0.8181818181818182
1,0,1,1,0,14,1,3,14,78,55,0.3,0.1,0.3,0.15,0.15,5,1.6094379124341003,0.5,0.8587679240664621,1,1,0.8205128205128205
1,0,0,0,0,2,0,3,15,79,55,0.3,0.1,0.3,0.15,0.15,5,1.6094379124341003,0.5,0.34377402326899986,1,0,0.810126582278481
1,0,1,0,0,6,1,3,16,80,55,0.3,0.1,0.3,0.15,0.15,5,1.6094379124341003,0.5,0.8546862605174934,1,1,0.8125
0,1,0,1,0,11,0,3,17,81,55,0.3,0.1,0.3,0.15,0.15,5,1.6094379124341003,0.5,0.09390962536724366,0,1,0.8148148148148148
0,0,1,1,1,29,0,3,18,82,55,0.3,0.1,0.3,0.15,0.15,5,1.6094379124341003,0.5,0.3651515894086341,0,1,0.8170731707317073
0,0,0,0,0,1,0,3,19,83,55,0.3,0.1,0.3,0.15,0.15,5,1.6094379124341003,0.5,0.09874577403435975,0,1,0.8192771084337349
0,1,1,0,0,7,0,3,20,84,55,0.3,0.1,0.3,0.15,0.15,5,1.6094379124341003,0.5,0.3544948947135715,0,1,0.8214285714285714
0,1,0,0,0,3,0,3,21,85,55,0.3,0.1,0.3,0.15,0.15,5,1.6094379124341003,0.5,0.09206598284210978,0,1,0.8235294117647058
0,1,1,1,1,31,0,3,22,86,55,0.3,0.1,0.3,0.15,0.15,5,1.6094379124341003,0.5,0.346489737270613,0,1,0.8255813953488372
1,1,0,1,1,28,0,3,23,87,55,0.3,0.1,0.3,0.15,0.15,5,1.6094379124341003,0.5,0.35061693553162093,0,1,0.8275862068965517
0,0,1,0,0,5,0,3,24,88,55,0.3,0.1,0.3,0.15,0.15,5,1.6094379124341003,0.5,0.3628623325727144,0,1,0.8295454545454546
1,1,1,1,0,16,1,3,25,89,55,0.3,0.1,0.3,0.15,0.15,5,1.6094379124341003,0.5,0.8560784248280486,1,1,0.8314606741573034
1,1,0,0,0,4,0,3,26,90,55,0.3,0.1,0.3,0.15,0.15,5,1.6094379124341003,0.5,0.35085144375715827,0,1,0.8333333333333334
1,1,1,1,1,32,1,3,27,91,55,0.3,0.1,0.3,0.15,0.15,5,1.6094379124341003,0.5,0.8543942430170662,1,1,0.8351648351648352
1,1,1,0,0,8,1,3,28,92,55,0.3,0.1,0.3,0.15,0.15,5,1.6094379124341003,0.5,0.8506779495641693,1,1,0.8369565217391305
0,0,1,1,0,13,0,3,29,93,55,0.3,0.1,0.3,0.15,0.15,5,1.6094379124341003,0.5,0.35966203574566863,0,1,0.8387096774193549
0,1,0,1,1,27,0,3,30,94,55,0.3,0.1,0.3,0.15,0.15,5,1.6094379124341003,0.5,0.09878707867087952,0,1,0.8404255319148937
1,0,0,1,0,10,0,3,31,95,55,0.3,0.1,0.3,0.15,0.15,5,1.6094379124341003,0.5,0.36411539610853294,0,1,0.8421052631578947
1,0,1,0,1,22,1,3,32,96,55,0.3,0.1,0.3,0.15,0.15,5,1.6094379124341003,0.5,0.8508965777681109,1,1,0.84375
0,1,0,1,1,27,0,1,1,1,56,0.3,0.1,0.3,0.15,0.15,15,2.7080502011022096,0.5,0.5,0,1,1
1,0,0,0,1,18,0,1,2,2,56,0.3,0.1,0.3,0.15,0.15,15,2.7080502011022096,0.5,0.5,0,1,1
1,0,0,1,0,10,0,1,3,3,56,0.3,0.1,0.3,0.15,0.15,15,2.7080502011022096,0.5,0.5,1,0,0.6666666666666666
0,0,0,0,1,17,0,1,4,4,56,0.3,0.1,0.3,0.15,0.15,15,2.7080502011022096,0.5,0.5,0,1,0.75
0,0,1,0,0,5,0,1,5,5,56,0.3,0.1,0.3,0.15,0.15,15,2.7080502011022096,0.5,0.5,0,1,0.8
0,0,0,0,0,1,0,1,6,6,56,0.3,0.1,0.3,0.15,0.15,15,2.7080502011022096,0.5,0.5,0,1,0.8333333333333334
1,1,1,0,0,8,1,1,7,7,56,0.3,0.1,0.3,0.15,0.15,15,2.7080502011022096,0.5,0.5,0,0,0.7142857142857143
1,0,1,0,0,6,1,1,8,8,56,0.3,0.1,0.3,0.15,0.15,15,2.7080502011022096,0.5,0.9899528276575601,1,1,0.75
1,0,1,1,0,14,1,1,9,9,56,0.3,0.1,0.3,0.15,0.15,15,2.7080502011022096,0.5,0.9688841331827757,1,1,0.7777777777777778
1,1,0,1,0,12,0,1,10,10,56,0.3,0.1,0.3,0.15,0.15,15,2.7080502011022096,0.5,0.03329929678318276,0,1,0.8
0,0,1,0,1,21,0,1,11,11,56,0.3,0.1,0.3,0.15,0.15,15,2.7080502011022096,0.5,0.02982546720457985,1,0,0.7272727272727273
0,0,1,1,1,29,0,1,12,12,56,0.3,0.1,0.3,0.15,0.15,15,2.7080502011022096,0.5,0.028464227513571184,0,1,0.75
1,0,0,1,1,26,0,1,13,13,56,0.3,0.1,0.3,0.15,0.15,15,2.7080502011022096,0.5,0.01637324684125565,0,1,0.7692307692307693
1,0,0,0,0,2,0,1,14,14,56,0.3,0.1,0.3,0.15,0.15,15,2.7080502011022096,0.5,0.1602113442323695,0,1,0.7857142857142857
0,1,1,0,1,23,0,1,15,15,56,0.3,0.1,0.3,0.15,0.15,15,2.7080502011022096,0.5,0.019151468658259934,0,1,0.8
1,1,1,0,1,24,1,1,16,16,56,0.3,0.1,0.3,0.15,0.15,15,2.7080502011022096,0.5,0.9681225199827651,1,1,0.8125
1,1,1,1,0,16,1,1,17,17,56,0.3,0.1,0.3,0.15,0.15,15,2.7080502011022096,0.5,0.9865729088815265,1,1,0.8235294117647058
0,1,1,1,1,31,0,1,18,18,56,0.3,0.1,0.3,0.15,0.15,15,2.7080502011022096,0.5,0.017739858615817727,0,1,0.8333333333333334
1,1,0,0,1,20,0,1,19,19,56,0.3,0.1,0.3,0.15,0.15,15,2.7080502011022096,0.5,0.10285526502778489,0,1,0.8421052631578947
0,1,0,1,0,11,0,1,20,20,56,0.3,0.1,0.3,0.15,0.15,15,2.7080502011022096,0.5,0.0031832652795103053,0,1,0.85
1,1,0,0,0,4,0,1,21,21,56,0.3,0.1,0.3,0.15,0.15,15,2.7080502011022096,0.5,0.09060397499790258,0,1,0.8571428571428571
1,1,1,1,1,32,1,1,22,22,56,0.3,0.1,0.3,0.15,0.15,15,2.7080502011022096,0.5,0.9745925146054174,1,1,0.8636363636363636
0,0,0,1,1,25,0,1,23,23,56,0.3,0.1,0.3,0.15,0.15,15,2.7080502011022096,0.5,3.262432131121539e-4,0,1,0.8695652173913043
0,1,1,1,0,15,0,1,24,24,56,0.3,0.1,0.3,0.15,0.15,15,2.7080502011022096,0.5,0.20521219809496064,0,1,0.875
0,1,0,0,0,3,0,1,25,25,56,0.3,0.1,0.3,0.15,0.15,15,2.7080502011022096,0.5,0.0014016890873331496,0,1,0.88
1,0,1,0,1,22,1,1,26,26,56,0.3,0.1,0.3,0.15,0.15,15,2.7080502011022096,0.5,0.9741385628349855,1,1,0.8846153846153846
0,0,0,1,0,9,0,1,27,27,56,0.3,0.1,0.3,0.15,0.15,15,2.7080502011022096,0.5,9.051003411553589e-4,0,1,0.8888888888888888
0,1,1,0,0,7,0,1,28,28,56,0.3,0.1,0.3,0.15,0.15,15,2.7080502011022096,0.5,0.08868484403548883,0,1,0.8928571428571429
1,0,1,1,1,30,1,1,29,29,56,0.3,0.1,0.3,0.15,0.15,15,2.7080502011022096,0.5,0.980350217674685,1,1,0.896551724137931
0,0,1,1,0,13,0,1,30,30,56,0.3,0.1,0.3,0.15,0.15,15,2.7080502011022096,0.5,0.07854290426420107,0,1,0.9
0,1,0,0,1,19,0,1,31,31,56,0.3,0.1,0.3,0.15,0.15,15,2.7080502011022096,0.5,9.622882082581481e-4,0,1,0.9032258064516129
1,1,0,1,1,28,0,1,32,32,56,0.3,0.1,0.3,0.15,0.15,15,2.7080502011022096,0.5,0.08537983255758581,0,1,0.90625
1,1,0,0,1,20,0,2,1,33,56,0.3,0.1,0.3,0.15,0.15,15,2.7080502011022096,0.5,0.03190530834696266,0,1,0.9090909090909091
0,0,1,0,1,21,0,2,2,34,56,0.3,0.1,0.3,0.15,0.15,15,2.7080502011022096,0.5,0.03318998840297375,0,1,0.9117647058823529
0,0,0,0,1,17,0,2,3,35,56,0.3,0.1,0.3,0.15,0.15,15,2.7080502011022096,0.5,3.887542350261899e-4,0,1,0.9142857142857143
1,1,1,1,0,16,1,2,4,36,56,0.3,0.1,0.3,0.15,0.15,15,2.7080502011022096,0.5,0.9933942650882145,1,1,0.9166666666666666
0,0,0,0,0,1,0,2,5,37,56,0.3,0.1,0.3,0.15,0.15,15,2.7080502011022096,0.5,3.437199066838439e-4,0,1,0.918918918918919
1,1,0,1,1,28,0,2,6,38,56,0.3,0.1,0.3,0.15,0.15,15,2.7080502011022096,0.5,0.03306556555307918,0,1,0.9210526315789473
1,0,0,1,1,26,0,2,7,39,56,0.3,0.1,0.3,0.15,0.15,15,2.7080502011022096,0.5,0.029962094580923908,0,1,0.9230769230769231
0,1,1,1,0,15,0,2,8,40,56,0.3,0.1,0.3,0.15,0.15,15,2.7080502011022096,0.5,0.057499769972816396,0,1,0.925
1,1,1,1,1,32,1,2,9,41,56,0.3,0.1,0.3,0.15,0.15,15,2.7080502011022096,0.5,0.9910827948155635,1,1,0.926829268292683
0,0,0,1,0,9,0,2,10,42,56,0.3,0.1,0.3,0.15,0.15,15,2.7080502011022096,0.5,4.039623441413697e-4,0,1,0.9285714285714286
1,0,0,0,0,2,0,2,11,43,56,0.3,0.1,0.3,0.15,0.15,15,2.7080502011022096,0.5,0.033449765143969475,0,1,0.9302325581395349
1,0,1,0,1,22,1,2,12,44,56,0.3,0.1,0.3,0.15,0.15,15,2.7080502011022096,0.5,0.9901833397020325,1,1,0.9318181818181818
1,1,0,1,0,12,0,2,13,45,56,0.3,0.1,0.3,0.15,0.15,15,2.7080502011022096,0.5,0.04915323707553211,0,1,0.9333333333333333
1,0,1,1,1,30,1,2,14,46,56,0.3,0.1,0.3,0.15,0.15,15,2.7080502011022096,0.5,0.991473738233306,1,1,0.9347826086956522
0,0,1,1,1,29,0,2,15,47,56,0.3,0.1,0.3,0.15,0.15,15,2.7080502011022096,0.5,0.051716742020123725,0,1,0.9361702127659575
1,0,0,1,0,10,0,2,16,48,56,0.3,0.1,0.3,0.15,0.15,15,2.7080502011022096,0.5,0.029449578902679466,0,1,0.9375
0,1,0,0,0,3,0,2,17,49,56,0.3,0.1,0.3,0.15,0.15,15,2.7080502011022096,0.5,3.357407109218634e-4,0,1,0.9387755102040817
1,1,1,0,1,24,1,2,18,50,56,0.3,0.1,0.3,0.15,0.15,15,2.7080502011022096,0.5,0.9914749299100726,1,1,0.94
1,1,0,0,0,4,0,2,19,51,56,0.3,0.1,0.3,0.15,0.15,15,2.7080502011022096,0.5,0.026853681543183093,0,1,0.9411764705882353
0,1,0,1,1,27,0,2,20,52,56,0.3,0.1,0.3,0.15,0.15,15,2.7080502011022096,0.5,6.615481344253794e-4,0,1,0.9423076923076923
1,0,0,0,1,18,0,2,21,53,56,0.3,0.1,0.3,0.15,0.15,15,2.7080502011022096,0.5,0.044917435714481285,0,1,0.9433962264150944
0,0,1,0,0,5,0,2,22,54,56,0.3,0.1,0.3,0.15,0.15,15,2.7080502011022096,0.5,0.032918883557333835,0,1,0.9444444444444444
0,1,1,0,0,7,0,2,23,55,56,0.3,0.1,0.3,0.15,0.15,15,2.7080502011022096,0.5,0.03144685931750938,0,1,0.9454545454545454
1,0,1,0,0,6,1,2,24,56,56,0.3,0.1,0.3,0.15,0.15,15,2.7080502011022096,0.5,0.9879721994342568,1,1,0.9464285714285714
0,1,0,1,0,11,0,2,25,57,56,0.3,0.1,0.3,0.15,0.15,15,2.7080502011022096,0.5,4.8809398088488286e-4,0,1,0.9473684210526315
0,0,0,1,1,25,0,2,26,58,56,0.3,0.1,0.3,0.15,0.15,15,2.7080502011022096,0.5,5.382040901803263e-4,0,1,0.9482758620689655
0,0,1,1,0,13,0,2,27,59,56,0.3,0.1,0.3,0.15,0.15,15,2.7080502011022096,0.5,0.0332286253678011,1,0,0.9322033898305084
0,1,1,1,1,31,0,2,28,60,56,0.3,0.1,0.3,0.15,0.15,15,2.7080502011022096,0.5,0.052184741067199655,0,1,0.9333333333333333
1,0,1,1,0,14,1,2,29,61,56,0.3,0.1,0.3,0.15,0.15,15,2.7080502011022096,0.5,0.98976983366707,1,1,0.9344262295081968
0,1,1,0,1,23,0,2,30,62,56,0.3,0.1,0.3,0.15,0.15,15,2.7080502011022096,0.5,0.046563833608627044,0,1,0.9354838709677419
0,1,0,0,1,19,0,2,31,63,56,0.3,0.1,0.3,0.15,0.15,15,2.7080502011022096,0.5,5.421890041751789e-4,0,1,0.9365079365079365
1,1,1,0,0,8,1,2,32,64,56,0.3,0.1,0.3,0.15,0.15,15,2.7080502011022096,0.5,0.9896172765288775,1,1,0.9375
0,0,1,0,0,5,0,3,1,65,56,0.3,0.1,0.3,0.15,0.15,15,2.7080502011022096,0.5,0.03190530834696265,0,1,0.9384615384615385
0,1,1,1,0,15,0,3,2,66,56,0.3,0.1,0.3,0.15,0.15,15,2.7080502011022096,0.5,0.032305200124824164,0,1,0.9393939393939394
1,1,0,0,0,4,0,3,3,67,56,0.3,0.1,0.3,0.15,0.15,15,2.7080502011022096,0.5,0.03319014264071001,0,1,0.9402985074626866
0,0,1,1,1,29,0,3,4,68,56,0.3,0.1,0.3,0.15,0.15,15,2.7080502011022096,0.5,0.03346156785097221,0,1,0.9411764705882353
0,1,0,0,1,19,0,3,5,69,56,0.3,0.1,0.3,0.15,0.15,15,2.7080502011022096,0.5,3.9197744826787253e-4,0,1,0.9420289855072463
1,0,1,1,1,30,1,3,6,70,56,0.3,0.1,0.3,0.15,0.15,15,2.7080502011022096,0.5,0.9921535929620313,1,1,0.9428571428571428
0,1,0,0,0,3,0,3,7,71,56,0.3,0.1,0.3,0.15,0.15,15,2.7080502011022096,0.5,3.6231023942576976e-4,0,1,0.9436619718309859
0,1,1,1,1,31,0,3,8,72,56,0.3,0.1,0.3,0.15,0.15,15,2.7080502011022096,0.5,0.03268179855825653,0,1,0.9444444444444444
0,1,0,1,1,27,0,3,9,73,56,0.3,0.1,0.3,0.15,0.15,15,2.7080502011022096,0.5,4.022748305924302e-4,0,1,0.9452054794520548
1,1,1,1,0,16,1,3,10,74,56,0.3,0.1,0.3,0.15,0.15,15,2.7080502011022096,0.5,0.9919256608916212,1,1,0.9459459459459459
0,0,0,0,1,17,0,3,11,75,56,0.3,0.1,0.3,0.15,0.15,15,2.7080502011022096,0.5,3.571006276661544e-4,0,1,0.9466666666666667
1,0,0,1,0,10,0,3,12,76,56,0.3,0.1,0.3,0.15,0.15,15,2.7080502011022096,0.5,0.03689088669350878,0,1,0.9473684210526315
1,1,1,0,0,8,1,3,13,77,56,0.3,0.1,0.3,0.15,0.15,15,2.7080502011022096,0.5,0.9918407505152176,1,1,0.948051948051948
1,1,0,1,0,12,0,3,14,78,56,0.3,0.1,0.3,0.15,0.15,15,2.7080502011022096,0.5,0.03997403759246675,0,1,0.9487179487179487
0,0,0,1,0,9,0,3,15,79,56,0.3,0.1,0.3,0.15,0.15,15,2.7080502011022096,0.5,4.08243833685281e-4,0,1,0.9493670886075949
1,0,1,0,0,6,1,3,16,80,56,0.3,0.1,0.3,0.15,0.15,15,2.7080502011022096,0.5,0.9920401032847103,1,1,0.95
1,1,0,1,1,28,0,3,17,81,56,0.3,0.1,0.3,0.15,0.15,15,2.7080502011022096,0.5,0.03377725606097318,0,1,0.9506172839506173
0,0,0,0,0,1,0,3,18,82,56,0.3,0.1,0.3,0.15,0.15,15,2.7080502011022096,0.5,4.5251760570243405e-4,0,1,0.9512195121951219
0,1,1,0,0,7,0,3,19,83,56,0.3,0.1,0.3,0.15,0.15,15,2.7080502011022096,0.5,0.04215659517711536,0,1,0.9518072289156626
0,1,1,0,1,23,0,3,20,84,56,0.3,0.1,0.3,0.15,0.15,15,2.7080502011022096,0.5,0.032274884776634,1,0,0.9404761904761905
1,0,1,1,0,14,1,3,21,85,56,0.3,0.1,0.3,0.15,0.15,15,2.7080502011022096,0.5,0.9922264816155686,1,1,0.9411764705882353
1,0,1,0,1,22,1,3,22,86,56,0.3,0.1,0.3,0.15,0.15,15,2.7080502011022096,0.5,0.9926549872170256,1,1,0.9418604651162791
1,0,0,1,1,26,0,3,23,87,56,0.3,0.1,0.3,0.15,0.15,15,2.7080502011022096,0.5,0.038905189121755494,0,1,0.9425287356321839
0,0,1,0,1,21,0,3,24,88,56,0.3,0.1,0.3,0.15,0.15,15,2.7080502011022096,0.5,0.03799013713721546,0,1,0.9431818181818182
0,0,1,1,0,13,0,3,25,89,56,0.3,0.1,0.3,0.15,0.15,15,2.7080502011022096,0.5,0.04038158101074437,0,1,0.9438202247191011
1,0,0,0,0,2,0,3,26,90,56,0.3,0.1,0.3,0.15,0.15,15,2.7080502011022096,0.5,0.042416005691481476,0,1,0.9444444444444444
0,0,0,1,1,25,0,3,27,91,56,0.3,0.1,0.3,0.15,0.15,15,2.7080502011022096,0.5,4.5399649635010996e-4,0,1,0.945054945054945
1,1,1,1,1,32,1,3,28,92,56,0.3,0.1,0.3,0.15,0.15,15,2.7080502011022096,0.5,0.9907682369290158,1,1,0.9456521739130435
0,1,0,1,0,11,0,3,29,93,56,0.3,0.1,0.3,0.15,0.15,15,2.7080502011022096,0.5,4.619165101194765e-4,0,1,0.946236559139785
1,1,0,0,1,20,0,3,30,94,56,0.3,0.1,0.3,0.15,0.15,15,2.7080502011022096,0.5,0.03435220007910071,0,1,0.9468085106382979
1,1,1,0,1,24,1,3,31,95,56,0.3,0.1,0.3,0.15,0.15,15,2.7080502011022096,0.5,0.990997407545036,1,1,0.9473684210526315
1,0,0,0,1,18,0,3,32,96,56,0.3,0.1,0.3,0.15,0.15,15,2.7080502011022096,0.5,0.04002624134549863,0,1,0.9479166666666666
1,0,1,1,1,30,1,1,1,1,57,0.3,0.1,0.3,0.15,0.15,15,2.7080502011022096,0.5,0.5,1,1,1
1,1,1,0,1,24,1,1,2,2,57,0.3,0.1,0.3,0.15,0.15,15,2.7080502011022096,0.5,0.5,0,0,0.5
1,1,0,1,0,12,0,1,3,3,57,0.3,0.1,0.3,0.15,0.15,15,2.7080502011022096,0.5,0.5,0,1,0.6666666666666666
1,0,0,0,0,2,0,1,4,4,57,0.3,0.1,0.3,0.15,0.15,15,2.7080502011022096,0.5,0.008111916130035817,0,1,0.75
1,1,0,0,1,20,0,1,5,5,57,0.3,0.1,0.3,0.15,0.15,15,2.7080502011022096,0.5,0.24719559353991555,1,0,0.6
0,0,0,1,0,9,0,1,6,6,57,0.3,0.1,0.3,0.15,0.15,15,2.7080502011022096,0.5,0.005401421236976917,0,1,0.6666666666666666
0,1,0,1,1,27,0,1,7,7,57,0.3,0.1,0.3,0.15,0.15,15,2.7080502011022096,0.5,0.0031225774440570456,0,1,0.7142857142857143
0,0,1,1,1,29,0,1,8,8,57,0.3,0.1,0.3,0.15,0.15,15,2.7080502011022096,0.5,0.8860184321414868,1,0,0.625
1,0,1,0,0,6,1,1,9,9,57,0.3,0.1,0.3,0.15,0.15,15,2.7080502011022096,0.5,0.898241305883468,1,1,0.6666666666666666
1,0,1,0,1,22,1,1,10,10,57,0.3,0.1,0.3,0.15,0.15,15,2.7080502011022096,0.5,0.9944399357100997,1,1,0.7
0,1,1,0,1,23,0,1,11,11,57,0.3,0.1,0.3,0.15,0.15,15,2.7080502011022096,0.5,0.4600249214578324,1,0,0.6363636363636364
0,0,0,0,0,1,0,1,12,12,57,0.3,0.1,0.3,0.15,0.15,15,2.7080502011022096,0.5,0.002049337566337831,0,1,0.6666666666666666
0,0,1,0,0,5,0,1,13,13,57,0.3,0.1,0.3,0.15,0.15,15,2.7080502011022096,0.5,0.3498857418263883,1,0,0.6153846153846154
0,1,1,1,1,31,0,1,14,14,57,0.3,0.1,0.3,0.15,0.15,15,2.7080502011022096,0.5,0.02522521774855686,0,1,0.6428571428571429
0,1,1,0,0,7,0,1,15,15,57,0.3,0.1,0.3,0.15,0.15,15,2.7080502011022096,0.5,0.027744765097126242,0,1,0.6666666666666666
1,1,1,1,1,32,1,1,16,16,57,0.3,0.1,0.3,0.15,0.15,15,2.7080502011022096,0.5,0.98246036268607,1,1,0.6875
1,0,0,1,1,26,0,1,17,17,57,0.3,0.1,0.3,0.15,0.15,15,2.7080502011022096,0.5,0.3492592900000025,1,0,0.6470588235294118
1,0,0,1,0,10,0,1,18,18,57,0.3,0.1,0.3,0.15,0.15,15,2.7080502011022096,0.5,0.014507587450605815,0,1,0.6666666666666666
1,1,0,1,1,28,0,1,19,19,57,0.3,0.1,0.3,0.15,0.15,15,2.7080502011022096,0.5,0.07662043531926223,0,1,0.6842105263157895
1,0,1,1,0,14,1,1,20,20,57,0.3,0.1,0.3,0.15,0.15,15,2.7080502011022096,0.5,0.9730165938135583,0,0,0.65
0,1,0,0,0,3,0,1,21,21,57,0.3,0.1,0.3,0.15,0.15,15,2.7080502011022096,0.5,4.030733070984543e-4,0,1,0.6666666666666666
1,0,0,0,1,18,0,1,22,22,57,0.3,0.1,0.3,0.15,0.15,15,2.7080502011022096,0.5,0.07939610989506873,0,1,0.6818181818181818
0,0,0,0,1,17,0,1,23,23,57,0.3,0.1,0.3,0.15,0.15,15,2.7080502011022096,0.5,0.002602371801118127,0,1,0.6956521739130435
1,1,1,1,0,16,1,1,24,24,57,0.3,0.1,0.3,0.15,0.15,15,2.7080502011022096,0.5,0.9835189201831218,1,1,0.7083333333333334
0,1,1,1,0,15,0,1,25,25,57,0.3,0.1,0.3,0.15,0.15,15,2.7080502011022096,0.5,0.12023658232555444,0,1,0.72
0,1,0,1,0,11,0,1,26,26,57,0.3,0.1,0.3,0.15,0.15,15,2.7080502011022096,0.5,8.998525213861797e-4,0,1,0.7307692307692307
1,1,0,0,0,4,0,1,27,27,57,0.3,0.1,0.3,0.15,0.15,15,2.7080502011022096,0.5,0.028401666697114195,0,1,0.7407407407407407
0,0,1,0,1,21,0,1,28,28,57,0.3,0.1,0.3,0.15,0.15,15,2.7080502011022096,0.5,0.08594345552553745,0,1,0.75
0,0,1,1,0,13,0,1,29,29,57,0.3,0.1,0.3,0.15,0.15,15,2.7080502011022096,0.5,0.08767546589684723,0,1,0.7586206896551724
1,1,1,0,0,8,1,1,30,30,57,0.3,0.1,0.3,0.15,0.15,15,2.7080502011022096,0.5,0.9789774947425274,1,1,0.7666666666666667
0,0,0,1,1,25,0,1,31,31,57,0.3,0.1,0.3,0.15,0.15,15,2.7080502011022096,0.5,0.0010048919575953515,0,1,0.7741935483870968
0,1,0,0,1,19,0,1,32,32,57,0.3,0.1,0.3,0.15,0.15,15,2.7080502011022096,0.5,0.0010037549493595369,0,1,0.78125
1,1,0,0,0,4,0,2,1,33,57,0.3,0.1,0.3,0.15,0.15,15,2.7080502011022096,0.5,0.03190530834696265,0,1,0.7878787878787878
0,1,1,0,1,23,0,2,2,34,57,0.3,0.1,0.3,0.15,0.15,15,2.7080502011022096,0.5,0.033190296879879816,0,1,0.7941176470588235
1,1,0,1,1,28,0,2,3,35,57,0.3,0.1,0.3,0.15,0.15,15,2.7080502011022096,0.5,0.03422921884802674,0,1,0.8
1,1,1,0,1,24,1,2,4,36,57,0.3,0.1,0.3,0.15,0.15,15,2.7080502011022096,0.5,0.9907991421348851,1,1,0.8055555555555556
1,0,1,0,0,6,1,2,5,37,57,0.3,0.1,0.3,0.15,0.15,15,2.7080502011022096,0.5,0.9921230841895748,1,1,0.8108108108108109
0,0,1,0,0,5,0,2,6,38,57,0.3,0.1,0.3,0.15,0.15,15,2.7080502011022096,0.5,0.04689960391107527,0,1,0.8157894736842105
1,0,1,0,1,22,1,2,7,39,57,0.3,0.1,0.3,0.15,0.15,15,2.7080502011022096,0.5,0.9926952263562312,1,1,0.8205128205128205
1,0,0,1,0,10,0,2,8,40,57,0.3,0.1,0.3,0.15,0.15,15,2.7080502011022096,0.5,0.02844534589125921,0,1,0.825
0,0,1,1,1,29,0,2,9,41,57,0.3,0.1,0.3,0.15,0.15,15,2.7080502011022096,0.5,0.030035184927502703,0,1,0.8292682926829268
0,1,1,1,1,31,0,2,10,42,57,0.3,0.1,0.3,0.15,0.15,15,2.7080502011022096,0.5,0.026040493854396687,0,1,0.8333333333333334
1,0,0,0,0,2,0,2,11,43,57,0.3,0.1,0.3,0.15,0.15,15,2.7080502011022096,0.5,0.04267536896212756,0,1,0.8372093023255814
1,0,0,1,1,26,0,2,12,44,57,0.3,0.1,0.3,0.15,0.15,15,2.7080502011022096,0.5,0.027708652354762,0,1,0.8409090909090909
1,0,0,0,1,18,0,2,13,45,57,0.3,0.1,0.3,0.15,0.15,15,2.7080502011022096,0.5,0.050193993691966955,0,1,0.8444444444444444
1,1,1,1,1,32,1,2,14,46,57,0.3,0.1,0.3,0.15,0.15,15,2.7080502011022096,0.5,0.9877286537623449,1,1,0.8478260869565217
0,0,1,0,1,21,0,2,15,47,57,0.3,0.1,0.3,0.15,0.15,15,2.7080502011022096,0.5,0.0435250636348666,0,1,0.851063829787234
0,1,0,0,0,3,0,2,16,48,57,0.3,0.1,0.3,0.15,0.15,15,2.7080502011022096,0.5,4.32308643469108e-4,0,1,0.8541666666666666
0,1,0,1,0,11,0,2,17,49,57,0.3,0.1,0.3,0.15,0.15,15,2.7080502011022096,0.5,3.693446756231574e-4,0,1,0.8571428571428571
1,1,0,1,0,12,0,2,18,50,57,0.3,0.1,0.3,0.15,0.15,15,2.7080502011022096,0.5,0.027178588407799638,0,1,0.86
1,0,1,1,1,30,1,2,19,51,57,0.3,0.1,0.3,0.15,0.15,15,2.7080502011022096,0.5,0.9890916708004142,1,1,0.8627450980392157
0,1,0,0,1,19,0,2,20,52,57,0.3,0.1,0.3,0.15,0.15,15,2.7080502011022096,0.5,6.214333134080351e-4,0,1,0.8653846153846154
1,1,0,0,1,20,0,2,21,53,57,0.3,0.1,0.3,0.15,0.15,15,2.7080502011022096,0.5,0.04524459743952633,0,1,0.8679245283018868
0,1,1,0,0,7,0,2,22,54,57,0.3,0.1,0.3,0.15,0.15,15,2.7080502011022096,0.5,0.03253722253941071,0,1,0.8703703703703703
1,0,1,1,0,14,1,2,23,55,57,0.3,0.1,0.3,0.15,0.15,15,2.7080502011022096,0.5,0.9904407416177402,1,1,0.8727272727272727
0,0,0,0,0,1,0,2,24,56,57,0.3,0.1,0.3,0.15,0.15,15,2.7080502011022096,0.5,5.414155028924e-4,0,1,0.875
1,1,1,1,0,16,1,2,25,57,57,0.3,0.1,0.3,0.15,0.15,15,2.7080502011022096,0.5,0.9906825347694873,1,1,0.8771929824561403
0,0,0,1,0,9,0,2,26,58,57,0.3,0.1,0.3,0.15,0.15,15,2.7080502011022096,0.5,5.385129713755322e-4,0,1,0.8793103448275862
0,1,0,1,1,27,0,2,27,59,57,0.3,0.1,0.3,0.15,0.15,15,2.7080502011022096,0.5,5.825522575041806e-4,0,1,0.8813559322033898
1,1,1,0,0,8,1,2,28,60,57,0.3,0.1,0.3,0.15,0.15,15,2.7080502011022096,0.5,0.9889245975991301,1,1,0.8833333333333333
0,0,1,1,0,13,0,2,29,61,57,0.3,0.1,0.3,0.15,0.15,15,2.7080502011022096,0.5,0.048326509213124653,0,1,0.8852459016393442
0,0,0,0,1,17,0,2,30,62,57,0.3,0.1,0.3,0.15,0.15,15,2.7080502011022096,0.5,5.317381134509814e-4,0,1,0.8870967741935484
0,1,1,1,0,15,0,2,31,63,57,0.3,0.1,0.3,0.15,0.15,15,2.7080502011022096,0.5,0.04507662798818173,1,0,0.873015873015873
0,0,0,1,1,25,0,2,32,64,57,0.3,0.1,0.3,0.15,0.15,15,2.7080502011022096,0.5,5.268886716627735e-4,0,1,0.875
1,0,0,1,0,10,0,3,1,65,57,0.3,0.1,0.3,0.15,0.15,15,2.7080502011022096,0.5,0.03190530834696266,0,1,0.8769230769230769
1,1,1,1,1,32,1,3,2,66,57,0.3,0.1,0.3,0.15,0.15,15,2.7080502011022096,0.5,0.9927295545758811,1,1,0.8787878787878788
1,1,0,1,1,28,0,3,3,67,57,0.3,0.1,0.3,0.15,0.15,15,2.7080502011022096,0.5,0.04024392257593362,0,1,0.8805970149253731
1,1,1,1,0,16,1,3,4,68,57,0.3,0.1,0.3,0.15,0.15,15,2.7080502011022096,0.5,0.9923210754415899,1,1,0.8823529411764706
0,1,0,0,1,19,0,3,5,69,57,0.3,0.1,0.3,0.15,0.15,15,2.7080502011022096,0.5,3.4816756277389105e-4,0,1,0.8840579710144928
0,0,1,0,1,21,0,3,6,70,57,0.3,0.1,0.3,0.15,0.15,15,2.7080502011022096,0.5,0.030416612515709155,0,1,0.8857142857142857
0,0,1,1,0,13,0,3,7,71,57,0.3,0.1,0.3,0.15,0.15,15,2.7080502011022096,0.5,0.03309463761189333,0,1,0.8873239436619719
0,0,0,1,1,25,0,3,8,72,57,0.3,0.1,0.3,0.15,0.15,15,2.7080502011022096,0.5,3.8098165526308117e-4,0,1,0.8888888888888888
1,0,0,0,1,18,0,3,9,73,57,0.3,0.1,0.3,0.15,0.15,15,2.7080502011022096,0.5,0.03178307202220548,0,1,0.8904109589041096
0,1,1,0,0,7,0,3,10,74,57,0.3,0.1,0.3,0.15,0.15,15,2.7080502011022096,0.5,0.03318834753649102,0,1,0.8918918918918919
0,0,0,0,0,1,0,3,11,75,57,0.3,0.1,0.3,0.15,0.15,15,2.7080502011022096,0.5,3.736086039395362e-4,0,1,0.8933333333333333
0,1,1,1,0,15,0,3,12,76,57,0.3,0.1,0.3,0.15,0.15,15,2.7080502011022096,0.5,0.04117251819541455,0,1,0.8947368421052632
0,1,1,1,1,31,0,3,13,77,57,0.3,0.1,0.3,0.15,0.15,15,2.7080502011022096,0.5,0.04392665528742427,0,1,0.8961038961038961
1,1,1,0,1,24,1,3,14,78,57,0.3,0.1,0.3,0.15,0.15,15,2.7080502011022096,0.5,0.9926320686261595,1,1,0.8974358974358975
0,1,0,1,1,27,0,3,15,79,57,0.3,0.1,0.3,0.15,0.15,15,2.7080502011022096,0.5,4.7161796395775934e-4,0,1,0.8987341772151899
0,0,0,1,0,9,0,3,16,80,57,0.3,0.1,0.3,0.15,0.15,15,2.7080502011022096,0.5,3.801968939734283e-4,0,1,0.9
0,0,1,1,1,29,0,3,17,81,57,0.3,0.1,0.3,0.15,0.15,15,2.7080502011022096,0.5,0.03216457370436918,0,1,0.9012345679012346
1,1,0,1,0,12,0,3,18,82,57,0.3,0.1,0.3,0.15,0.15,15,2.7080502011022096,0.5,0.04243810449288265,0,1,0.9024390243902439
1,1,0,0,0,4,0,3,19,83,57,0.3,0.1,0.3,0.15,0.15,15,2.7080502011022096,0.5,0.03574747991133162,0,1,0.9036144578313253
0,0,1,0,0,5,0,3,20,84,57,0.3,0.1,0.3,0.15,0.15,15,2.7080502011022096,0.5,0.031408618304508584,0,1,0.9047619047619048
1,1,0,0,1,20,0,3,21,85,57,0.3,0.1,0.3,0.15,0.15,15,2.7080502011022096,0.5,0.04287621244964595,0,1,0.9058823529411765
0,1,1,0,1,23,0,3,22,86,57,0.3,0.1,0.3,0.15,0.15,15,2.7080502011022096,0.5,0.042950986204610776,0,1,0.9069767441860465
1,0,1,1,0,14,1,3,23,87,57,0.3,0.1,0.3,0.15,0.15,15,2.7080502011022096,0.5,0.9915082824587934,1,1,0.9080459770114943
1,0,1,0,1,22,1,3,24,88,57,0.3,0.1,0.3,0.15,0.15,15,2.7080502011022096,0.5,0.9911041728012813,1,1,0.9090909090909091
1,0,1,0,0,6,1,3,25,89,57,0.3,0.1,0.3,0.15,0.15,15,2.7080502011022096,0.5,0.9914982197308388,1,1,0.9101123595505618
0,1,0,0,0,3,0,3,26,90,57,0.3,0.1,0.3,0.15,0.15,15,2.7080502011022096,0.5,3.78888439559656e-4,0,1,0.9111111111111111
0,1,0,1,0,11,0,3,27,91,57,0.3,0.1,0.3,0.15,0.15,15,2.7080502011022096,0.5,4.6374634442197663e-4,0,1,0.9120879120879121
1,0,0,0,0,2,0,3,28,92,57,0.3,0.1,0.3,0.15,0.15,15,2.7080502011022096,0.5,0.04034490264776384,0,1,0.9130434782608695
1,0,0,1,1,26,0,3,29,93,57,0.3,0.1,0.3,0.15,0.15,15,2.7080502011022096,0.5,0.033657550789968974,0,1,0.9139784946236559
1,0,1,1,1,30,1,3,30,94,57,0.3,0.1,0.3,0.15,0.15,15,2.7080502011022096,0.5,0.9911637106425978,1,1,0.9148936170212766
0,0,0,0,1,17,0,3,31,95,57,0.3,0.1,0.3,0.15,0.15,15,2.7080502011022096,0.5,4.7396101670243366e-4,0,1,0.9157894736842105
1,1,1,0,0,8,1,3,32,96,57,0.3,0.1,0.3,0.15,0.15,15,2.7080502011022096,0.5,0.9908981051952808,1,1,0.9166666666666666
1,1,0,1,1,28,0,1,1,1,58,0.3,0.1,0.3,0.15,0.15,15,2.7080502011022096,0.5,0.5,0,1,1
1,1,0,1,0,12,0,1,2,2,58,0.3,0.1,0.3,0.15,0.15,15,2.7080502011022096,0.5,0.5,0,1,1
0,1,0,0,1,19,0,1,3,3,58,0.3,0.1,0.3,0.15,0.15,15,2.7080502011022096,0.5,0.5,1,0,0.6666666666666666
1,1,1,1,1,32,1,1,4,4,58,0.3,0.1,0.3,0.15,0.15,15,2.7080502011022096,0.5,0.5,1,1,0.75
1,0,1,1,1,30,1,1,5,5,58,0.3,0.1,0.3,0.15,0.15,15,2.7080502011022096,0.5,0.9959190942141785,1,1,0.8
0,0,1,1,0,13,0,1,6,6,58,0.3,0.1,0.3,0.15,0.15,15,2.7080502011022096,0.5,0.9737214761382876,1,0,0.6666666666666666
0,1,0,1,0,11,0,1,7,7,58,0.3,0.1,0.3,0.15,0.15,15,2.7080502011022096,0.5,0.0012285683040226848,0,1,0.7142857142857143
0,1,1,0,0,7,0,1,8,8,58,0.3,0.1,0.3,0.15,0.15,15,2.7080502011022096,0.5,0.014375149683913156,0,1,0.75
1,1,0,0,0,4,0,1,9,9,58,0.3,0.1,0.3,0.15,0.15,15,2.7080502011022096,0.5,0.0037916943350319236,0,1,0.7777777777777778
1,0,0,1,0,10,0,1,10,10,58,0.3,0.1,0.3,0.15,0.15,15,2.7080502011022096,0.5,0.018042800257718636,0,1,0.8
1,0,1,0,0,6,1,1,11,11,58,0.3,0.1,0.3,0.15,0.15,15,2.7080502011022096,0.5,0.8774093044191452,1,1,0.8181818181818182
1,1,0,0,1,20,0,1,12,12,58,0.3,0.1,0.3,0.15,0.15,15,2.7080502011022096,0.5,0.018803951560581473,0,1,0.8333333333333334
0,1,0,1,1,27,0,1,13,13,58,0.3,0.1,0.3,0.15,0.15,15,2.7080502011022096,0.5,0.0020124710268505652,0,1,0.8461538461538461
1,0,0,0,1,18,0,1,14,14,58,0.3,0.1,0.3,0.15,0.15,15,2.7080502011022096,0.5,0.029392509376869057,0,1,0.8571428571428571
0,0,1,1,1,29,0,1,15,15,58,0.3,0.1,0.3,0.15,0.15,15,2.7080502011022096,0.5,0.3118495369725914,0,1,0.8666666666666667
1,0,0,1,1,26,0,1,16,16,58,0.3,0.1,0.3,0.15,0.15,15,2.7080502011022096,0.5,0.10129673639181613,0,1,0.875
0,0,0,1,1,25,0,1,17,17,58,0.3,0.1,0.3,0.15,0.15,15,2.7080502011022096,0.5,0.0022029818042672983,0,1,0.8823529411764706
0,0,1,0,1,21,0,1,18,18,58,0.3,0.1,0.3,0.15,0.15,15,2.7080502011022096,0.5,0.07772692702022616,0,1,0.8888888888888888
1,0,0,0,0,2,0,1,19,19,58,0.3,0.1,0.3,0.15,0.15,15,2.7080502011022096,0.5,0.10206990674239824,0,1,0.8947368421052632
0,1,0,0,0,3,0,1,20,20,58,0.3,0.1,0.3,0.15,0.15,15,2.7080502011022096,0.5,6.163047637581582e-4,0,1,0.9
0,0,0,1,0,9,0,1,21,21,58,0.3,0.1,0.3,0.15,0.15,15,2.7080502011022096,0.5,4.0214128374420815e-4,0,1,0.9047619047619048
1,1,1,1,0,16,1,1,22,22,58,0.3,0.1,0.3,0.15,0.15,15,2.7080502011022096,0.5,0.9778445985325311,1,1,0.9090909090909091
1,1,1,0,1,24,1,1,23,23,58,0.3,0.1,0.3,0.15,0.15,15,2.7080502011022096,0.5,0.9726483611555343,1,1,0.9130434782608695
0,0,0,0,0,1,0,1,24,24,58,0.3,0.1,0.3,0.15,0.15,15,2.7080502011022096,0.5,0.0011460171468428708,0,1,0.9166666666666666
1,0,1,1,0,14,1,1,25,25,58,0.3,0.1,0.3,0.15,0.15,15,2.7080502011022096,0.5,0.983428341910788,1,1,0.92
0,1,1,0,1,23,0,1,26,26,58,0.3,0.1,0.3,0.15,0.15,15,2.7080502011022096,0.5,0.10008189080207508,0,1,0.9230769230769231
0,1,1,1,0,15,0,1,27,27,58,0.3,0.1,0.3,0.15,0.15,15,2.7080502011022096,0.5,0.11838458505302157,0,1,0.9259259259259259
0,0,1,0,0,5,0,1,28,28,58,0.3,0.1,0.3,0.15,0.15,15,2.7080502011022096,0.5,0.08197925977765447,0,1,0.9285714285714286
1,1,1,0,0,8,1,1,29,29,58,0.3,0.1,0.3,0.15,0.15,15,2.7080502011022096,0.5,0.9811041363003519,1,1,0.9310344827586207
0,1,1,1,1,31,0,1,30,30,58,0.3,0.1,0.3,0.15,0.15,15,2.7080502011022096,0.5,0.09131619575924613,0,1,0.9333333333333333
0,0,0,0,1,17,0,1,31,31,58,0.3,0.1,0.3,0.15,0.15,15,2.7080502011022096,0.5,3.7983208257560063e-4,0,1,0.9354838709677419
1,0,1,0,1,22,1,1,32,32,58,0.3,0.1,0.3,0.15,0.15,15,2.7080502011022096,0.5,0.9806879998776301,1,1,0.9375
0,0,0,1,0,9,0,2,1,33,58,0.3,0.1,0.3,0.15,0.15,15,2.7080502011022096,0.5,3.620513165690344e-4,0,1,0.9393939393939394
1,1,0,0,0,4,0,2,2,34,58,0.3,0.1,0.3,0.15,0.15,15,2.7080502011022096,0.5,0.03318502690029963,0,1,0.9411764705882353
1,0,1,0,0,6,1,2,3,35,58,0.3,0.1,0.3,0.15,0.15,15,2.7080502011022096,0.5,0.9926669003941482,1,1,0.9428571428571428
0,0,1,0,1,21,0,2,4,36,58,0.3,0.1,0.3,0.15,0.15,15,2.7080502011022096,0.5,0.032855309594175576,0,1,0.9444444444444444
1,1,1,0,0,8,1,2,5,37,58,0.3,0.1,0.3,0.15,0.15,15,2.7080502011022096,0.5,0.991387998772122,1,1,0.9459459459459459
1,0,0,0,1,18,0,2,6,38,58,0.3,0.1,0.3,0.15,0.15,15,2.7080502011022096,0.5,0.03074557264032485,0,1,0.9473684210526315
0,1,1,1,1,31,0,2,7,39,58,0.3,0.1,0.3,0.15,0.15,15,2.7080502011022096,0.5,0.029652323363135676,0,1,0.9487179487179487
0,0,1,1,1,29,0,2,8,40,58,0.3,0.1,0.3,0.15,0.15,15,2.7080502011022096,0.5,0.025711977676860953,0,1,0.95
1,0,1,1,1,30,1,2,9,41,58,0.3,0.1,0.3,0.15,0.15,15,2.7080502011022096,0.5,0.989207953816667,1,1,0.9512195121951219
1,1,1,1,0,16,1,2,10,42,58,0.3,0.1,0.3,0.15,0.15,15,2.7080502011022096,0.5,0.9920324321816458,1,1,0.9523809523809523
1,1,0,0,1,20,0,2,11,43,58,0.3,0.1,0.3,0.15,0.15,15,2.7080502011022096,0.5,0.02441660201750681,0,1,0.9534883720930233
1,0,0,1,1,26,0,2,12,44,58,0.3,0.1,0.3,0.15,0.15,15,2.7080502011022096,0.5,0.04232137234802871,0,1,0.9545454545454546
1,0,1,0,1,22,1,2,13,45,58,0.3,0.1,0.3,0.15,0.15,15,2.7080502011022096,0.5,0.9869699929792951,1,1,0.9555555555555556
0,0,1,0,0,5,0,2,14,46,58,0.3,0.1,0.3,0.15,0.15,15,2.7080502011022096,0.5,0.045707008561366586,0,1,0.9565217391304348
0,0,0,0,1,17,0,2,15,47,58,0.3,0.1,0.3,0.15,0.15,15,2.7080502011022096,0.5,5.455382613805653e-4,0,1,0.9574468085106383
1,0,0,1,0,10,0,2,16,48,58,0.3,0.1,0.3,0.15,0.15,15,2.7080502011022096,0.5,0.03311960174922444,0,1,0.9583333333333334
1,1,0,1,1,28,0,2,17,49,58,0.3,0.1,0.3,0.15,0.15,15,2.7080502011022096,0.5,0.028468140022354864,0,1,0.9591836734693877
0,1,1,0,0,7,0,2,18,50,58,0.3,0.1,0.3,0.15,0.15,15,2.7080502011022096,0.5,0.04712499860738161,0,1,0.96
0,0,0,0,0,1,0,2,19,51,58,0.3,0.1,0.3,0.15,0.15,15,2.7080502011022096,0.5,5.704094136696906e-4,0,1,0.9607843137254902
0,0,1,1,0,13,0,2,20,52,58,0.3,0.1,0.3,0.15,0.15,15,2.7080502011022096,0.5,0.03433573057080616,0,1,0.9615384615384616
1,1,1,1,1,32,1,2,21,53,58,0.3,0.1,0.3,0.15,0.15,15,2.7080502011022096,0.5,0.9888259245828,1,1,0.9622641509433962
0,1,1,1,0,15,0,2,22,54,58,0.3,0.1,0.3,0.15,0.15,15,2.7080502011022096,0.5,0.04093090298213539,0,1,0.9629629629629629
0,0,0,1,1,25,0,2,23,55,58,0.3,0.1,0.3,0.15,0.15,15,2.7080502011022096,0.5,5.655457325161549e-4,0,1,0.9636363636363636
1,1,1,0,1,24,1,2,24,56,58,0.3,0.1,0.3,0.15,0.15,15,2.7080502011022096,0.5,0.9906120750911541,1,1,0.9642857142857143
1,1,0,1,0,12,0,2,25,57,58,0.3,0.1,0.3,0.15,0.15,15,2.7080502011022096,0.5,0.04058211915441268,0,1,0.9649122807017544
0,1,0,0,0,3,0,2,26,58,58,0.3,0.1,0.3,0.15,0.15,15,2.7080502011022096,0.5,5.596723311676826e-4,0,1,0.9655172413793104
0,1,1,0,1,23,0,2,27,59,58,0.3,0.1,0.3,0.15,0.15,15,2.7080502011022096,0.5,0.04517534165526458,0,1,0.9661016949152542
0,1,0,1,0,11,0,2,28,60,58,0.3,0.1,0.3,0.15,0.15,15,2.7080502011022096,0.5,5.161951556562829e-4,0,1,0.9666666666666667
1,0,1,1,0,14,1,2,29,61,58,0.3,0.1,0.3,0.15,0.15,15,2.7080502011022096,0.5,0.9891252152697624,1,1,0.9672131147540983
1,0,0,0,0,2,0,2,30,62,58,0.3,0.1,0.3,0.15,0.15,15,2.7080502011022096,0.5,0.04414052968544263,0,1,0.967741935483871
0,1,0,0,1,19,0,2,31,63,58,0.3,0.1,0.3,0.15,0.15,15,2.7080502011022096,0.5,5.435404222369707e-4,0,1,0.9682539682539683
0,1,0,1,1,27,0,2,32,64,58,0.3,0.1,0.3,0.15,0.15,15,2.7080502011022096,0.5,5.268886716627733e-4,0,1,0.96875
0,1,0,1,1,27,0,3,1,65,58,0.3,0.1,0.3,0.15,0.15,15,2.7080502011022096,0.5,3.6205131656903445e-4,0,1,0.9692307692307692
0,0,0,0,1,17,0,3,2,66,58,0.3,0.1,0.3,0.15,0.15,15,2.7080502011022096,0.5,3.6676935117733106e-4,0,1,0.9696969696969697
1,1,1,0,1,24,1,3,3,67,58,0.3,0.1,0.3,0.15,0.15,15,2.7080502011022096,0.5,0.9928972210111404,1,1,0.9701492537313433
0,0,1,0,1,21,0,3,4,68,58,0.3,0.1,0.3,0.15,0.15,15,2.7080502011022096,0.5,0.03343576261278464,0,1,0.9705882352941176
1,1,1,1,1,32,1,3,5,69,58,0.3,0.1,0.3,0.15,0.15,15,2.7080502011022096,0.5,0.9928167404484942,1,1,0.9710144927536232
1,0,0,0,1,18,0,3,6,70,58,0.3,0.1,0.3,0.15,0.15,15,2.7080502011022096,0.5,0.03247648243969335,0,1,0.9714285714285714
1,0,1,1,0,14,1,3,7,71,58,0.3,0.1,0.3,0.15,0.15,15,2.7080502011022096,0.5,0.9923630615278143,1,1,0.971830985915493
0,1,0,1,0,11,0,3,8,72,58,0.3,0.1,0.3,0.15,0.15,15,2.7080502011022096,0.5,3.5527483249161453e-4,0,1,0.9722222222222222
0,1,1,0,1,23,0,3,9,73,58,0.3,0.1,0.3,0.15,0.15,15,2.7080502011022096,0.5,0.037599812257310516,0,1,0.9726027397260274
0,1,1,1,0,15,0,3,10,74,58,0.3,0.1,0.3,0.15,0.15,15,2.7080502011022096,0.5,0.03332564719522256,0,1,0.972972972972973
1,1,0,1,1,28,0,3,11,75,58,0.3,0.1,0.3,0.15,0.15,15,2.7080502011022096,0.5,0.04149726722067479,0,1,0.9733333333333334
0,0,1,0,0,5,0,3,12,76,58,0.3,0.1,0.3,0.15,0.15,15,2.7080502011022096,0.5,0.031161899625405394,0,1,0.9736842105263158
0,0,1,1,1,29,0,3,13,77,58,0.3,0.1,0.3,0.15,0.15,15,2.7080502011022096,0.5,0.03372699795236051,0,1,0.974025974025974
1,1,1,0,0,8,1,3,14,78,58,0.3,0.1,0.3,0.15,0.15,15,2.7080502011022096,0.5,0.9924886501772178,1,1,0.9743589743589743
0,0,1,1,0,13,0,3,15,79,58,0.3,0.1,0.3,0.15,0.15,15,2.7080502011022096,0.5,0.03610943718773863,0,1,0.9746835443037974
0,1,1,1,1,31,0,3,16,80,58,0.3,0.1,0.3,0.15,0.15,15,2.7080502011022096,0.5,0.03703174151527029,0,1,0.975
0,0,0,1,0,9,0,3,17,81,58,0.3,0.1,0.3,0.15,0.15,15,2.7080502011022096,0.5,4.4881218756610494e-4,0,1,0.9753086419753086
1,0,0,1,1,26,0,3,18,82,58,0.3,0.1,0.3,0.15,0.15,15,2.7080502011022096,0.5,0.03265072843775331,0,1,0.975609756097561
1,0,0,1,0,10,0,3,19,83,58,0.3,0.1,0.3,0.15,0.15,15,2.7080502011022096,0.5,0.041943304322306835,0,1,0.9759036144578314
0,1,1,0,0,7,0,3,20,84,58,0.3,0.1,0.3,0.15,0.15,15,2.7080502011022096,0.5,0.03944047843593781,0,1,0.9761904761904762
1,0,1,0,1,22,1,3,21,85,58,0.3,0.1,0.3,0.15,0.15,15,2.7080502011022096,0.5,0.9908935942843314,1,1,0.9764705882352941
1,1,0,1,0,12,0,3,22,86,58,0.3,0.1,0.3,0.15,0.15,15,2.7080502011022096,0.5,0.033162131134111,0,1,0.9767441860465116
1,0,1,1,1,30,1,3,23,87,58,0.3,0.1,0.3,0.15,0.15,15,2.7080502011022096,0.5,0.990753675544442,1,1,0.9770114942528736
1,0,1,0,0,6,1,3,24,88,58,0.3,0.1,0.3,0.15,0.15,15,2.7080502011022096,0.5,0.991641826609213,1,1,0.9772727272727273
1,1,0,0,1,20,0,3,25,89,58,0.3,0.1,0.3,0.15,0.15,15,2.7080502011022096,0.5,0.039747218707561184,0,1,0.9775280898876404
1,1,0,0,0,4,0,3,26,90,58,0.3,0.1,0.3,0.15,0.15,15,2.7080502011022096,0.5,0.040623794377050396,0,1,0.9777777777777777
1,0,0,0,0,2,0,3,27,91,58,0.3,0.1,0.3,0.15,0.15,15,2.7080502011022096,0.5,0.03938851333089459,0,1,0.978021978021978
1,1,1,1,0,16,1,3,28,92,58,0.3,0.1,0.3,0.15,0.15,15,2.7080502011022096,0.5,0.990369778756123,1,1,0.9782608695652174
0,0,0,0,0,1,0,3,29,93,58,0.3,0.1,0.3,0.15,0.15,15,2.7080502011022096,0.5,4.7121138893468396e-4,0,1,0.978494623655914
0,1,0,0,0,3,0,3,30,94,58,0.3,0.1,0.3,0.15,0.15,15,2.7080502011022096,0.5,4.5752705891550735e-4,0,1,0.9787234042553191
0,0,0,1,1,25,0,3,31,95,58,0.3,0.1,0.3,0.15,0.15,15,2.7080502011022096,0.5,4.531601032072794e-4,0,1,0.9789473684210527
0,1,0,0,1,19,0,3,32,96,58,0.3,0.1,0.3,0.15,0.15,15,2.7080502011022096,0.5,4.566155709723665e-4,0,1,0.9791666666666666
1,1,1,1,0,16,1,1,1,1,59,0.3,0.1,0.3,0.15,0.15,15,2.7080502011022096,0.5,0.5,1,1,1
1,0,0,0,0,2,0,1,2,2,59,0.3,0.1,0.3,0.15,0.15,15,2.7080502011022096,0.5,0.5,0,1,1
0,1,1,1,1,31,0,1,3,3,59,0.3,0.1,0.3,0.15,0.15,15,2.7080502011022096,0.5,0.9997388096809042,1,0,0.6666666666666666
1,0,0,0,1,18,0,1,4,4,59,0.3,0.1,0.3,0.15,0.15,15,2.7080502011022096,0.5,5.222298602075243e-4,0,1,0.75
0,0,1,1,1,29,0,1,5,5,59,0.3,0.1,0.3,0.15,0.15,15,2.7080502011022096,0.5,0.003500118665812087,0,1,0.8
1,1,0,0,1,20,0,1,6,6,59,0.3,0.1,0.3,0.15,0.15,15,2.7080502011022096,0.5,0.0019972661422192617,0,1,0.8333333333333334
0,1,0,1,1,27,0,1,7,7,59,0.3,0.1,0.3,0.15,0.15,15,2.7080502011022096,0.5,0.0043035011506570246,0,1,0.8571428571428571
1,0,1,0,1,22,1,1,8,8,59,0.3,0.1,0.3,0.15,0.15,15,2.7080502011022096,0.5,0.47873643148838535,1,1,0.875
1,0,1,1,1,30,1,1,9,9,59,0.3,0.1,0.3,0.15,0.15,15,2.7080502011022096,0.5,0.9622542612888905,1,1,0.8888888888888888
1,1,1,0,0,8,1,1,10,10,59,0.3,0.1,0.3,0.15,0.15,15,2.7080502011022096,0.5,0.9847737053661503,1,1,0.9
0,0,0,0,0,1,0,1,11,11,59,0.3,0.1,0.3,0.15,0.15,15,2.7080502011022096,0.5,0.004411686628377146,0,1,0.9090909090909091
0,0,0,1,0,9,0,1,12,12,59,0.3,0.1,0.3,0.15,0.15,15,2.7080502011022096,0.5,5.952954445708002e-4,0,1,0.9166666666666666
0,0,1,0,0,5,0,1,13,13,59,0.3,0.1,0.3,0.15,0.15,15,2.7080502011022096,0.5,0.2365944678944061,0,1,0.9230769230769231
0,1,0,0,1,19,0,1,14,14,59,0.3,0.1,0.3,0.15,0.15,15,2.7080502011022096,0.5,6.857931139743836e-4,0,1,0.9285714285714286
1,0,1,1,0,14,1,1,15,15,59,0.3,0.1,0.3,0.15,0.15,15,2.7080502011022096,0.5,0.9955431244436729,1,1,0.9333333333333333
1,0,0,1,1,26,0,1,16,16,59,0.3,0.1,0.3,0.15,0.15,15,2.7080502011022096,0.5,0.16004911029231303,0,1,0.9375
1,0,0,1,0,10,0,1,17,17,59,0.3,0.1,0.3,0.15,0.15,15,2.7080502011022096,0.5,0.12325331565934605,0,1,0.9411764705882353
0,0,1,0,1,21,0,1,18,18,59,0.3,0.1,0.3,0.15,0.15,15,2.7080502011022096,0.5,0.1132421821137929,0,1,0.9444444444444444
0,1,1,0,1,23,0,1,19,19,59,0.3,0.1,0.3,0.15,0.15,15,2.7080502011022096,0.5,0.026477970799056148,0,1,0.9473684210526315
1,1,1,1,1,32,1,1,20,20,59,0.3,0.1,0.3,0.15,0.15,15,2.7080502011022096,0.5,0.9824088568951778,1,1,0.95
0,1,1,1,0,15,0,1,21,21,59,0.3,0.1,0.3,0.15,0.15,15,2.7080502011022096,0.5,0.1819934100956261,0,1,0.9523809523809523
1,0,1,0,0,6,1,1,22,22,59,0.3,0.1,0.3,0.15,0.15,15,2.7080502011022096,0.5,0.9776437659929841,1,1,0.9545454545454546
0,0,0,0,1,17,0,1,23,23,59,0.3,0.1,0.3,0.15,0.15,15,2.7080502011022096,0.5,8.495651279791295e-4,0,1,0.9565217391304348
0,1,0,0,0,3,0,1,24,24,59,0.3,0.1,0.3,0.15,0.15,15,2.7080502011022096,0.5,9.882809643679354e-4,0,1,0.9583333333333334
1,1,0,1,0,12,0,1,25,25,59,0.3,0.1,0.3,0.15,0.15,15,2.7080502011022096,0.5,0.12159068044307302,1,0,0.92
1,1,1,0,1,24,1,1,26,26,59,0.3,0.1,0.3,0.15,0.15,15,2.7080502011022096,0.5,0.9770689404766003,1,1,0.9230769230769231
1,1,0,1,1,28,0,1,27,27,59,0.3,0.1,0.3,0.15,0.15,15,2.7080502011022096,0.5,0.06996511205539167,0,1,0.9259259259259259
0,1,0,1,0,11,0,1,28,28,59,0.3,0.1,0.3,0.15,0.15,15,2.7080502011022096,0.5,8.763507769410563e-4,0,1,0.9285714285714286
1,1,0,0,0,4,0,1,29,29,59,0.3,0.1,0.3,0.15,0.15,15,2.7080502011022096,0.5,0.07510035425392814,0,1,0.9310344827586207
0,1,1,0,0,7,0,1,30,30,59,0.3,0.1,0.3,0.15,0.15,15,2.7080502011022096,0.5,0.08201863781401338,0,1,0.9333333333333333
0,0,1,1,0,13,0,1,31,31,59,0.3,0.1,0.3,0.15,0.15,15,2.7080502011022096,0.5,0.08214463799949585,0,1,0.9354838709677419
0,0,0,1,1,25,0,1,32,32,59,0.3,0.1,0.3,0.15,0.15,15,2.7080502011022096,0.5,0.0010037549493595369,0,1,0.9375
1,0,0,1,0,10,0,2,1,33,59,0.3,0.1,0.3,0.15,0.15,15,2.7080502011022096,0.5,0.03190530834696265,0,1,0.9393939393939394
0,0,0,0,1,17,0,2,2,34,59,0.3,0.1,0.3,0.15,0.15,15,2.7080502011022096,0.5,3.7710064879966086e-4,0,1,0.9411764705882353
1,0,1,0,0,6,1,2,3,35,59,0.3,0.1,0.3,0.15,0.15,15,2.7080502011022096,0.5,0.9929322963233975,1,1,0.9428571428571428
0,1,1,0,1,23,0,2,4,36,59,0.3,0.1,0.3,0.15,0.15,15,2.7080502011022096,0.5,0.031179344775122027,0,1,0.9444444444444444
0,1,0,1,0,11,0,2,5,37,59,0.3,0.1,0.3,0.15,0.15,15,2.7080502011022096,0.5,3.665278092546853e-4,0,1,0.9459459459459459
1,0,1,1,0,14,1,2,6,38,59,0.3,0.1,0.3,0.15,0.15,15,2.7080502011022096,0.5,0.9911281927238083,1,1,0.9473684210526315
1,1,0,0,1,20,0,2,7,39,59,0.3,0.1,0.3,0.15,0.15,15,2.7080502011022096,0.5,0.030244097609274993,0,1,0.9487179487179487
1,0,0,0,0,2,0,2,8,40,59,0.3,0.1,0.3,0.15,0.15,15,2.7080502011022096,0.5,0.04854396437642839,0,1,0.95
0,0,1,0,0,5,0,2,9,41,59,0.3,0.1,0.3,0.15,0.15,15,2.7080502011022096,0.5,0.0533853550726152,0,1,0.9512195121951219
1,1,0,1,0,12,0,2,10,42,59,0.3,0.1,0.3,0.15,0.15,15,2.7080502011022096,0.5,0.03258517407048977,0,1,0.9523809523809523
1,1,0,1,1,28,0,2,11,43,59,0.3,0.1,0.3,0.15,0.15,15,2.7080502011022096,0.5,0.029969313515753243,0,1,0.9534883720930233
0,1,0,0,0,3,0,2,12,44,59,0.3,0.1,0.3,0.15,0.15,15,2.7080502011022096,0.5,4.2557390249202913e-4,0,1,0.9545454545454546
1,0,1,1,1,30,1,2,13,45,59,0.3,0.1,0.3,0.15,0.15,15,2.7080502011022096,0.5,0.9930948221852492,1,1,0.9555555555555556
1,1,1,1,1,32,1,2,14,46,59,0.3,0.1,0.3,0.15,0.15,15,2.7080502011022096,0.5,0.9911094989443014,1,1,0.9565217391304348
0,0,0,0,0,1,0,2,15,47,59,0.3,0.1,0.3,0.15,0.15,15,2.7080502011022096,0.5,4.7973321116902105e-4,0,1,0.9574468085106383
1,0,0,0,1,18,0,2,16,48,59,0.3,0.1,0.3,0.15,0.15,15,2.7080502011022096,0.5,0.028971505682755156,0,1,0.9583333333333334
1,1,1,1,0,16,1,2,17,49,59,0.3,0.1,0.3,0.15,0.15,15,2.7080502011022096,0.5,0.9913267833545041,1,1,0.9591836734693877
0,0,0,1,1,25,0,2,18,50,59,0.3,0.1,0.3,0.15,0.15,15,2.7080502011022096,0.5,5.82331424582117e-4,0,1,0.96
0,1,0,0,1,19,0,2,19,51,59,0.3,0.1,0.3,0.15,0.15,15,2.7080502011022096,0.5,3.004114109672349e-4,0,1,0.9607843137254902
1,1,0,0,0,4,0,2,20,52,59,0.3,0.1,0.3,0.15,0.15,15,2.7080502011022096,0.5,0.029039718882236932,0,1,0.9615384615384616
0,0,1,1,1,29,0,2,21,53,59,0.3,0.1,0.3,0.15,0.15,15,2.7080502011022096,0.5,0.057573267863468586,0,1,0.9622641509433962
0,0,1,0,1,21,0,2,22,54,59,0.3,0.1,0.3,0.15,0.15,15,2.7080502011022096,0.5,0.029467290758113416,0,1,0.9629629629629629
0,1,1,1,1,31,0,2,23,55,59,0.3,0.1,0.3,0.15,0.15,15,2.7080502011022096,0.5,0.050642650911010806,0,1,0.9636363636363636
1,0,1,0,1,22,1,2,24,56,59,0.3,0.1,0.3,0.15,0.15,15,2.7080502011022096,0.5,0.9885518461365747,1,1,0.9642857142857143
1,0,0,1,1,26,0,2,25,57,59,0.3,0.1,0.3,0.15,0.15,15,2.7080502011022096,0.5,0.04663004811756404,0,1,0.9649122807017544
0,1,0,1,1,27,0,2,26,58,59,0.3,0.1,0.3,0.15,0.15,15,2.7080502011022096,0.5,5.35970730321789e-4,0,1,0.9655172413793104
0,0,1,1,0,13,0,2,27,59,59,0.3,0.1,0.3,0.15,0.15,15,2.7080502011022096,0.5,0.055371038455796995,0,1,0.9661016949152542
0,1,1,0,0,7,0,2,28,60,59,0.3,0.1,0.3,0.15,0.15,15,2.7080502011022096,0.5,0.0338976066931559,0,1,0.9666666666666667
1,1,1,0,1,24,1,2,29,61,59,0.3,0.1,0.3,0.15,0.15,15,2.7080502011022096,0.5,0.9893450519153028,1,1,0.9672131147540983
0,1,1,1,0,15,0,2,30,62,59,0.3,0.1,0.3,0.15,0.15,15,2.7080502011022096,0.5,0.0463741387661543,0,1,0.967741935483871
0,0,0,1,0,9,0,2,31,63,59,0.3,0.1,0.3,0.15,0.15,15,2.7080502011022096,0.5,5.575756306775167e-4,0,1,0.9682539682539683
1,1,1,0,0,8,1,2,32,64,59,0.3,0.1,0.3,0.15,0.15,15,2.7080502011022096,0.5,0.9896172765288775,1,1,0.96875
1,1,1,1,0,16,1,3,1,65,59,0.3,0.1,0.3,0.15,0.15,15,2.7080502011022096,0.5,0.9926079155520691,1,1,0.9692307692307692
1,1,0,1,1,28,0,3,2,66,59,0.3,0.1,0.3,0.15,0.15,15,2.7080502011022096,0.5,0.031112814247201245,0,1,0.9696969696969697
0,0,1,0,0,5,0,3,3,67,59,0.3,0.1,0.3,0.15,0.15,15,2.7080502011022096,0.5,0.030926534040241385,0,1,0.9701492537313433
1,1,0,1,0,12,0,3,4,68,59,0.3,0.1,0.3,0.15,0.15,15,2.7080502011022096,0.5,0.04000040143111597,0,1,0.9705882352941176
0,0,1,1,1,29,0,3,5,69,59,0.3,0.1,0.3,0.15,0.15,15,2.7080502011022096,0.5,0.032034004483481794,0,1,0.9710144927536232
0,0,1,0,1,21,0,3,6,70,59,0.3,0.1,0.3,0.15,0.15,15,2.7080502011022096,0.5,0.03048012497762811,0,1,0.9714285714285714
1,0,1,1,1,30,1,3,7,71,59,0.3,0.1,0.3,0.15,0.15,15,2.7080502011022096,0.5,0.9913529436041766,1,1,0.971830985915493
1,0,1,0,0,6,1,3,8,72,59,0.3,0.1,0.3,0.15,0.15,15,2.7080502011022096,0.5,0.9911526561700827,1,1,0.9722222222222222
0,1,1,0,1,23,0,3,9,73,59,0.3,0.1,0.3,0.15,0.15,15,2.7080502011022096,0.5,0.027877438966124483,0,1,0.9726027397260274
1,1,0,0,1,20,0,3,10,74,59,0.3,0.1,0.3,0.15,0.15,15,2.7080502011022096,0.5,0.029735425347220196,0,1,0.972972972972973
1,0,0,1,1,26,0,3,11,75,59,0.3,0.1,0.3,0.15,0.15,15,2.7080502011022096,0.5,0.037808092220378224,0,1,0.9733333333333334
0,0,0,0,0,1,0,3,12,76,59,0.3,0.1,0.3,0.15,0.15,15,2.7080502011022096,0.5,4.766830699576772e-4,0,1,0.9736842105263158
1,0,0,0,0,2,0,3,13,77,59,0.3,0.1,0.3,0.15,0.15,15,2.7080502011022096,0.5,0.04153401921914223,0,1,0.974025974025974
0,0,1,1,0,13,0,3,14,78,59,0.3,0.1,0.3,0.15,0.15,15,2.7080502011022096,0.5,0.034502937233776176,0,1,0.9743589743589743
1,1,1,1,1,32,1,3,15,79,59,0.3,0.1,0.3,0.15,0.15,15,2.7080502011022096,0.5,0.991637989532629,1,1,0.9746835443037974
0,1,0,0,1,19,0,3,16,80,59,0.3,0.1,0.3,0.15,0.15,15,2.7080502011022096,0.5,3.6937851207236125e-4,0,1,0.975
0,1,1,1,0,15,0,3,17,81,59,0.3,0.1,0.3,0.15,0.15,15,2.7080502011022096,0.5,0.04006548647063003,0,1,0.9753086419753086
0,1,1,1,1,31,0,3,18,82,59,0.3,0.1,0.3,0.15,0.15,15,2.7080502011022096,0.5,0.04006048597157292,0,1,0.975609756097561
0,1,0,1,0,11,0,3,19,83,59,0.3,0.1,0.3,0.15,0.15,15,2.7080502011022096,0.5,5.078163430587558e-4,0,1,0.9759036144578314
1,1,1,0,1,24,1,3,20,84,59,0.3,0.1,0.3,0.15,0.15,15,2.7080502011022096,0.5,0.9904981704012954,1,1,0.9761904761904762
1,0,1,1,0,14,1,3,21,85,59,0.3,0.1,0.3,0.15,0.15,15,2.7080502011022096,0.5,0.9915410060791533,1,1,0.9764705882352941
1,0,0,0,1,18,0,3,22,86,59,0.3,0.1,0.3,0.15,0.15,15,2.7080502011022096,0.5,0.0306056495496259,0,1,0.9767441860465116
1,1,0,0,0,4,0,3,23,87,59,0.3,0.1,0.3,0.15,0.15,15,2.7080502011022096,0.5,0.03097193274535714,0,1,0.9770114942528736
0,0,0,1,0,9,0,3,24,88,59,0.3,0.1,0.3,0.15,0.15,15,2.7080502011022096,0.5,4.757223100929423e-4,0,1,0.9772727272727273
0,0,0,0,1,17,0,3,25,89,59,0.3,0.1,0.3,0.15,0.15,15,2.7080502011022096,0.5,3.732936171785743e-4,0,1,0.9775280898876404
0,1,0,0,0,3,0,3,26,90,59,0.3,0.1,0.3,0.15,0.15,15,2.7080502011022096,0.5,3.653356478959811e-4,0,1,0.9777777777777777
1,0,1,0,1,22,1,3,27,91,59,0.3,0.1,0.3,0.15,0.15,15,2.7080502011022096,0.5,0.9907574838464432,0,0,0.967032967032967
0,1,0,1,1,27,0,3,28,92,59,0.3,0.1,0.3,0.15,0.15,15,2.7080502011022096,0.5,4.854747551291281e-4,0,1,0.967391304347826
0,0,0,1,1,25,0,3,29,93,59,0.3,0.1,0.3,0.15,0.15,15,2.7080502011022096,0.5,4.629426850456446e-4,0,1,0.967741935483871
1,1,1,0,0,8,1,3,30,94,59,0.3,0.1,0.3,0.15,0.15,15,2.7080502011022096,0.5,0.9916940433425815,1,1,0.9680851063829787
0,1,1,0,0,7,0,3,31,95,59,0.3,0.1,0.3,0.15,0.15,15,2.7080502011022096,0.5,0.039484782137550405,0,1,0.968421052631579
1,0,0,1,0,10,0,3,32,96,59,0.3,0.1,0.3,0.15,0.15,15,2.7080502011022096,0.5,0.04002624134549863,0,1,0.96875
1,1,0,0,0,4,0,1,1,1,60,0.3,0.1,0.3,0.15,0.15,15,2.7080502011022096,0.5,0.5,0,1,1
1,1,1,1,0,16,1,1,2,2,60,0.3,0.1,0.3,0.15,0.15,15,2.7080502011022096,0.5,0.5,1,1,1
1,1,1,0,1,24,1,1,3,3,60,0.3,0.1,0.3,0.15,0.15,15,2.7080502011022096,0.5,0.9046505351008904,1,1,1
0,0,0,1,0,9,0,1,4,4,60,0.3,0.1,0.3,0.15,0.15,15,2.7080502011022096,0.5,0.050589393617168264,0,1,1
0,0,1,0,0,5,0,1,5,5,60,0.3,0.1,0.3,0.15,0.15,15,2.7080502011022096,0.5,0.3036242889819018,0,1,1
1,1,1,0,0,8,1,1,6,6,60,0.3,0.1,0.3,0.15,0.15,15,2.7080502011022096,0.5,0.9587897750873423,1,1,1
0,1,1,0,1,23,0,1,7,7,60,0.3,0.1,0.3,0.15,0.15,15,2.7080502011022096,0.5,0.3449038527333322,1,0,0.8571428571428571
1,0,0,0,0,2,0,1,8,8,60,0.3,0.1,0.3,0.15,0.15,15,2.7080502011022096,0.5,0.017518316906400468,0,1,0.875
1,0,0,1,1,26,0,1,9,9,60,0.3,0.1,0.3,0.15,0.15,15,2.7080502011022096,0.5,0.058467854715528685,0,1,0.8888888888888888
1,1,0,1,1,28,0,1,10,10,60,0.3,0.1,0.3,0.15,0.15,15,2.7080502011022096,0.5,0.02037979764615923,0,1,0.9
0,0,1,0,1,21,0,1,11,11,60,0.3,0.1,0.3,0.15,0.15,15,2.7080502011022096,0.5,0.019268267723246857,0,1,0.9090909090909091
0,0,0,1,1,25,0,1,12,12,60,0.3,0.1,0.3,0.15,0.15,15,2.7080502011022096,0.5,1.3499141569931543e-4,0,1,0.9166666666666666
0,1,0,0,0,3,0,1,13,13,60,0.3,0.1,0.3,0.15,0.15,15,2.7080502011022096,0.5,0.010166226093714103,0,1,0.9230769230769231
0,1,0,1,0,11,0,1,14,14,60,0.3,0.1,0.3,0.15,0.15,15,2.7080502011022096,0.5,0.0012909376175417012,0,1,0.9285714285714286
0,1,1,1,0,15,0,1,15,15,60,0.3,0.1,0.3,0.15,0.15,15,2.7080502011022096,0.5,0.4657990328635619,1,0,0.8666666666666667
1,0,1,0,1,22,1,1,16,16,60,0.3,0.1,0.3,0.15,0.15,15,2.7080502011022096,0.5,0.9825789104071163,1,1,0.875
0,1,0,0,1,19,0,1,17,17,60,0.3,0.1,0.3,0.15,0.15,15,2.7080502011022096,0.5,0.00310298824727641,0,1,0.8823529411764706
1,0,1,1,1,30,1,1,18,18,60,0.3,0.1,0.3,0.15,0.15,15,2.7080502011022096,0.5,0.9697630335687645,1,1,0.8888888888888888
0,1,1,1,1,31,0,1,19,19,60,0.3,0.1,0.3,0.15,0.15,15,2.7080502011022096,0.5,0.05292998410531822,0,1,0.8947368421052632
0,0,1,1,0,13,0,1,20,20,60,0.3,0.1,0.3,0.15,0.15,15,2.7080502011022096,0.5,0.029006661365131428,0,1,0.9
0,0,0,0,1,17,0,1,21,21,60,0.3,0.1,0.3,0.15,0.15,15,2.7080502011022096,0.5,0.0013053684494062447,0,1,0.9047619047619048
0,1,0,1,1,27,0,1,22,22,60,0.3,0.1,0.3,0.15,0.15,15,2.7080502011022096,0.5,3.5584360999428924e-4,0,1,0.9090909090909091
0,1,1,0,0,7,0,1,23,23,60,0.3,0.1,0.3,0.15,0.15,15,2.7080502011022096,0.5,0.08446479582063042,0,1,0.9130434782608695
1,0,0,0,1,18,0,1,24,24,60,0.3,0.1,0.3,0.15,0.15,15,2.7080502011022096,0.5,0.16535216584091905,0,1,0.9166666666666666
1,1,1,1,1,32,1,1,25,25,60,0.3,0.1,0.3,0.15,0.15,15,2.7080502011022096,0.5,0.9843498356270836,1,1,0.92
0,0,0,0,0,1,0,1,26,26,60,0.3,0.1,0.3,0.15,0.15,15,2.7080502011022096,0.5,2.8907424519587316e-4,0,1,0.9230769230769231
1,0,1,1,0,14,1,1,27,27,60,0.3,0.1,0.3,0.15,0.15,15,2.7080502011022096,0.5,0.9858606869364502,1,1,0.9259259259259259
1,0,1,0,0,6,1,1,28,28,60,0.3,0.1,0.3,0.15,0.15,15,2.7080502011022096,0.5,0.9781434027159356,0,0,0.8928571428571429
1,1,0,0,1,20,0,1,29,29,60,0.3,0.1,0.3,0.15,0.15,15,2.7080502011022096,0.5,0.07697165202127289,0,1,0.896551724137931
0,0,1,1,1,29,0,1,30,30,60,0.3,0.1,0.3,0.15,0.15,15,2.7080502011022096,0.5,0.07854084776912797,0,1,0.9
1,0,0,1,0,10,0,1,31,31,60,0.3,0.1,0.3,0.15,0.15,15,2.7080502011022096,0.5,0.13675545537910241,0,1,0.9032258064516129
1,1,0,1,0,12,0,1,32,32,60,0.3,0.1,0.3,0.15,0.15,15,2.7080502011022096,0.5,0.08537983255758581,0,1,0.90625
1,1,1,0,0,8,1,2,1,33,60,0.3,0.1,0.3,0.15,0.15,15,2.7080502011022096,0.5,0.9926079155520691,1,1,0.9090909090909091
1,0,0,1,1,26,0,2,2,34,60,0.3,0.1,0.3,0.15,0.15,15,2.7080502011022096,0.5,0.02850702784773598,0,1,0.9117647058823529
1,1,1,1,1,32,1,2,3,35,60,0.3,0.1,0.3,0.15,0.15,15,2.7080502011022096,0.5,0.9914966991192359,1,1,0.9142857142857143
0,0,0,1,0,9,0,2,4,36,60,0.3,0.1,0.3,0.15,0.15,15,2.7080502011022096,0.5,3.1098217962803045e-4,0,1,0.9166666666666666
0,0,1,0,1,21,0,2,5,37,60,0.3,0.1,0.3,0.15,0.15,15,2.7080502011022096,0.5,0.028615818848932127,0,1,0.918918918918919
0,0,0,1,1,25,0,2,6,38,60,0.3,0.1,0.3,0.15,0.15,15,2.7080502011022096,0.5,3.4821700695455233e-4,0,1,0.9210526315789473
1,0,1,1,0,14,1,2,7,39,60,0.3,0.1,0.3,0.15,0.15,15,2.7080502011022096,0.5,0.9919974797340094,1,1,0.9230769230769231
1,0,0,0,1,18,0,2,8,40,60,0.3,0.1,0.3,0.15,0.15,15,2.7080502011022096,0.5,0.026416748548637636,0,1,0.925
1,0,1,0,1,22,1,2,9,41,60,0.3,0.1,0.3,0.15,0.15,15,2.7080502011022096,0.5,0.9863156629729617,1,1,0.926829268292683
1,1,0,0,1,20,0,2,10,42,60,0.3,0.1,0.3,0.15,0.15,15,2.7080502011022096,0.5,0.028638593615365398,0,1,0.9285714285714286
0,0,0,0,0,1,0,2,11,43,60,0.3,0.1,0.3,0.15,0.15,15,2.7080502011022096,0.5,3.6158807688610396e-4,0,1,0.9302325581395349
0,0,1,0,0,5,0,2,12,44,60,0.3,0.1,0.3,0.15,0.15,15,2.7080502011022096,0.5,0.03289563221841085,0,1,0.9318181818181818
0,1,0,0,0,3,0,2,13,45,60,0.3,0.1,0.3,0.15,0.15,15,2.7080502011022096,0.5,4.714420560398656e-4,0,1,0.9333333333333333
0,1,1,0,1,23,0,2,14,46,60,0.3,0.1,0.3,0.15,0.15,15,2.7080502011022096,0.5,0.03243270730283338,0,1,0.9347826086956522
0,1,1,1,0,15,0,2,15,47,60,0.3,0.1,0.3,0.15,0.15,15,2.7080502011022096,0.5,0.037670702431073955,0,1,0.9361702127659575
0,0,0,0,1,17,0,2,16,48,60,0.3,0.1,0.3,0.15,0.15,15,2.7080502011022096,0.5,5.094295899871956e-4,0,1,0.9375
1,0,0,1,0,10,0,2,17,49,60,0.3,0.1,0.3,0.15,0.15,15,2.7080502011022096,0.5,0.04919608397725322,0,1,0.9387755102040817
1,1,0,1,1,28,0,2,18,50,60,0.3,0.1,0.3,0.15,0.15,15,2.7080502011022096,0.5,0.04421534812487664,0,1,0.94
0,0,1,1,0,13,0,2,19,51,60,0.3,0.1,0.3,0.15,0.15,15,2.7080502011022096,0.5,0.0458811028225846,0,1,0.9411764705882353
1,0,1,0,0,6,1,2,20,52,60,0.3,0.1,0.3,0.15,0.15,15,2.7080502011022096,0.5,0.9920492187208515,1,1,0.9423076923076923
0,0,1,1,1,29,0,2,21,53,60,0.3,0.1,0.3,0.15,0.15,15,2.7080502011022096,0.5,0.03482017312649618,0,1,0.9433962264150944
0,1,0,1,1,27,0,2,22,54,60,0.3,0.1,0.3,0.15,0.15,15,2.7080502011022096,0.5,5.292891033678863e-4,0,1,0.9444444444444444
1,1,1,1,0,16,1,2,23,55,60,0.3,0.1,0.3,0.15,0.15,15,2.7080502011022096,0.5,0.9916708512297514,1,1,0.9454545454545454
1,1,0,0,0,4,0,2,24,56,60,0.3,0.1,0.3,0.15,0.15,15,2.7080502011022096,0.5,0.05250102722108326,0,1,0.9464285714285714
0,1,1,0,0,7,0,2,25,57,60,0.3,0.1,0.3,0.15,0.15,15,2.7080502011022096,0.5,0.04561188125731892,0,1,0.9473684210526315
0,1,0,0,1,19,0,2,26,58,60,0.3,0.1,0.3,0.15,0.15,15,2.7080502011022096,0.5,3.6457514801689416e-4,0,1,0.9482758620689655
0,1,1,1,1,31,0,2,27,59,60,0.3,0.1,0.3,0.15,0.15,15,2.7080502011022096,0.5,0.043932981205333496,0,1,0.9491525423728814
1,1,0,1,0,12,0,2,28,60,60,0.3,0.1,0.3,0.15,0.15,15,2.7080502011022096,0.5,0.0503914483488013,0,1,0.95
0,1,0,1,0,11,0,2,29,61,60,0.3,0.1,0.3,0.15,0.15,15,2.7080502011022096,0.5,5.825610149123421e-4,0,1,0.9508196721311475
1,1,1,0,1,24,1,2,30,62,60,0.3,0.1,0.3,0.15,0.15,15,2.7080502011022096,0.5,0.9900199859968067,1,1,0.9516129032258065
1,0,1,1,1,30,1,2,31,63,60,0.3,0.1,0.3,0.15,0.15,15,2.7080502011022096,0.5,0.989418093146003,1,1,0.9523809523809523
1,0,0,0,0,2,0,2,32,64,60,0.3,0.1,0.3,0.15,0.15,15,2.7080502011022096,0.5,0.04600579717906718,0,1,0.953125
1,1,1,1,1,32,1,3,1,65,60,0.3,0.1,0.3,0.15,0.15,15,2.7080502011022096,0.5,0.9926079155520691,1,1,0.9538461538461539
0,1,1,1,1,31,0,3,2,66,60,0.3,0.1,0.3,0.15,0.15,15,2.7080502011022096,0.5,0.039749797479117,0,1,0.9545454545454546
0,1,1,0,0,7,0,3,3,67,60,0.3,0.1,0.3,0.15,0.15,15,2.7080502011022096,0.5,0.030693745563481586,0,1,0.9552238805970149
0,0,0,0,1,17,0,3,4,68,60,0.3,0.1,0.3,0.15,0.15,15,2.7080502011022096,0.5,3.5768536908236455e-4,0,1,0.9558823529411765
0,1,0,1,0,11,0,3,5,69,60,0.3,0.1,0.3,0.15,0.15,15,2.7080502011022096,0.5,3.7422270784380447e-4,0,1,0.9565217391304348
1,0,0,1,0,10,0,3,6,70,60,0.3,0.1,0.3,0.15,0.15,15,2.7080502011022096,0.5,0.03273065764680984,0,1,0.9571428571428572
1,1,1,0,0,8,1,3,7,71,60,0.3,0.1,0.3,0.15,0.15,15,2.7080502011022096,0.5,0.9916994042476484,1,1,0.9577464788732394
1,0,1,0,1,22,1,3,8,72,60,0.3,0.1,0.3,0.15,0.15,15,2.7080502011022096,0.5,0.9925004762000009,1,1,0.9583333333333334
1,0,1,1,1,30,1,3,9,73,60,0.3,0.1,0.3,0.15,0.15,15,2.7080502011022096,0.5,0.992448021010092,1,1,0.958904109589041
1,0,0,0,1,18,0,3,10,74,60,0.3,0.1,0.3,0.15,0.15,15,2.7080502011022096,0.5,0.03849946005602784,0,1,0.9594594594594594
0,1,1,1,0,15,0,3,11,75,60,0.3,0.1,0.3,0.15,0.15,15,2.7080502011022096,0.5,0.028957486300930896,0,1,0.96
1,0,0,1,1,26,0,3,12,76,60,0.3,0.1,0.3,0.15,0.15,15,2.7080502011022096,0.5,0.039198545791934436,0,1,0.9605263157894737
0,0,1,0,1,21,0,3,13,77,60,0.3,0.1,0.3,0.15,0.15,15,2.7080502011022096,0.5,0.040103266905579235,0,1,0.961038961038961
1,1,1,0,1,24,1,3,14,78,60,0.3,0.1,0.3,0.15,0.15,15,2.7080502011022096,0.5,0.9924704734535319,1,1,0.9615384615384616
0,0,0,1,1,25,0,3,15,79,60,0.3,0.1,0.3,0.15,0.15,15,2.7080502011022096,0.5,4.5421717137550247e-4,0,1,0.9620253164556962
1,0,0,0,0,2,0,3,16,80,60,0.3,0.1,0.3,0.15,0.15,15,2.7080502011022096,0.5,0.030733506276693516,0,1,0.9625
0,0,0,0,0,1,0,3,17,81,60,0.3,0.1,0.3,0.15,0.15,15,2.7080502011022096,0.5,3.6188103801169095e-4,0,1,0.9629629629629629
1,0,1,0,0,6,1,3,18,82,60,0.3,0.1,0.3,0.15,0.15,15,2.7080502011022096,0.5,0.9912679131728913,1,1,0.9634146341463414
0,1,0,0,0,3,0,3,19,83,60,0.3,0.1,0.3,0.15,0.15,15,2.7080502011022096,0.5,4.2766214364160565e-4,0,1,0.963855421686747
0,1,1,0,1,23,0,3,20,84,60,0.3,0.1,0.3,0.15,0.15,15,2.7080502011022096,0.5,0.038143538164599734,0,1,0.9642857142857143
0,1,0,1,1,27,0,3,21,85,60,0.3,0.1,0.3,0.15,0.15,15,2.7080502011022096,0.5,4.403335284146796e-4,0,1,0.9647058823529412
1,1,1,1,0,16,1,3,22,86,60,0.3,0.1,0.3,0.15,0.15,15,2.7080502011022096,0.5,0.9911292836757237,1,1,0.9651162790697675
1,1,0,0,0,4,0,3,23,87,60,0.3,0.1,0.3,0.15,0.15,15,2.7080502011022096,0.5,0.039379895278668905,0,1,0.9655172413793104
1,0,1,1,0,14,1,3,24,88,60,0.3,0.1,0.3,0.15,0.15,15,2.7080502011022096,0.5,0.9914263039332715,1,1,0.9659090909090909
1,1,0,1,0,12,0,3,25,89,60,0.3,0.1,0.3,0.15,0.15,15,2.7080502011022096,0.5,0.0374394259927871,0,1,0.9662921348314607
0,0,1,1,0,13,0,3,26,90,60,0.3,0.1,0.3,0.15,0.15,15,2.7080502011022096,0.5,0.03913547257367458,0,1,0.9666666666666667
1,1,0,0,1,20,0,3,27,91,60,0.3,0.1,0.3,0.15,0.15,15,2.7080502011022096,0.5,0.03853605617135005,0,1,0.967032967032967
0,0,0,1,0,9,0,3,28,92,60,0.3,0.1,0.3,0.15,0.15,15,2.7080502011022096,0.5,4.315135403379919e-4,0,1,0.967391304347826
0,1,0,0,1,19,0,3,29,93,60,0.3,0.1,0.3,0.15,0.15,15,2.7080502011022096,0.5,4.375370754616107e-4,0,1,0.967741935483871
0,0,1,1,1,29,0,3,30,94,60,0.3,0.1,0.3,0.15,0.15,15,2.7080502011022096,0.5,0.03906094631093875,0,1,0.9680851063829787
1,1,0,1,1,28,0,3,31,95,60,0.3,0.1,0.3,0.15,0.15,15,2.7080502011022096,0.5,0.03948475427377628,0,1,0.968421052631579
0,0,1,0,0,5,0,3,32,96,60,0.3,0.1,0.3,0.15,0.15,15,2.7080502011022096,0.5,0.04002624134549863,0,1,0.96875
1,0,0,0,1,18,0,1,1,1,61,0.1,0.1,0.6,0.1,0.1,0.5,-0.6931471805599453,0.5,0.5,0,1,1
0,0,1,0,1,21,0,1,2,2,61,0.1,0.1,0.6,0.1,0.1,0.5,-0.6931471805599453,0.5,0.5,0,1,1
0,1,1,1,1,31,0,1,3,3,61,0.1,0.1,0.6,0.1,0.1,0.5,-0.6931471805599453,0.5,0.5,0,1,1
1,0,1,1,1,30,1,1,4,4,61,0.1,0.1,0.6,0.1,0.1,0.5,-0.6931471805599453,0.5,0.5,1,1,1
0,0,1,1,0,13,0,1,5,5,61,0.1,0.1,0.6,0.1,0.1,0.5,-0.6931471805599453,0.5,0.5258832652755822,1,0,0.8
1,0,0,1,0,10,0,1,6,6,61,0.1,0.1,0.6,0.1,0.1,0.5,-0.6931471805599453,0.5,0.49421153181897787,0,1,0.8333333333333334
1,0,1,0,1,22,1,1,7,7,61,0.1,0.1,0.6,0.1,0.1,0.5,-0.6931471805599453,0.5,0.5380299063527697,1,1,0.8571428571428571
1,1,0,1,1,28,0,1,8,8,61,0.1,0.1,0.6,0.1,0.1,0.5,-0.6931471805599453,0.5,0.47564050850859174,1,0,0.75
0,1,0,1,0,11,0,1,9,9,61,0.1,0.1,0.6,0.1,0.1,0.5,-0.6931471805599453,0.5,0.44392565226970065,0,1,0.7777777777777778
0,0,1,0,0,5,0,1,10,10,61,0.1,0.1,0.6,0.1,0.1,0.5,-0.6931471805599453,0.5,0.5345478660136099,1,0,0.7
0,1,1,1,0,15,0,1,11,11,61,0.1,0.1,0.6,0.1,0.1,0.5,-0.6931471805599453,0.5,0.513835424178967,0,1,0.7272727272727273
1,1,0,1,0,12,0,1,12,12,61,0.1,0.1,0.6,0.1,0.1,0.5,-0.6931471805599453,0.5,0.45662735830303275,1,0,0.6666666666666666
0,1,1,0,0,7,0,1,13,13,61,0.1,0.1,0.6,0.1,0.1,0.5,-0.6931471805599453,0.5,0.5151002399108431,1,0,0.6153846153846154
0,1,0,0,1,19,0,1,14,14,61,0.1,0.1,0.6,0.1,0.1,0.5,-0.6931471805599453,0.5,0.45878289138692113,0,1,0.6428571428571429
1,0,1,0,0,6,1,1,15,15,61,0.1,0.1,0.6,0.1,0.1,0.5,-0.6931471805599453,0.5,0.5439246293486569,1,1,0.6666666666666666
1,0,0,0,0,2,0,1,16,16,61,0.1,0.1,0.6,0.1,0.1,0.5,-0.6931471805599453,0.5,0.4751320649741957,1,0,0.625
1,0,0,1,1,26,0,1,17,17,61,0.1,0.1,0.6,0.1,0.1,0.5,-0.6931471805599453,0.5,0.4714867021137431,1,0,0.5882352941176471
0,1,0,0,0,3,0,1,18,18,61,0.1,0.1,0.6,0.1,0.1,0.5,-0.6931471805599453,0.5,0.4421054899278987,0,1,0.6111111111111112
1,1,1,1,1,32,1,1,19,19,61,0.1,0.1,0.6,0.1,0.1,0.5,-0.6931471805599453,0.5,0.5444978319147687,1,1,0.631578947368421
1,1,0,0,0,4,0,1,20,20,61,0.1,0.1,0.6,0.1,0.1,0.5,-0.6931471805599453,0.5,0.4520235190239249,0,1,0.65
0,1,1,0,1,23,0,1,21,21,61,0.1,0.1,0.6,0.1,0.1,0.5,-0.6931471805599453,0.5,0.537157587419261,0,1,0.6666666666666666
0,0,0,1,1,25,0,1,22,22,61,0.1,0.1,0.6,0.1,0.1,0.5,-0.6931471805599453,0.5,0.455346916216085,0,1,0.6818181818181818
1,0,1,1,0,14,1,1,23,23,61,0.1,0.1,0.6,0.1,0.1,0.5,-0.6931471805599453,0.5,0.5509978048411452,0,0,0.6521739130434783
0,0,0,1,0,9,0,1,24,24,61,0.1,0.1,0.6,0.1,0.1,0.5,-0.6931471805599453,0.5,0.4482437740266612,1,0,0.625
1,1,1,1,0,16,1,1,25,25,61,0.1,0.1,0.6,0.1,0.1,0.5,-0.6931471805599453,0.5,0.5475348909606614,1,1,0.64
1,1,1,0,0,8,1,1,26,26,61,0.1,0.1,0.6,0.1,0.1,0.5,-0.6931471805599453,0.5,0.5475007441412749,0,0,0.6153846153846154
1,1,1,0,1,24,1,1,27,27,61,0.1,0.1,0.6,0.1,0.1,0.5,-0.6931471805599453,0.5,0.5509003156806748,1,1,0.6296296296296297
0,0,1,1,1,29,0,1,28,28,61,0.1,0.1,0.6,0.1,0.1,0.5,-0.6931471805599453,0.5,0.5373487473025982,0,1,0.6428571428571429
0,0,0,0,0,1,0,1,29,29,61,0.1,0.1,0.6,0.1,0.1,0.5,-0.6931471805599453,0.5,0.4449467402621019,1,0,0.6206896551724138
0,1,0,1,1,27,0,1,30,30,61,0.1,0.1,0.6,0.1,0.1,0.5,-0.6931471805599453,0.5,0.4442756229990002,0,1,0.6333333333333333
1,1,0,0,1,20,0,1,31,31,61,0.1,0.1,0.6,0.1,0.1,0.5,-0.6931471805599453,0.5,0.459175308607283,1,0,0.6129032258064516
0,0,0,0,1,17,0,1,32,32,61,0.1,0.1,0.6,0.1,0.1,0.5,-0.6931471805599453,0.5,0.44202358699788896,1,0,0.59375
1,0,1,0,0,6,1,2,1,33,61,0.1,0.1,0.6,0.1,0.1,0.5,-0.6931471805599453,0.5,0.5558915884279356,1,1,0.6060606060606061
1,1,1,0,0,8,1,2,2,34,61,0.1,0.1,0.6,0.1,0.1,0.5,-0.6931471805599453,0.5,0.5565586438215508,1,1,0.6176470588235294
1,1,0,0,1,20,0,2,3,35,61,0.1,0.1,0.6,0.1,0.1,0.5,-0.6931471805599453,0.5,0.45554201085935003,0,1,0.6285714285714286
0,0,1,0,0,5,0,2,4,36,61,0.1,0.1,0.6,0.1,0.1,0.5,-0.6931471805599453,0.5,0.5425862318915632,1,0,0.6111111111111112
0,1,1,1,1,31,0,2,5,37,61,0.1,0.1,0.6,0.1,0.1,0.5,-0.6931471805599453,0.5,0.5358312006429344,1,0,0.5945945945945946
1,0,0,1,0,10,0,2,6,38,61,0.1,0.1,0.6,0.1,0.1,0.5,-0.6931471805599453,0.5,0.45889251990641305,0,1,0.6052631578947368
0,1,0,1,1,27,0,2,7,39,61,0.1,0.1,0.6,0.1,0.1,0.5,-0.6931471805599453,0.5,0.439431138580561,0,1,0.6153846153846154
0,0,0,0,0,1,0,2,8,40,61,0.1,0.1,0.6,0.1,0.1,0.5,-0.6931471805599453,0.5,0.44401036250516157,1,0,0.6
0,1,0,0,1,19,0,2,9,41,61,0.1,0.1,0.6,0.1,0.1,0.5,-0.6931471805599453,0.5,0.43982645013320165,0,1,0.6097560975609756
1,1,0,1,1,28,0,2,10,42,61,0.1,0.1,0.6,0.1,0.1,0.5,-0.6931471805599453,0.5,0.45226559532720084,1,0,0.5952380952380952
0,0,0,1,1,25,0,2,11,43,61,0.1,0.1,0.6,0.1,0.1,0.5,-0.6931471805599453,0.5,0.4361388771598063,1,0,0.5813953488372093
1,1,1,1,0,16,1,2,12,44,61,0.1,0.1,0.6,0.1,0.1,0.5,-0.6931471805599453,0.5,0.5583777617342083,0,0,0.5681818181818182
1,1,0,1,0,12,0,2,13,45,61,0.1,0.1,0.6,0.1,0.1,0.5,-0.6931471805599453,0.5,0.4554211667319886,1,0,0.5555555555555556
1,0,0,1,1,26,0,2,14,46,61,0.1,0.1,0.6,0.1,0.1,0.5,-0.6931471805599453,0.5,0.449442147677962,0,1,0.5652173913043478
1,0,1,1,1,30,1,2,15,47,61,0.1,0.1,0.6,0.1,0.1,0.5,-0.6931471805599453,0.5,0.555512454235959,1,1,0.574468085106383
0,1,0,0,0,3,0,2,16,48,61,0.1,0.1,0.6,0.1,0.1,0.5,-0.6931471805599453,0.5,0.4390376373990028,0,1,0.5833333333333334
0,0,1,0,1,21,0,2,17,49,61,0.1,0.1,0.6,0.1,0.1,0.5,-0.6931471805599453,0.5,0.5425447883162168,1,0,0.5714285714285714
1,0,1,0,1,22,1,2,18,50,61,0.1,0.1,0.6,0.1,0.1,0.5,-0.6931471805599453,0.5,0.5571533321031715,0,0,0.56
1,1,1,0,1,24,1,2,19,51,61,0.1,0.1,0.6,0.1,0.1,0.5,-0.6931471805599453,0.5,0.5574313858134301,0,0,0.5490196078431373
1,0,1,1,0,14,1,2,20,52,61,0.1,0.1,0.6,0.1,0.1,0.5,-0.6931471805599453,0.5,0.5580401098217291,0,0,0.5384615384615384
0,1,1,0,1,23,0,2,21,53,61,0.1,0.1,0.6,0.1,0.1,0.5,-0.6931471805599453,0.5,0.5406577185825086,1,0,0.5283018867924528
0,1,1,1,0,15,0,2,22,54,61,0.1,0.1,0.6,0.1,0.1,0.5,-0.6931471805599453,0.5,0.5401491981216745,0,1,0.5370370370370371
1,1,0,0,0,4,0,2,23,55,61,0.1,0.1,0.6,0.1,0.1,0.5,-0.6931471805599453,0.5,0.45624533438133447,1,0,0.5272727272727272
1,1,1,1,1,32,1,2,24,56,61,0.1,0.1,0.6,0.1,0.1,0.5,-0.6931471805599453,0.5,0.5541630972705491,1,1,0.5357142857142857
0,0,0,0,1,17,0,2,25,57,61,0.1,0.1,0.6,0.1,0.1,0.5,-0.6931471805599453,0.5,0.43987451041725245,0,1,0.543859649122807
0,0,1,1,0,13,0,2,26,58,61,0.1,0.1,0.6,0.1,0.1,0.5,-0.6931471805599453,0.5,0.541012887995596,1,0,0.5344827586206896
1,0,0,0,1,18,0,2,27,59,61,0.1,0.1,0.6,0.1,0.1,0.5,-0.6931471805599453,0.5,0.4556159218245559,1,0,0.5254237288135594
0,0,1,1,1,29,0,2,28,60,61,0.1,0.1,0.6,0.1,0.1,0.5,-0.6931471805599453,0.5,0.5391898212912475,1,0,0.5166666666666667
0,1,0,1,0,11,0,2,29,61,61,0.1,0.1,0.6,0.1,0.1,0.5,-0.6931471805599453,0.5,0.44110628352140974,1,0,0.5081967213114754
0,0,0,1,0,9,0,2,30,62,61,0.1,0.1,0.6,0.1,0.1,0.5,-0.6931471805599453,0.5,0.44036518971693195,0,1,0.5161290322580645
1,0,0,0,0,2,0,2,31,63,61,0.1,0.1,0.6,0.1,0.1,0.5,-0.6931471805599453,0.5,0.45574428648496607,0,1,0.5238095238095238
0,1,1,0,0,7,0,2,32,64,61,0.1,0.1,0.6,0.1,0.1,0.5,-0.6931471805599453,0.5,0.5402165046563729,0,1,0.53125
1,1,0,0,0,4,0,3,1,65,61,0.1,0.1,0.6,0.1,0.1,0.5,-0.6931471805599453,0.5,0.4555730029902945,1,0,0.5230769230769231
1,0,0,0,1,18,0,3,2,66,61,0.1,0.1,0.6,0.1,0.1,0.5,-0.6931471805599453,0.5,0.4550641960078491,0,1,0.5303030303030303
1,0,1,1,0,14,1,3,3,67,61,0.1,0.1,0.6,0.1,0.1,0.5,-0.6931471805599453,0.5,0.5568457516774709,0,0,0.5223880597014925
0,0,1,0,0,5,0,3,4,68,61,0.1,0.1,0.6,0.1,0.1,0.5,-0.6931471805599453,0.5,0.5400096026287219,1,0,0.5147058823529411
0,1,1,0,1,23,0,3,5,69,61,0.1,0.1,0.6,0.1,0.1,0.5,-0.6931471805599453,0.5,0.5376060552135903,0,1,0.5217391304347826
0,0,0,0,1,17,0,3,6,70,61,0.1,0.1,0.6,0.1,0.1,0.5,-0.6931471805599453,0.5,0.4401354228821103,0,1,0.5285714285714286
0,1,0,1,1,27,0,3,7,71,61,0.1,0.1,0.6,0.1,0.1,0.5,-0.6931471805599453,0.5,0.4406051656835955,0,1,0.5352112676056338
1,0,0,0,0,2,0,3,8,72,61,0.1,0.1,0.6,0.1,0.1,0.5,-0.6931471805599453,0.5,0.4557286978628578,1,0,0.5277777777777778
0,0,0,1,0,9,0,3,9,73,61,0.1,0.1,0.6,0.1,0.1,0.5,-0.6931471805599453,0.5,0.44127680786362156,1,0,0.5205479452054794
1,1,1,0,1,24,1,3,10,74,61,0.1,0.1,0.6,0.1,0.1,0.5,-0.6931471805599453,0.5,0.5553998501383558,0,0,0.5135135135135135
1,1,1,0,0,8,1,3,11,75,61,0.1,0.1,0.6,0.1,0.1,0.5,-0.6931471805599453,0.5,0.5564494226375071,0,0,0.5066666666666667
0,0,1,0,1,21,0,3,12,76,61,0.1,0.1,0.6,0.1,0.1,0.5,-0.6931471805599453,0.5,0.5385097598663077,0,1,0.5131578947368421
0,0,0,1,1,25,0,3,13,77,61,0.1,0.1,0.6,0.1,0.1,0.5,-0.6931471805599453,0.5,0.43898848064762663,0,1,0.5194805194805194
1,0,1,1,1,30,1,3,14,78,61,0.1,0.1,0.6,0.1,0.1,0.5,-0.6931471805599453,0.5,0.555292217453773,1,1,0.5256410256410257
0,1,0,1,0,11,0,3,15,79,61,0.1,0.1,0.6,0.1,0.1,0.5,-0.6931471805599453,0.5,0.44036159492702787,0,1,0.5316455696202531
0,0,1,1,1,29,0,3,16,80,61,0.1,0.1,0.6,0.1,0.1,0.5,-0.6931471805599453,0.5,0.5392475469618397,0,1,0.5375
1,0,0,1,1,26,0,3,17,81,61,0.1,0.1,0.6,0.1,0.1,0.5,-0.6931471805599453,0.5,0.4554622129385676,0,1,0.5432098765432098
0,1,0,0,1,19,0,3,18,82,61,0.1,0.1,0.6,0.1,0.1,0.5,-0.6931471805599453,0.5,0.43962317368539644,1,0,0.5365853658536586
1,1,0,0,1,20,0,3,19,83,61,0.1,0.1,0.6,0.1,0.1,0.5,-0.6931471805599453,0.5,0.45485607817818174,1,0,0.5301204819277109
0,1,1,1,1,31,0,3,20,84,61,0.1,0.1,0.6,0.1,0.1,0.5,-0.6931471805599453,0.5,0.5398864162060646,1,0,0.5238095238095238
1,1,1,1,0,16,1,3,21,85,61,0.1,0.1,0.6,0.1,0.1,0.5,-0.6931471805599453,0.5,0.5573413815602004,0,0,0.5176470588235295
1,0,1,0,1,22,1,3,22,86,61,0.1,0.1,0.6,0.1,0.1,0.5,-0.6931471805599453,0.5,0.5544360212051352,0,0,0.5116279069767442
0,1,0,0,0,3,0,3,23,87,61,0.1,0.1,0.6,0.1,0.1,0.5,-0.6931471805599453,0.5,0.4400086562323465,1,0,0.5057471264367817
1,1,0,1,0,12,0,3,24,88,61,0.1,0.1,0.6,0.1,0.1,0.5,-0.6931471805599453,0.5,0.4558366875015254,1,0,0.5
0,1,1,0,0,7,0,3,25,89,61,0.1,0.1,0.6,0.1,0.1,0.5,-0.6931471805599453,0.5,0.5399948624448824,0,1,0.5056179775280899
1,1,0,1,1,28,0,3,26,90,61,0.1,0.1,0.6,0.1,0.1,0.5,-0.6931471805599453,0.5,0.4551752082371823,1,0,0.5
1,1,1,1,1,32,1,3,27,91,61,0.1,0.1,0.6,0.1,0.1,0.5,-0.6931471805599453,0.5,0.5562161812103159,0,0,0.4945054945054945
0,0,0,0,0,1,0,3,28,92,61,0.1,0.1,0.6,0.1,0.1,0.5,-0.6931471805599453,0.5,0.4388136297058489,1,0,0.4891304347826087
1,0,1,0,0,6,1,3,29,93,61,0.1,0.1,0.6,0.1,0.1,0.5,-0.6931471805599453,0.5,0.5562474671923673,0,0,0.4838709677419355
1,0,0,1,0,10,0,3,30,94,61,0.1,0.1,0.6,0.1,0.1,0.5,-0.6931471805599453,0.5,0.45517409582383644,1,0,0.4787234042553192
0,0,1,1,0,13,0,3,31,95,61,0.1,0.1,0.6,0.1,0.1,0.5,-0.6931471805599453,0.5,0.5405722591701504,1,0,0.47368421052631576
0,1,1,1,0,15,0,3,32,96,61,0.1,0.1,0.6,0.1,0.1,0.5,-0.6931471805599453,0.5,0.5396396661707391,1,0,0.46875
1,0,1,0,1,22,1,1,1,1,62,0.1,0.1,0.6,0.1,0.1,0.5,-0.6931471805599453,0.5,0.5,0,0,0
0,0,1,1,1,29,0,1,2,2,62,0.1,0.1,0.6,0.1,0.1,0.5,-0.6931471805599453,0.5,0.5,0,1,0.5
0,1,0,1,0,11,0,1,3,3,62,0.1,0.1,0.6,0.1,0.1,0.5,-0.6931471805599453,0.5,0.47502081252106,0,1,0.6666666666666666
0,1,1,0,0,7,0,1,4,4,62,0.1,0.1,0.6,0.1,0.1,0.5,-0.6931471805599453,0.5,0.523734227239759,0,1,0.75
0,0,0,0,1,17,0,1,5,5,62,0.1,0.1,0.6,0.1,0.1,0.5,-0.6931471805599453,0.5,0.48601632354299246,0,1,0.8
0,1,1,1,1,31,0,1,6,6,62,0.1,0.1,0.6,0.1,0.1,0.5,-0.6931471805599453,0.5,0.5158645401479265,1,0,0.6666666666666666
0,0,0,1,0,9,0,1,7,7,62,0.1,0.1,0.6,0.1,0.1,0.5,-0.6931471805599453,0.5,0.4496966876177633,1,0,0.5714285714285714
1,0,0,0,1,18,0,1,8,8,62,0.1,0.1,0.6,0.1,0.1,0.5,-0.6931471805599453,0.5,0.49272071058171535,0,1,0.625
0,0,1,1,0,13,0,1,9,9,62,0.1,0.1,0.6,0.1,0.1,0.5,-0.6931471805599453,0.5,0.5221242371789298,0,1,0.6666666666666666
1,1,1,1,0,16,1,1,10,10,62,0.1,0.1,0.6,0.1,0.1,0.5,-0.6931471805599453,0.5,0.526424844763944,1,1,0.7
0,1,0,0,1,19,0,1,11,11,62,0.1,0.1,0.6,0.1,0.1,0.5,-0.6931471805599453,0.5,0.45215756134565555,0,1,0.7272727272727273
1,1,1,0,1,24,1,1,12,12,62,0.1,0.1,0.6,0.1,0.1,0.5,-0.6931471805599453,0.5,0.5507518906872232,0,0,0.6666666666666666
0,0,1,0,1,21,0,1,13,13,62,0.1,0.1,0.6,0.1,0.1,0.5,-0.6931471805599453,0.5,0.5297231330896603,1,0,0.6153846153846154
1,1,0,0,0,4,0,1,14,14,62,0.1,0.1,0.6,0.1,0.1,0.5,-0.6931471805599453,0.5,0.4750653406812872,0,1,0.6428571428571429
1,1,0,0,1,20,0,1,15,15,62,0.1,0.1,0.6,0.1,0.1,0.5,-0.6931471805599453,0.5,0.47158084752908397,0,1,0.6666666666666666
1,1,1,0,0,8,1,1,16,16,62,0.1,0.1,0.6,0.1,0.1,0.5,-0.6931471805599453,0.5,0.552808030872082,0,0,0.625
1,0,1,0,0,6,1,1,17,17,62,0.1,0.1,0.6,0.1,0.1,0.5,-0.6931471805599453,0.5,0.5505997985574387,1,1,0.6470588235294118
0,0,0,0,0,1,0,1,18,18,62,0.1,0.1,0.6,0.1,0.1,0.5,-0.6931471805599453,0.5,0.44837590724610216,0,1,0.6666666666666666
1,1,1,1,1,32,1,1,19,19,62,0.1,0.1,0.6,0.1,0.1,0.5,-0.6931471805599453,0.5,0.5505535658316356,1,1,0.6842105263157895
1,0,0,1,1,26,0,1,20,20,62,0.1,0.1,0.6,0.1,0.1,0.5,-0.6931471805599453,0.5,0.45738190266715834,1,0,0.65
0,1,0,0,0,3,0,1,21,21,62,0.1,0.1,0.6,0.1,0.1,0.5,-0.6931471805599453,0.5,0.44554730603600834,0,1,0.6666666666666666
1,0,0,1,0,10,0,1,22,22,62,0.1,0.1,0.6,0.1,0.1,0.5,-0.6931471805599453,0.5,0.4538000117767857,1,0,0.6363636363636364
1,1,0,1,0,12,0,1,23,23,62,0.1,0.1,0.6,0.1,0.1,0.5,-0.6931471805599453,0.5,0.4560908874119597,1,0,0.6086956521739131
0,1,1,0,1,23,0,1,24,24,62,0.1,0.1,0.6,0.1,0.1,0.5,-0.6931471805599453,0.5,0.5463304902867535,1,0,0.5833333333333334
1,0,1,1,1,30,1,1,25,25,62,0.1,0.1,0.6,0.1,0.1,0.5,-0.6931471805599453,0.5,0.5520604447928805,0,0,0.56
0,1,1,1,0,15,0,1,26,26,62,0.1,0.1,0.6,0.1,0.1,0.5,-0.6931471805599453,0.5,0.538486624729724,1,0,0.5384615384615384
0,0,0,1,1,25,0,1,27,27,62,0.1,0.1,0.6,0.1,0.1,0.5,-0.6931471805599453,0.5,0.442470627767207,0,1,0.5555555555555556
0,0,1,0,0,5,0,1,28,28,62,0.1,0.1,0.6,0.1,0.1,0.5,-0.6931471805599453,0.5,0.5363523239283335,1,0,0.5357142857142857
1,0,0,0,0,2,0,1,29,29,62,0.1,0.1,0.6,0.1,0.1,0.5,-0.6931471805599453,0.5,0.4577902328676612,0,1,0.5517241379310345
0,1,0,1,1,27,0,1,30,30,62,0.1,0.1,0.6,0.1,0.1,0.5,-0.6931471805599453,0.5,0.4446305318721865,1,0,0.5333333333333333
1,0,1,1,0,14,1,1,31,31,62,0.1,0.1,0.6,0.1,0.1,0.5,-0.6931471805599453,0.5,0.5521290686761237,1,1,0.5483870967741935
1,1,0,1,1,28,0,1,32,32,62,0.1,0.1,0.6,0.1,0.1,0.5,-0.6931471805599453,0.5,0.4579184761692832,0,1,0.5625
1,1,1,0,0,8,1,2,1,33,62,0.1,0.1,0.6,0.1,0.1,0.5,-0.6931471805599453,0.5,0.5558915884279356,1,1,0.5757575757575758
1,0,0,0,1,18,0,2,2,34,62,0.1,0.1,0.6,0.1,0.1,0.5,-0.6931471805599453,0.5,0.4548664824804603,1,0,0.5588235294117647
1,0,0,1,1,26,0,2,3,35,62,0.1,0.1,0.6,0.1,0.1,0.5,-0.6931471805599453,0.5,0.45199853558280123,1,0,0.5428571428571428
1,1,0,1,1,28,0,2,4,36,62,0.1,0.1,0.6,0.1,0.1,0.5,-0.6931471805599453,0.5,0.45242204348154647,0,1,0.5555555555555556
0,0,1,1,0,13,0,2,5,37,62,0.1,0.1,0.6,0.1,0.1,0.5,-0.6931471805599453,0.5,0.5417917726575522,1,0,0.5405405405405406
1,1,1,0,1,24,1,2,6,38,62,0.1,0.1,0.6,0.1,0.1,0.5,-0.6931471805599453,0.5,0.5573807755244001,0,0,0.5263157894736842
0,1,0,0,0,3,0,2,7,39,62,0.1,0.1,0.6,0.1,0.1,0.5,-0.6931471805599453,0.5,0.44365402774498763,1,0,0.5128205128205128
1,1,0,1,0,12,0,2,8,40,62,0.1,0.1,0.6,0.1,0.1,0.5,-0.6931471805599453,0.5,0.453662686422548,0,1,0.525
0,0,0,0,1,17,0,2,9,41,62,0.1,0.1,0.6,0.1,0.1,0.5,-0.6931471805599453,0.5,0.43874869708768693,0,1,0.5365853658536586
0,1,1,0,0,7,0,2,10,42,62,0.1,0.1,0.6,0.1,0.1,0.5,-0.6931471805599453,0.5,0.5456125785717173,0,1,0.5476190476190477
0,0,1,1,1,29,0,2,11,43,62,0.1,0.1,0.6,0.1,0.1,0.5,-0.6931471805599453,0.5,0.5383007229688336,1,0,0.5348837209302325
0,0,0,0,0,1,0,2,12,44,62,0.1,0.1,0.6,0.1,0.1,0.5,-0.6931471805599453,0.5,0.4404895093476783,0,1,0.5454545454545454
0,1,0,1,1,27,0,2,13,45,62,0.1,0.1,0.6,0.1,0.1,0.5,-0.6931471805599453,0.5,0.43980077051343947,0,1,0.5555555555555556
1,0,1,1,1,30,1,2,14,46,62,0.1,0.1,0.6,0.1,0.1,0.5,-0.6931471805599453,0.5,0.5542087076748221,1,1,0.5652173913043478
1,0,0,1,0,10,0,2,15,47,62,0.1,0.1,0.6,0.1,0.1,0.5,-0.6931471805599453,0.5,0.45244342520966313,0,1,0.574468085106383
1,1,1,1,0,16,1,2,16,48,62,0.1,0.1,0.6,0.1,0.1,0.5,-0.6931471805599453,0.5,0.5570433710833604,1,1,0.5833333333333334
0,1,1,0,1,23,0,2,17,49,62,0.1,0.1,0.6,0.1,0.1,0.5,-0.6931471805599453,0.5,0.5428504652351376,0,1,0.5918367346938775
0,1,0,0,1,19,0,2,18,50,62,0.1,0.1,0.6,0.1,0.1,0.5,-0.6931471805599453,0.5,0.44066318685026157,1,0,0.58
0,1,1,1,0,15,0,2,19,51,62,0.1,0.1,0.6,0.1,0.1,0.5,-0.6931471805599453,0.5,0.5413531822745683,1,0,0.5686274509803921
0,0,1,0,0,5,0,2,20,52,62,0.1,0.1,0.6,0.1,0.1,0.5,-0.6931471805599453,0.5,0.5379059946649768,0,1,0.5769230769230769
0,0,0,1,1,25,0,2,21,53,62,0.1,0.1,0.6,0.1,0.1,0.5,-0.6931471805599453,0.5,0.43992518103562483,1,0,0.5660377358490566
1,0,1,0,0,6,1,2,22,54,62,0.1,0.1,0.6,0.1,0.1,0.5,-0.6931471805599453,0.5,0.5544379292445275,1,1,0.5740740740740741
1,1,0,0,0,4,0,2,23,55,62,0.1,0.1,0.6,0.1,0.1,0.5,-0.6931471805599453,0.5,0.45842664682114237,1,0,0.5636363636363636
1,0,0,0,0,2,0,2,24,56,62,0.1,0.1,0.6,0.1,0.1,0.5,-0.6931471805599453,0.5,0.4561433087131645,0,1,0.5714285714285714
1,0,1,0,1,22,1,2,25,57,62,0.1,0.1,0.6,0.1,0.1,0.5,-0.6931471805599453,0.5,0.5558016475284917,0,0,0.5614035087719298
1,1,1,1,1,32,1,2,26,58,62,0.1,0.1,0.6,0.1,0.1,0.5,-0.6931471805599453,0.5,0.5558787363927941,1,1,0.5689655172413793
1,1,0,0,1,20,0,2,27,59,62,0.1,0.1,0.6,0.1,0.1,0.5,-0.6931471805599453,0.5,0.45614541772174244,1,0,0.559322033898305
1,0,1,1,0,14,1,2,28,60,62,0.1,0.1,0.6,0.1,0.1,0.5,-0.6931471805599453,0.5,0.555599903516394,1,1,0.5666666666666667
0,0,1,0,1,21,0,2,29,61,62,0.1,0.1,0.6,0.1,0.1,0.5,-0.6931471805599453,0.5,0.5398965803867636,0,1,0.5737704918032787
0,0,0,1,0,9,0,2,30,62,62,0.1,0.1,0.6,0.1,0.1,0.5,-0.6931471805599453,0.5,0.4406709112674444,1,0,0.5645161290322581
0,1,1,1,1,31,0,2,31,63,62,0.1,0.1,0.6,0.1,0.1,0.5,-0.6931471805599453,0.5,0.5398783057075685,0,1,0.5714285714285714
0,1,0,1,0,11,0,2,32,64,62,0.1,0.1,0.6,0.1,0.1,0.5,-0.6931471805599453,0.5,0.4409212357256081,0,1,0.578125
1,1,1,0,0,8,1,3,1,65,62,0.1,0.1,0.6,0.1,0.1,0.5,-0.6931471805599453,0.5,0.5558915884279356,1,1,0.5846153846153846
1,0,1,1,0,14,1,3,2,66,62,0.1,0.1,0.6,0.1,0.1,0.5,-0.6931471805599453,0.5,0.5555194535663508,0,0,0.5757575757575758
0,0,0,0,0,1,0,3,3,67,62,0.1,0.1,0.6,0.1,0.1,0.5,-0.6931471805599453,0.5,0.44053589828960626,0,1,0.582089552238806
1,0,0,1,1,26,0,3,4,68,62,0.1,0.1,0.6,0.1,0.1,0.5,-0.6931471805599453,0.5,0.4546626540701831,0,1,0.5882352941176471
0,1,0,1,1,27,0,3,5,69,62,0.1,0.1,0.6,0.1,0.1,0.5,-0.6931471805599453,0.5,0.43858390369797945,1,0,0.5797101449275363
1,1,0,1,1,28,0,3,6,70,62,0.1,0.1,0.6,0.1,0.1,0.5,-0.6931471805599453,0.5,0.4533641438984476,0,1,0.5857142857142857
0,0,0,1,0,9,0,3,7,71,62,0.1,0.1,0.6,0.1,0.1,0.5,-0.6931471805599453,0.5,0.43893625411290116,0,1,0.5915492957746479
1,1,1,1,1,32,1,3,8,72,62,0.1,0.1,0.6,0.1,0.1,0.5,-0.6931471805599453,0.5,0.5571739427329894,0,0,0.5833333333333334
1,0,0,0,0,2,0,3,9,73,62,0.1,0.1,0.6,0.1,0.1,0.5,-0.6931471805599453,0.5,0.45338461138407504,1,0,0.5753424657534246
1,0,1,0,1,22,1,3,10,74,62,0.1,0.1,0.6,0.1,0.1,0.5,-0.6931471805599453,0.5,0.5575302110853549,1,1,0.581081081081081
0,0,1,0,1,21,0,3,11,75,62,0.1,0.1,0.6,0.1,0.1,0.5,-0.6931471805599453,0.5,0.5416837749820049,0,1,0.5866666666666667
1,0,0,1,0,10,0,3,12,76,62,0.1,0.1,0.6,0.1,0.1,0.5,-0.6931471805599453,0.5,0.4533523859000804,0,1,0.5921052631578947
1,0,1,0,0,6,1,3,13,77,62,0.1,0.1,0.6,0.1,0.1,0.5,-0.6931471805599453,0.5,0.557650624838262,0,0,0.5844155844155844
0,1,1,1,1,31,0,3,14,78,62,0.1,0.1,0.6,0.1,0.1,0.5,-0.6931471805599453,0.5,0.5404949319712365,1,0,0.5769230769230769
1,1,0,0,0,4,0,3,15,79,62,0.1,0.1,0.6,0.1,0.1,0.5,-0.6931471805599453,0.5,0.4552049499186282,1,0,0.569620253164557
1,1,0,1,0,12,0,3,16,80,62,0.1,0.1,0.6,0.1,0.1,0.5,-0.6931471805599453,0.5,0.4532527093801767,1,0,0.5625
0,0,0,0,1,17,0,3,17,81,62,0.1,0.1,0.6,0.1,0.1,0.5,-0.6931471805599453,0.5,0.4390744492463249,0,1,0.5679012345679012
0,1,0,1,0,11,0,3,18,82,62,0.1,0.1,0.6,0.1,0.1,0.5,-0.6931471805599453,0.5,0.43761639404338637,0,1,0.573170731707317
1,1,1,0,1,24,1,3,19,83,62,0.1,0.1,0.6,0.1,0.1,0.5,-0.6931471805599453,0.5,0.5586309010369321,1,1,0.5783132530120482
0,1,0,0,0,3,0,3,20,84,62,0.1,0.1,0.6,0.1,0.1,0.5,-0.6931471805599453,0.5,0.4383603997941415,1,0,0.5714285714285714
0,0,0,1,1,25,0,3,21,85,62,0.1,0.1,0.6,0.1,0.1,0.5,-0.6931471805599453,0.5,0.4366017393012207,0,1,0.5764705882352941
0,0,1,1,1,29,0,3,22,86,62,0.1,0.1,0.6,0.1,0.1,0.5,-0.6931471805599453,0.5,0.541564406859285,0,1,0.5813953488372093
1,0,1,1,1,30,1,3,23,87,62,0.1,0.1,0.6,0.1,0.1,0.5,-0.6931471805599453,0.5,0.5573161104027153,1,1,0.5862068965517241
0,0,1,1,0,13,0,3,24,88,62,0.1,0.1,0.6,0.1,0.1,0.5,-0.6931471805599453,0.5,0.5407964373800407,0,1,0.5909090909090909
0,1,1,0,1,23,0,3,25,89,62,0.1,0.1,0.6,0.1,0.1,0.5,-0.6931471805599453,0.5,0.5417245357623865,0,1,0.5955056179775281
1,1,1,1,0,16,1,3,26,90,62,0.1,0.1,0.6,0.1,0.1,0.5,-0.6931471805599453,0.5,0.556131549178923,0,0,0.5888888888888889
0,0,1,0,0,5,0,3,27,91,62,0.1,0.1,0.6,0.1,0.1,0.5,-0.6931471805599453,0.5,0.5399723720552523,0,1,0.5934065934065934
1,0,0,0,1,18,0,3,28,92,62,0.1,0.1,0.6,0.1,0.1,0.5,-0.6931471805599453,0.5,0.4555265853382235,1,0,0.5869565217391305
0,1,0,0,1,19,0,3,29,93,62,0.1,0.1,0.6,0.1,0.1,0.5,-0.6931471805599453,0.5,0.43983985353156785,0,1,0.5913978494623656
1,1,0,0,1,20,0,3,30,94,62,0.1,0.1,0.6,0.1,0.1,0.5,-0.6931471805599453,0.5,0.4548815841032322,0,1,0.5957446808510638
0,1,1,1,0,15,0,3,31,95,62,0.1,0.1,0.6,0.1,0.1,0.5,-0.6931471805599453,0.5,0.5405722591701504,0,1,0.6
0,1,1,0,0,7,0,3,32,96,62,0.1,0.1,0.6,0.1,0.1,0.5,-0.6931471805599453,0.5,0.5396396661707391,0,1,0.6041666666666666
1,0,0,1,1,26,0,1,1,1,63,0.1,0.1,0.6,0.1,0.1,0.5,-0.6931471805599453,0.5,0.5,0,1,1
1,1,0,0,0,4,0,1,2,2,63,0.1,0.1,0.6,0.1,0.1,0.5,-0.6931471805599453,0.5,0.5,0,1,1
1,0,0,0,1,18,0,1,3,3,63,0.1,0.1,0.6,0.1,0.1,0.5,-0.6931471805599453,0.5,0.5,1,0,0.6666666666666666
1,1,1,0,0,8,1,1,4,4,63,0.1,0.1,0.6,0.1,0.1,0.5,-0.6931471805599453,0.5,0.5,1,1,0.75
0,0,0,0,1,17,0,1,5,5,63,0.1,0.1,0.6,0.1,0.1,0.5,-0.6931471805599453,0.5,0.4131803965962397,1,0,0.6
1,0,0,0,0,2,0,1,6,6,63,0.1,0.1,0.6,0.1,0.1,0.5,-0.6931471805599453,0.5,0.4316033597748702,0,1,0.6666666666666666
0,1,0,0,0,3,0,1,7,7,63,0.1,0.1,0.6,0.1,0.1,0.5,-0.6931471805599453,0.5,0.44243298122410263,1,0,0.5714285714285714
0,1,1,1,1,31,0,1,8,8,63,0.1,0.1,0.6,0.1,0.1,0.5,-0.6931471805599453,0.5,0.5701944057138747,1,0,0.5
0,0,1,1,1,29,0,1,9,9,63,0.1,0.1,0.6,0.1,0.1,0.5,-0.6931471805599453,0.5,0.5384449404621416,1,0,0.4444444444444444
1,1,1,1,1,32,1,1,10,10,63,0.1,0.1,0.6,0.1,0.1,0.5,-0.6931471805599453,0.5,0.5545630190762835,1,1,0.5
0,1,0,0,1,19,0,1,11,11,63,0.1,0.1,0.6,0.1,0.1,0.5,-0.6931471805599453,0.5,0.44059718308019424,0,1,0.5454545454545454
1,0,1,0,1,22,1,1,12,12,63,0.1,0.1,0.6,0.1,0.1,0.5,-0.6931471805599453,0.5,0.5523950695198466,1,1,0.5833333333333334
0,0,0,0,0,1,0,1,13,13,63,0.1,0.1,0.6,0.1,0.1,0.5,-0.6931471805599453,0.5,0.4302072122087431,1,0,0.5384615384615384
1,1,0,1,1,28,0,1,14,14,63,0.1,0.1,0.6,0.1,0.1,0.5,-0.6931471805599453,0.5,0.4511238692608927,1,0,0.5
0,1,0,1,0,11,0,1,15,15,63,0.1,0.1,0.6,0.1,0.1,0.5,-0.6931471805599453,0.5,0.4330702801826843,0,1,0.5333333333333333
1,1,0,1,0,12,0,1,16,16,63,0.1,0.1,0.6,0.1,0.1,0.5,-0.6931471805599453,0.5,0.4434339632291965,0,1,0.5625
0,1,1,0,0,7,0,1,17,17,63,0.1,0.1,0.6,0.1,0.1,0.5,-0.6931471805599453,0.5,0.5568191532730131,0,1,0.5882352941176471
0,0,0,1,1,25,0,1,18,18,63,0.1,0.1,0.6,0.1,0.1,0.5,-0.6931471805599453,0.5,0.43275753311272047,0,1,0.6111111111111112
0,0,1,1,0,13,0,1,19,19,63,0.1,0.1,0.6,0.1,0.1,0.5,-0.6931471805599453,0.5,0.5450347266463644,1,0,0.5789473684210527
1,0,1,0,0,6,1,1,20,20,63,0.1,0.1,0.6,0.1,0.1,0.5,-0.6931471805599453,0.5,0.5600680177762272,0,0,0.55
1,0,0,1,0,10,0,1,21,21,63,0.1,0.1,0.6,0.1,0.1,0.5,-0.6931471805599453,0.5,0.4463642054860123,0,1,0.5714285714285714
0,0,1,0,1,21,0,1,22,22,63,0.1,0.1,0.6,0.1,0.1,0.5,-0.6931471805599453,0.5,0.5509280595246295,0,1,0.5909090909090909
0,1,1,1,0,15,0,1,23,23,63,0.1,0.1,0.6,0.1,0.1,0.5,-0.6931471805599453,0.5,0.541194439621176,1,0,0.5652173913043478
1,0,1,1,1,30,1,1,24,24,63,0.1,0.1,0.6,0.1,0.1,0.5,-0.6931471805599453,0.5,0.5531859560926353,1,1,0.5833333333333334
1,0,1,1,0,14,1,1,25,25,63,0.1,0.1,0.6,0.1,0.1,0.5,-0.6931471805599453,0.5,0.5543964562864959,1,1,0.6
0,1,1,0,1,23,0,1,26,26,63,0.1,0.1,0.6,0.1,0.1,0.5,-0.6931471805599453,0.5,0.5392825257630794,1,0,0.5769230769230769
0,0,0,1,0,9,0,1,27,27,63,0.1,0.1,0.6,0.1,0.1,0.5,-0.6931471805599453,0.5,0.44327726662826933,0,1,0.5925925925925926
1,1,1,1,0,16,1,1,28,28,63,0.1,0.1,0.6,0.1,0.1,0.5,-0.6931471805599453,0.5,0.5533869004174681,0,0,0.5714285714285714
1,1,0,0,1,20,0,1,29,29,63,0.1,0.1,0.6,0.1,0.1,0.5,-0.6931471805599453,0.5,0.45393094097354914,0,1,0.5862068965517241
1,1,1,0,1,24,1,1,30,30,63,0.1,0.1,0.6,0.1,0.1,0.5,-0.6931471805599453,0.5,0.5538804835015775,0,0,0.5666666666666667
0,0,1,0,0,5,0,1,31,31,63,0.1,0.1,0.6,0.1,0.1,0.5,-0.6931471805599453,0.5,0.5403655033532244,1,0,0.5483870967741935
0,1,0,1,1,27,0,1,32,32,63,0.1,0.1,0.6,0.1,0.1,0.5,-0.6931471805599453,0.5,0.44202358699788896,0,1,0.5625
0,1,0,1,0,11,0,2,1,33,63,0.1,0.1,0.6,0.1,0.1,0.5,-0.6931471805599453,0.5,0.4398699628381589,1,0,0.5454545454545454
0,0,1,1,0,13,0,2,2,34,63,0.1,0.1,0.6,0.1,0.1,0.5,-0.6931471805599453,0.5,0.5392011201951621,0,1,0.5588235294117647
1,0,0,0,1,18,0,2,3,35,63,0.1,0.1,0.6,0.1,0.1,0.5,-0.6931471805599453,0.5,0.4577632945997775,0,1,0.5714285714285714
0,1,1,0,1,23,0,2,4,36,63,0.1,0.1,0.6,0.1,0.1,0.5,-0.6931471805599453,0.5,0.5393609893934347,1,0,0.5555555555555556
1,0,1,1,0,14,1,2,5,37,63,0.1,0.1,0.6,0.1,0.1,0.5,-0.6931471805599453,0.5,0.5541963330016184,1,1,0.5675675675675675
1,1,0,0,1,20,0,2,6,38,63,0.1,0.1,0.6,0.1,0.1,0.5,-0.6931471805599453,0.5,0.45533675025950315,1,0,0.5526315789473685
1,0,0,1,0,10,0,2,7,39,63,0.1,0.1,0.6,0.1,0.1,0.5,-0.6931471805599453,0.5,0.4590295994628401,0,1,0.5641025641025641
0,0,1,0,0,5,0,2,8,40,63,0.1,0.1,0.6,0.1,0.1,0.5,-0.6931471805599453,0.5,0.5395924813657468,1,0,0.55
1,1,0,0,0,4,0,2,9,41,63,0.1,0.1,0.6,0.1,0.1,0.5,-0.6931471805599453,0.5,0.4559464926865409,0,1,0.5609756097560976
0,0,0,0,1,17,0,2,10,42,63,0.1,0.1,0.6,0.1,0.1,0.5,-0.6931471805599453,0.5,0.4405435244436918,1,0,0.5476190476190477
1,0,0,1,1,26,0,2,11,43,63,0.1,0.1,0.6,0.1,0.1,0.5,-0.6931471805599453,0.5,0.45642481962680787,0,1,0.5581395348837209
1,1,1,0,1,24,1,2,12,44,63,0.1,0.1,0.6,0.1,0.1,0.5,-0.6931471805599453,0.5,0.5540926419072788,0,0,0.5454545454545454
0,1,1,1,1,31,0,2,13,45,63,0.1,0.1,0.6,0.1,0.1,0.5,-0.6931471805599453,0.5,0.540658683796132,1,0,0.5333333333333333
0,0,0,0,0,1,0,2,14,46,63,0.1,0.1,0.6,0.1,0.1,0.5,-0.6931471805599453,0.5,0.4408615951339695,1,0,0.5217391304347826
1,1,1,1,1,32,1,2,15,47,63,0.1,0.1,0.6,0.1,0.1,0.5,-0.6931471805599453,0.5,0.5561589599594726,1,1,0.5319148936170213
1,0,1,0,1,22,1,2,16,48,63,0.1,0.1,0.6,0.1,0.1,0.5,-0.6931471805599453,0.5,0.5543567305212104,1,1,0.5416666666666666
1,1,0,1,1,28,0,2,17,49,63,0.1,0.1,0.6,0.1,0.1,0.5,-0.6931471805599453,0.5,0.4569813933719752,1,0,0.5306122448979592
1,1,1,0,0,8,1,2,18,50,63,0.1,0.1,0.6,0.1,0.1,0.5,-0.6931471805599453,0.5,0.5551788533144824,0,0,0.52
1,1,1,1,0,16,1,2,19,51,63,0.1,0.1,0.6,0.1,0.1,0.5,-0.6931471805599453,0.5,0.5560536710957698,0,0,0.5098039215686274
0,1,0,0,1,19,0,2,20,52,63,0.1,0.1,0.6,0.1,0.1,0.5,-0.6931471805599453,0.5,0.4405558749774347,0,1,0.5192307692307693
0,1,0,0,0,3,0,2,21,53,63,0.1,0.1,0.6,0.1,0.1,0.5,-0.6931471805599453,0.5,0.4399546220332209,0,1,0.5283018867924528
0,1,1,0,0,7,0,2,22,54,63,0.1,0.1,0.6,0.1,0.1,0.5,-0.6931471805599453,0.5,0.5412600555945222,1,0,0.5185185185185185
1,0,1,0,0,6,1,2,23,55,63,0.1,0.1,0.6,0.1,0.1,0.5,-0.6931471805599453,0.5,0.5551257239215527,1,1,0.5272727272727272
1,0,1,1,1,30,1,2,24,56,63,0.1,0.1,0.6,0.1,0.1,0.5,-0.6931471805599453,0.5,0.5560221992549204,0,0,0.5178571428571429
1,0,0,0,0,2,0,2,25,57,63,0.1,0.1,0.6,0.1,0.1,0.5,-0.6931471805599453,0.5,0.4545032475173463,1,0,0.5087719298245614
0,0,1,1,1,29,0,2,26,58,63,0.1,0.1,0.6,0.1,0.1,0.5,-0.6931471805599453,0.5,0.5412907882240349,0,1,0.5172413793103449
0,0,1,0,1,21,0,2,27,59,63,0.1,0.1,0.6,0.1,0.1,0.5,-0.6931471805599453,0.5,0.5382847011172377,1,0,0.5084745762711864
0,0,0,1,0,9,0,2,28,60,63,0.1,0.1,0.6,0.1,0.1,0.5,-0.6931471805599453,0.5,0.44193656558872785,1,0,0.5
0,1,0,1,1,27,0,2,29,61,63,0.1,0.1,0.6,0.1,0.1,0.5,-0.6931471805599453,0.5,0.4414047008237498,1,0,0.4918032786885246
0,1,1,1,0,15,0,2,30,62,63,0.1,0.1,0.6,0.1,0.1,0.5,-0.6931471805599453,0.5,0.5392739664206799,1,0,0.4838709677419355
0,0,0,1,1,25,0,2,31,63,63,0.1,0.1,0.6,0.1,0.1,0.5,-0.6931471805599453,0.5,0.44112130987708065,0,1,0.49206349206349204
1,1,0,1,0,12,0,2,32,64,63,0.1,0.1,0.6,0.1,0.1,0.5,-0.6931471805599453,0.5,0.4567177781561973,1,0,0.484375
0,1,0,0,1,19,0,3,1,65,63,0.1,0.1,0.6,0.1,0.1,0.5,-0.6931471805599453,0.5,0.4398699628381589,0,1,0.49230769230769234
1,0,0,0,0,2,0,3,2,66,63,0.1,0.1,0.6,0.1,0.1,0.5,-0.6931471805599453,0.5,0.4553354585408546,0,1,0.5
0,1,0,1,0,11,0,3,3,67,63,0.1,0.1,0.6,0.1,0.1,0.5,-0.6931471805599453,0.5,0.4392855135031833,1,0,0.4925373134328358
1,1,0,1,1,28,0,3,4,68,63,0.1,0.1,0.6,0.1,0.1,0.5,-0.6931471805599453,0.5,0.45436904440927595,0,1,0.5
1,1,1,0,0,8,1,3,5,69,63,0.1,0.1,0.6,0.1,0.1,0.5,-0.6931471805599453,0.5,0.5575081246768008,1,1,0.5072463768115942
1,0,1,0,0,6,1,3,6,70,63,0.1,0.1,0.6,0.1,0.1,0.5,-0.6931471805599453,0.5,0.558260203100159,1,1,0.5142857142857142
1,0,1,1,0,14,1,3,7,71,63,0.1,0.1,0.6,0.1,0.1,0.5,-0.6931471805599453,0.5,0.5579018994817273,1,1,0.5211267605633803
0,0,0,0,0,1,0,3,8,72,63,0.1,0.1,0.6,0.1,0.1,0.5,-0.6931471805599453,0.5,0.4400956358857819,0,1,0.5277777777777778
1,1,0,0,1,20,0,3,9,73,63,0.1,0.1,0.6,0.1,0.1,0.5,-0.6931471805599453,0.5,0.4522331815863496,0,1,0.5342465753424658
1,0,0,1,0,10,0,3,10,74,63,0.1,0.1,0.6,0.1,0.1,0.5,-0.6931471805599453,0.5,0.4542643677321703,1,0,0.527027027027027
0,1,0,1,1,27,0,3,11,75,63,0.1,0.1,0.6,0.1,0.1,0.5,-0.6931471805599453,0.5,0.43576595808278856,1,0,0.52
0,0,1,1,0,13,0,3,12,76,63,0.1,0.1,0.6,0.1,0.1,0.5,-0.6931471805599453,0.5,0.5437495743905604,0,1,0.5263157894736842
1,0,1,0,1,22,1,3,13,77,63,0.1,0.1,0.6,0.1,0.1,0.5,-0.6931471805599453,0.5,0.5583675908386039,0,0,0.5194805194805194
1,1,1,1,1,32,1,3,14,78,63,0.1,0.1,0.6,0.1,0.1,0.5,-0.6931471805599453,0.5,0.5564443615363027,1,1,0.5256410256410257
0,1,1,0,0,7,0,3,15,79,63,0.1,0.1,0.6,0.1,0.1,0.5,-0.6931471805599453,0.5,0.5417420784612461,0,1,0.5316455696202531
1,1,0,1,0,12,0,3,16,80,63,0.1,0.1,0.6,0.1,0.1,0.5,-0.6931471805599453,0.5,0.45315138301533,0,1,0.5375
1,1,0,0,0,4,0,3,17,81,63,0.1,0.1,0.6,0.1,0.1,0.5,-0.6931471805599453,0.5,0.45312780116449475,0,1,0.5432098765432098
1,0,1,1,1,30,1,3,18,82,63,0.1,0.1,0.6,0.1,0.1,0.5,-0.6931471805599453,0.5,0.5585890527640558,0,0,0.5365853658536586
1,0,0,1,1,26,0,3,19,83,63,0.1,0.1,0.6,0.1,0.1,0.5,-0.6931471805599453,0.5,0.4542654637344659,1,0,0.5301204819277109
0,0,0,0,1,17,0,3,20,84,63,0.1,0.1,0.6,0.1,0.1,0.5,-0.6931471805599453,0.5,0.43900812320829674,0,1,0.5357142857142857
0,0,1,0,1,21,0,3,21,85,63,0.1,0.1,0.6,0.1,0.1,0.5,-0.6931471805599453,0.5,0.5433300380816062,1,0,0.5294117647058824
1,1,1,0,1,24,1,3,22,86,63,0.1,0.1,0.6,0.1,0.1,0.5,-0.6931471805599453,0.5,0.5573328085475273,1,1,0.5348837209302325
0,0,1,0,0,5,0,3,23,87,63,0.1,0.1,0.6,0.1,0.1,0.5,-0.6931471805599453,0.5,0.541473564777471,1,0,0.5287356321839081
0,1,1,1,0,15,0,3,24,88,63,0.1,0.1,0.6,0.1,0.1,0.5,-0.6931471805599453,0.5,0.539696837439382,1,0,0.5227272727272727
0,1,1,0,1,23,0,3,25,89,63,0.1,0.1,0.6,0.1,0.1,0.5,-0.6931471805599453,0.5,0.5400058331448344,1,0,0.5168539325842697
0,0,0,1,0,9,0,3,26,90,63,0.1,0.1,0.6,0.1,0.1,0.5,-0.6931471805599453,0.5,0.4400216119066144,1,0,0.5111111111111111
0,0,0,1,1,25,0,3,27,91,63,0.1,0.1,0.6,0.1,0.1,0.5,-0.6931471805599453,0.5,0.440341037970293,0,1,0.5164835164835165
0,1,0,0,0,3,0,3,28,92,63,0.1,0.1,0.6,0.1,0.1,0.5,-0.6931471805599453,0.5,0.43889489672442195,1,0,0.5108695652173914
0,1,1,1,1,31,0,3,29,93,63,0.1,0.1,0.6,0.1,0.1,0.5,-0.6931471805599453,0.5,0.539767366532603,1,0,0.5053763440860215
1,0,0,0,1,18,0,3,30,94,63,0.1,0.1,0.6,0.1,0.1,0.5,-0.6931471805599453,0.5,0.4564730071410202,1,0,0.5
1,1,1,1,0,16,1,3,31,95,63,0.1,0.1,0.6,0.1,0.1,0.5,-0.6931471805599453,0.5,0.5556226052524225,1,1,0.5052631578947369
0,0,1,1,1,29,0,3,32,96,63,0.1,0.1,0.6,0.1,0.1,0.5,-0.6931471805599453,0.5,0.5396396661707391,0,1,0.5104166666666666
0,0,1,0,0,5,0,1,1,1,64,0.1,0.1,0.6,0.1,0.1,0.5,-0.6931471805599453,0.5,0.5,1,0,0
0,0,1,0,1,21,0,1,2,2,64,0.1,0.1,0.6,0.1,0.1,0.5,-0.6931471805599453,0.5,0.5,1,0,0
1,0,1,0,1,22,1,1,3,3,64,0.1,0.1,0.6,0.1,0.1,0.5,-0.6931471805599453,0.5,0.5,1,1,0.3333333333333333
1,1,0,1,0,12,0,1,4,4,64,0.1,0.1,0.6,0.1,0.1,0.5,-0.6931471805599453,0.5,0.5061715696887745,0,1,0.5
0,1,0,1,0,11,0,1,5,5,64,0.1,0.1,0.6,0.1,0.1,0.5,-0.6931471805599453,0.5,0.446112959790552,1,0,0.4
0,1,1,1,1,31,0,1,6,6,64,0.1,0.1,0.6,0.1,0.1,0.5,-0.6931471805599453,0.5,0.5229576696083891,1,0,0.3333333333333333
1,1,0,0,1,20,0,1,7,7,64,0.1,0.1,0.6,0.1,0.1,0.5,-0.6931471805599453,0.5,0.484837932805847,1,0,0.2857142857142857
0,0,1,1,0,13,0,1,8,8,64,0.1,0.1,0.6,0.1,0.1,0.5,-0.6931471805599453,0.5,0.5212888847621924,0,1,0.375
1,1,1,1,1,32,1,1,9,9,64,0.1,0.1,0.6,0.1,0.1,0.5,-0.6931471805599453,0.5,0.5320366980728872,1,1,0.4444444444444444
1,0,1,1,1,30,1,1,10,10,64,0.1,0.1,0.6,0.1,0.1,0.5,-0.6931471805599453,0.5,0.5452468453380381,0,0,0.4
1,1,0,1,1,28,0,1,11,11,64,0.1,0.1,0.6,0.1,0.1,0.5,-0.6931471805599453,0.5,0.4778890502346883,1,0,0.36363636363636365
0,1,1,0,1,23,0,1,12,12,64,0.1,0.1,0.6,0.1,0.1,0.5,-0.6931471805599453,0.5,0.5285800667698389,0,1,0.4166666666666667
0,1,1,1,0,15,0,1,13,13,64,0.1,0.1,0.6,0.1,0.1,0.5,-0.6931471805599453,0.5,0.5141431377494027,0,1,0.46153846153846156
1,0,0,1,0,10,0,1,14,14,64,0.1,0.1,0.6,0.1,0.1,0.5,-0.6931471805599453,0.5,0.4745600046301326,0,1,0.5
1,1,1,0,1,24,1,1,15,15,64,0.1,0.1,0.6,0.1,0.1,0.5,-0.6931471805599453,0.5,0.542171170802442,1,1,0.5333333333333333
0,0,0,0,0,1,0,1,16,16,64,0.1,0.1,0.6,0.1,0.1,0.5,-0.6931471805599453,0.5,0.4528931526787539,0,1,0.5625
0,1,0,0,0,3,0,1,17,17,64,0.1,0.1,0.6,0.1,0.1,0.5,-0.6931471805599453,0.5,0.4447497934132873,0,1,0.5882352941176471
1,0,0,1,1,26,0,1,18,18,64,0.1,0.1,0.6,0.1,0.1,0.5,-0.6931471805599453,0.5,0.47390622882987854,0,1,0.6111111111111112
0,0,0,0,1,17,0,1,19,19,64,0.1,0.1,0.6,0.1,0.1,0.5,-0.6931471805599453,0.5,0.45616526040879174,0,1,0.631578947368421
1,1,0,0,0,4,0,1,20,20,64,0.1,0.1,0.6,0.1,0.1,0.5,-0.6931471805599453,0.5,0.4536233248774344,0,1,0.65
1,0,1,0,0,6,1,1,21,21,64,0.1,0.1,0.6,0.1,0.1,0.5,-0.6931471805599453,0.5,0.5460727987727381,0,0,0.6190476190476191
0,0,0,1,1,25,0,1,22,22,64,0.1,0.1,0.6,0.1,0.1,0.5,-0.6931471805599453,0.5,0.4488497406589094,1,0,0.5909090909090909
0,0,1,1,1,29,0,1,23,23,64,0.1,0.1,0.6,0.1,0.1,0.5,-0.6931471805599453,0.5,0.5412088538994355,0,1,0.6086956521739131
0,1,1,0,0,7,0,1,24,24,64,0.1,0.1,0.6,0.1,0.1,0.5,-0.6931471805599453,0.5,0.5313025228558286,0,1,0.625
1,0,0,0,0,2,0,1,25,25,64,0.1,0.1,0.6,0.1,0.1,0.5,-0.6931471805599453,0.5,0.4612712659696874,0,1,0.64
1,0,1,1,0,14,1,1,26,26,64,0.1,0.1,0.6,0.1,0.1,0.5,-0.6931471805599453,0.5,0.5463806864717567,1,1,0.6538461538461539
1,1,1,1,0,16,1,1,27,27,64,0.1,0.1,0.6,0.1,0.1,0.5,-0.6931471805599453,0.5,0.5458873638793096,1,1,0.6666666666666666
1,0,0,0,1,18,0,1,28,28,64,0.1,0.1,0.6,0.1,0.1,0.5,-0.6931471805599453,0.5,0.46163393137068015,0,1,0.6785714285714286
0,0,0,1,0,9,0,1,29,29,64,0.1,0.1,0.6,0.1,0.1,0.5,-0.6931471805599453,0.5,0.44454402794103604,0,1,0.6896551724137931
1,1,1,0,0,8,1,1,30,30,64,0.1,0.1,0.6,0.1,0.1,0.5,-0.6931471805599453,0.5,0.5505139510829509,0,0,0.6666666666666666
0,1,0,1,1,27,0,1,31,31,64,0.1,0.1,0.6,0.1,0.1,0.5,-0.6931471805599453,0.5,0.4437291509981226,1,0,0.6451612903225806
0,1,0,0,1,19,0,1,32,32,64,0.1,0.1,0.6,0.1,0.1,0.5,-0.6931471805599453,0.5,0.44202358699788896,0,1,0.65625
0,0,1,0,1,21,0,2,1,33,64,0.1,0.1,0.6,0.1,0.1,0.5,-0.6931471805599453,0.5,0.5385135850966533,1,0,0.6363636363636364
1,1,0,0,0,4,0,2,2,34,64,0.1,0.1,0.6,0.1,0.1,0.5,-0.6931471805599453,0.5,0.45781019548091917,1,0,0.6176470588235294
0,1,1,1,1,31,0,2,3,35,64,0.1,0.1,0.6,0.1,0.1,0.5,-0.6931471805599453,0.5,0.5381538047952998,1,0,0.6
0,0,1,0,0,5,0,2,4,36,64,0.1,0.1,0.6,0.1,0.1,0.5,-0.6931471805599453,0.5,0.5359561941263615,0,1,0.6111111111111112
0,0,0,0,0,1,0,2,5,37,64,0.1,0.1,0.6,0.1,0.1,0.5,-0.6931471805599453,0.5,0.44354559218295264,0,1,0.6216216216216216
1,0,1,0,1,22,1,2,6,38,64,0.1,0.1,0.6,0.1,0.1,0.5,-0.6931471805599453,0.5,0.5519266760518264,0,0,0.6052631578947368
1,1,1,0,1,24,1,2,7,39,64,0.1,0.1,0.6,0.1,0.1,0.5,-0.6931471805599453,0.5,0.5531010285218705,1,1,0.6153846153846154
1,1,1,1,0,16,1,2,8,40,64,0.1,0.1,0.6,0.1,0.1,0.5,-0.6931471805599453,0.5,0.550957002714053,0,0,0.6
1,0,1,1,1,30,1,2,9,41,64,0.1,0.1,0.6,0.1,0.1,0.5,-0.6931471805599453,0.5,0.5525897461371782,1,1,0.6097560975609756
0,0,0,1,0,9,0,2,10,42,64,0.1,0.1,0.6,0.1,0.1,0.5,-0.6931471805599453,0.5,0.4420146328409114,0,1,0.6190476190476191
0,0,1,1,1,29,0,2,11,43,64,0.1,0.1,0.6,0.1,0.1,0.5,-0.6931471805599453,0.5,0.5368587856979057,0,1,0.627906976744186
0,1,1,0,0,7,0,2,12,44,64,0.1,0.1,0.6,0.1,0.1,0.5,-0.6931471805599453,0.5,0.5332452214601808,1,0,0.6136363636363636
1,1,1,0,0,8,1,2,13,45,64,0.1,0.1,0.6,0.1,0.1,0.5,-0.6931471805599453,0.5,0.5496050388427022,0,0,0.6
0,0,1,1,0,13,0,2,14,46,64,0.1,0.1,0.6,0.1,0.1,0.5,-0.6931471805599453,0.5,0.5305308108714845,0,1,0.6086956521739131
0,1,0,1,1,27,0,2,15,47,64,0.1,0.1,0.6,0.1,0.1,0.5,-0.6931471805599453,0.5,0.4473799919441238,0,1,0.6170212765957447
0,1,0,0,0,3,0,2,16,48,64,0.1,0.1,0.6,0.1,0.1,0.5,-0.6931471805599453,0.5,0.4450079227376021,0,1,0.625
1,1,0,1,0,12,0,2,17,49,64,0.1,0.1,0.6,0.1,0.1,0.5,-0.6931471805599453,0.5,0.4605739121751142,0,1,0.6326530612244898
1,1,1,1,1,32,1,2,18,50,64,0.1,0.1,0.6,0.1,0.1,0.5,-0.6931471805599453,0.5,0.5534025287515346,1,1,0.64
1,1,0,1,1,28,0,2,19,51,64,0.1,0.1,0.6,0.1,0.1,0.5,-0.6931471805599453,0.5,0.4626046779612199,0,1,0.6470588235294118
1,1,0,0,1,20,0,2,20,52,64,0.1,0.1,0.6,0.1,0.1,0.5,-0.6931471805599453,0.5,0.4614180304530887,1,0,0.6346153846153846
1,0,0,0,1,18,0,2,21,53,64,0.1,0.1,0.6,0.1,0.1,0.5,-0.6931471805599453,0.5,0.4591373444531761,1,0,0.6226415094339622
1,0,0,1,0,10,0,2,22,54,64,0.1,0.1,0.6,0.1,0.1,0.5,-0.6931471805599453,0.5,0.4558664153526102,1,0,0.6111111111111112
1,0,0,1,1,26,0,2,23,55,64,0.1,0.1,0.6,0.1,0.1,0.5,-0.6931471805599453,0.5,0.45696230429595736,1,0,0.6
0,1,1,0,1,23,0,2,24,56,64,0.1,0.1,0.6,0.1,0.1,0.5,-0.6931471805599453,0.5,0.5404979130031823,0,1,0.6071428571428571
0,1,1,1,0,15,0,2,25,57,64,0.1,0.1,0.6,0.1,0.1,0.5,-0.6931471805599453,0.5,0.5370924204325023,0,1,0.6140350877192983
1,0,1,1,0,14,1,2,26,58,64,0.1,0.1,0.6,0.1,0.1,0.5,-0.6931471805599453,0.5,0.550866037301101,1,1,0.6206896551724138
1,0,0,0,0,2,0,2,27,59,64,0.1,0.1,0.6,0.1,0.1,0.5,-0.6931471805599453,0.5,0.4569541887205636,0,1,0.6271186440677966
0,1,0,1,0,11,0,2,28,60,64,0.1,0.1,0.6,0.1,0.1,0.5,-0.6931471805599453,0.5,0.44256849133360154,0,1,0.6333333333333333
0,0,0,0,1,17,0,2,29,61,64,0.1,0.1,0.6,0.1,0.1,0.5,-0.6931471805599453,0.5,0.4421303656845456,0,1,0.639344262295082
0,0,0,1,1,25,0,2,30,62,64,0.1,0.1,0.6,0.1,0.1,0.5,-0.6931471805599453,0.5,0.44182731849267926,0,1,0.6451612903225806
0,1,0,0,1,19,0,2,31,63,64,0.1,0.1,0.6,0.1,0.1,0.5,-0.6931471805599453,0.5,0.4413416935462321,0,1,0.6507936507936508
1,0,1,0,0,6,1,2,32,64,64,0.1,0.1,0.6,0.1,0.1,0.5,-0.6931471805599453,0.5,0.5546227463864677,1,1,0.65625
0,1,0,0,0,3,0,3,1,65,64,0.1,0.1,0.6,0.1,0.1,0.5,-0.6931471805599453,0.5,0.4398699628381589,1,0,0.6461538461538462
0,0,1,1,0,13,0,3,2,66,64,0.1,0.1,0.6,0.1,0.1,0.5,-0.6931471805599453,0.5,0.5390948147149381,0,1,0.6515151515151515
1,0,0,1,0,10,0,3,3,67,64,0.1,0.1,0.6,0.1,0.1,0.5,-0.6931471805599453,0.5,0.4560490808928249,0,1,0.6567164179104478
0,0,1,0,1,21,0,3,4,68,64,0.1,0.1,0.6,0.1,0.1,0.5,-0.6931471805599453,0.5,0.5388881396166959,0,1,0.6617647058823529
0,1,0,1,1,27,0,3,5,69,64,0.1,0.1,0.6,0.1,0.1,0.5,-0.6931471805599453,0.5,0.44116437183770085,1,0,0.6521739130434783
1,1,0,0,1,20,0,3,6,70,64,0.1,0.1,0.6,0.1,0.1,0.5,-0.6931471805599453,0.5,0.4565044769406722,1,0,0.6428571428571429
0,0,1,0,0,5,0,3,7,71,64,0.1,0.1,0.6,0.1,0.1,0.5,-0.6931471805599453,0.5,0.538447552091983,1,0,0.6338028169014085
0,0,0,0,1,17,0,3,8,72,64,0.1,0.1,0.6,0.1,0.1,0.5,-0.6931471805599453,0.5,0.4406346078077749,1,0,0.625
0,1,1,0,0,7,0,3,9,73,64,0.1,0.1,0.6,0.1,0.1,0.5,-0.6931471805599453,0.5,0.5379601655853709,1,0,0.6164383561643836
0,1,0,0,1,19,0,3,10,74,64,0.1,0.1,0.6,0.1,0.1,0.5,-0.6931471805599453,0.5,0.44069443516447593,0,1,0.6216216216216216
1,0,1,1,1,30,1,3,11,75,64,0.1,0.1,0.6,0.1,0.1,0.5,-0.6931471805599453,0.5,0.5557188524032747,0,0,0.6133333333333333
1,1,1,1,1,32,1,3,12,76,64,0.1,0.1,0.6,0.1,0.1,0.5,-0.6931471805599453,0.5,0.5562029805644205,0,0,0.6052631578947368
0,0,1,1,1,29,0,3,13,77,64,0.1,0.1,0.6,0.1,0.1,0.5,-0.6931471805599453,0.5,0.539209080283941,1,0,0.5974025974025974
1,1,1,0,0,8,1,3,14,78,64,0.1,0.1,0.6,0.1,0.1,0.5,-0.6931471805599453,0.5,0.5530653712625258,0,0,0.5897435897435898
1,0,1,0,1,22,1,3,15,79,64,0.1,0.1,0.6,0.1,0.1,0.5,-0.6931471805599453,0.5,0.5535923314130193,0,0,0.5822784810126582
1,0,1,0,0,6,1,3,16,80,64,0.1,0.1,0.6,0.1,0.1,0.5,-0.6931471805599453,0.5,0.5534425412601134,1,1,0.5875
1,1,1,0,1,24,1,3,17,81,64,0.1,0.1,0.6,0.1,0.1,0.5,-0.6931471805599453,0.5,0.5545556570718229,1,1,0.5925925925925926
0,0,0,0,0,1,0,3,18,82,64,0.1,0.1,0.6,0.1,0.1,0.5,-0.6931471805599453,0.5,0.4409260288890315,1,0,0.5853658536585366
1,0,0,0,0,2,0,3,19,83,64,0.1,0.1,0.6,0.1,0.1,0.5,-0.6931471805599453,0.5,0.45667376343089827,1,0,0.5783132530120482
0,0,0,1,0,9,0,3,20,84,64,0.1,0.1,0.6,0.1,0.1,0.5,-0.6931471805599453,0.5,0.43941663217866855,1,0,0.5714285714285714
1,1,1,1,0,16,1,3,21,85,64,0.1,0.1,0.6,0.1,0.1,0.5,-0.6931471805599453,0.5,0.5552817940806998,0,0,0.5647058823529412
1,1,0,1,1,28,0,3,22,86,64,0.1,0.1,0.6,0.1,0.1,0.5,-0.6931471805599453,0.5,0.45753936187770816,1,0,0.5581395348837209
0,0,0,1,1,25,0,3,23,87,64,0.1,0.1,0.6,0.1,0.1,0.5,-0.6931471805599453,0.5,0.4395435194432254,0,1,0.5632183908045977
0,1,1,1,1,31,0,3,24,88,64,0.1,0.1,0.6,0.1,0.1,0.5,-0.6931471805599453,0.5,0.5396492029414316,0,1,0.5681818181818182
0,1,1,1,0,15,0,3,25,89,64,0.1,0.1,0.6,0.1,0.1,0.5,-0.6931471805599453,0.5,0.5380785223128499,1,0,0.5617977528089888
0,1,1,0,1,23,0,3,26,90,64,0.1,0.1,0.6,0.1,0.1,0.5,-0.6931471805599453,0.5,0.5380340254312361,1,0,0.5555555555555556
1,0,0,0,1,18,0,3,27,91,64,0.1,0.1,0.6,0.1,0.1,0.5,-0.6931471805599453,0.5,0.45777083585850453,1,0,0.5494505494505495
1,1,0,0,0,4,0,3,28,92,64,0.1,0.1,0.6,0.1,0.1,0.5,-0.6931471805599453,0.5,0.4577575618490914,0,1,0.5543478260869565
0,1,0,1,0,11,0,3,29,93,64,0.1,0.1,0.6,0.1,0.1,0.5,-0.6931471805599453,0.5,0.44095010807017976,0,1,0.5591397849462365
1,0,0,1,1,26,0,3,30,94,64,0.1,0.1,0.6,0.1,0.1,0.5,-0.6931471805599453,0.5,0.45643618678042897,1,0,0.5531914893617021
1,1,0,1,0,12,0,3,31,95,64,0.1,0.1,0.6,0.1,0.1,0.5,-0.6931471805599453,0.5,0.4560673389671708,0,1,0.5578947368421052
1,0,1,1,0,14,1,3,32,96,64,0.1,0.1,0.6,0.1,0.1,0.5,-0.6931471805599453,0.5,0.5550649042728503,0,0,0.5520833333333334
0,1,0,0,0,3,0,1,1,1,65,0.1,0.1,0.6,0.1,0.1,0.5,-0.6931471805599453,0.5,0.5,0,1,1
0,0,1,1,1,29,0,1,2,2,65,0.1,0.1,0.6,0.1,0.1,0.5,-0.6931471805599453,0.5,0.5,0,1,1
0,0,0,0,1,17,0,1,3,3,65,0.1,0.1,0.6,0.1,0.1,0.5,-0.6931471805599453,0.5,0.5,1,0,0.6666666666666666
1,1,1,1,0,16,1,1,4,4,65,0.1,0.1,0.6,0.1,0.1,0.5,-0.6931471805599453,0.5,0.5,0,0,0.5
1,0,0,0,1,18,0,1,5,5,65,0.1,0.1,0.6,0.1,0.1,0.5,-0.6931471805599453,0.5,0.4352270069073941,0,1,0.6
1,0,0,0,0,2,0,1,6,6,65,0.1,0.1,0.6,0.1,0.1,0.5,-0.6931471805599453,0.5,0.44101362363669006,1,0,0.5
1,1,0,1,1,28,0,1,7,7,65,0.1,0.1,0.6,0.1,0.1,0.5,-0.6931471805599453,0.5,0.45873819168322594,0,1,0.5714285714285714
1,1,0,0,0,4,0,1,8,8,65,0.1,0.1,0.6,0.1,0.1,0.5,-0.6931471805599453,0.5,0.4494422696791039,0,1,0.625
0,1,1,0,0,7,0,1,9,9,65,0.1,0.1,0.6,0.1,0.1,0.5,-0.6931471805599453,0.5,0.5627112064513577,1,0,0.5555555555555556
0,1,0,0,1,19,0,1,10,10,65,0.1,0.1,0.6,0.1,0.1,0.5,-0.6931471805599453,0.5,0.4267314646882015,0,1,0.6
1,0,1,0,0,6,1,1,11,11,65,0.1,0.1,0.6,0.1,0.1,0.5,-0.6931471805599453,0.5,0.5549193041089495,0,0,0.5454545454545454
0,0,0,0,0,1,0,1,12,12,65,0.1,0.1,0.6,0.1,0.1,0.5,-0.6931471805599453,0.5,0.43763689621608176,1,0,0.5
0,0,1,0,0,5,0,1,13,13,65,0.1,0.1,0.6,0.1,0.1,0.5,-0.6931471805599453,0.5,0.5528201563300076,1,0,0.46153846153846156
0,0,1,0,1,21,0,1,14,14,65,0.1,0.1,0.6,0.1,0.1,0.5,-0.6931471805599453,0.5,0.53383179642134,0,1,0.5
0,1,1,1,0,15,0,1,15,15,65,0.1,0.1,0.6,0.1,0.1,0.5,-0.6931471805599453,0.5,0.5501558055344615,1,0,0.4666666666666667
1,0,1,1,0,14,1,1,16,16,65,0.1,0.1,0.6,0.1,0.1,0.5,-0.6931471805599453,0.5,0.5603157990538572,1,1,0.5
0,0,0,1,0,9,0,1,17,17,65,0.1,0.1,0.6,0.1,0.1,0.5,-0.6931471805599453,0.5,0.45624016623587604,1,0,0.47058823529411764
1,0,1,1,1,30,1,1,18,18,65,0.1,0.1,0.6,0.1,0.1,0.5,-0.6931471805599453,0.5,0.5548715463957664,0,0,0.4444444444444444
0,0,0,1,1,25,0,1,19,19,65,0.1,0.1,0.6,0.1,0.1,0.5,-0.6931471805599453,0.5,0.44678159783351723,0,1,0.47368421052631576
1,0,1,0,1,22,1,1,20,20,65,0.1,0.1,0.6,0.1,0.1,0.5,-0.6931471805599453,0.5,0.5508085123937129,0,0,0.45
0,1,0,1,1,27,0,1,21,21,65,0.1,0.1,0.6,0.1,0.1,0.5,-0.6931471805599453,0.5,0.4389434069013988,0,1,0.47619047619047616
1,1,1,1,1,32,1,1,22,22,65,0.1,0.1,0.6,0.1,0.1,0.5,-0.6931471805599453,0.5,0.5570958079788298,0,0,0.45454545454545453
0,1,0,1,0,11,0,1,23,23,65,0.1,0.1,0.6,0.1,0.1,0.5,-0.6931471805599453,0.5,0.4397523079171026,0,1,0.4782608695652174
1,1,1,0,1,24,1,1,24,24,65,0.1,0.1,0.6,0.1,0.1,0.5,-0.6931471805599453,0.5,0.5556515480426124,1,1,0.5
1,0,0,1,0,10,0,1,25,25,65,0.1,0.1,0.6,0.1,0.1,0.5,-0.6931471805599453,0.5,0.45572129924230115,1,0,0.48
1,0,0,1,1,26,0,1,26,26,65,0.1,0.1,0.6,0.1,0.1,0.5,-0.6931471805599453,0.5,0.455737082615209,0,1,0.5
0,1,1,0,1,23,0,1,27,27,65,0.1,0.1,0.6,0.1,0.1,0.5,-0.6931471805599453,0.5,0.5441080833367258,1,0,0.48148148148148145
0,1,1,1,1,31,0,1,28,28,65,0.1,0.1,0.6,0.1,0.1,0.5,-0.6931471805599453,0.5,0.5430150081212418,1,0,0.4642857142857143
1,1,1,0,0,8,1,1,29,29,65,0.1,0.1,0.6,0.1,0.1,0.5,-0.6931471805599453,0.5,0.5538697341761223,0,0,0.4482758620689655
1,1,0,1,0,12,0,1,30,30,65,0.1,0.1,0.6,0.1,0.1,0.5,-0.6931471805599453,0.5,0.45714198309173887,0,1,0.4666666666666667
0,0,1,1,0,13,0,1,31,31,65,0.1,0.1,0.6,0.1,0.1,0.5,-0.6931471805599453,0.5,0.5398986481103727,0,1,0.4838709677419355
1,1,0,0,1,20,0,1,32,32,65,0.1,0.1,0.6,0.1,0.1,0.5,-0.6931471805599453,0.5,0.4579184761692832,1,0,0.46875
1,0,0,1,1,26,0,2,1,33,65,0.1,0.1,0.6,0.1,0.1,0.5,-0.6931471805599453,0.5,0.4555730029902945,0,1,0.48484848484848486
0,0,0,0,1,17,0,2,2,34,65,0.1,0.1,0.6,0.1,0.1,0.5,-0.6931471805599453,0.5,0.4390253999373536,1,0,0.47058823529411764
1,1,0,1,1,28,0,2,3,35,65,0.1,0.1,0.6,0.1,0.1,0.5,-0.6931471805599453,0.5,0.4536350725084481,1,0,0.45714285714285713
0,0,0,1,0,9,0,2,4,36,65,0.1,0.1,0.6,0.1,0.1,0.5,-0.6931471805599453,0.5,0.4380105953125943,0,1,0.4722222222222222
1,0,0,0,1,18,0,2,5,37,65,0.1,0.1,0.6,0.1,0.1,0.5,-0.6931471805599453,0.5,0.4515195160209393,1,0,0.4594594594594595
0,1,1,0,0,7,0,2,6,38,65,0.1,0.1,0.6,0.1,0.1,0.5,-0.6931471805599453,0.5,0.5449572056491647,1,0,0.4473684210526316
1,0,1,0,1,22,1,2,7,39,65,0.1,0.1,0.6,0.1,0.1,0.5,-0.6931471805599453,0.5,0.5573644644494403,1,1,0.46153846153846156
0,0,1,0,1,21,0,2,8,40,65,0.1,0.1,0.6,0.1,0.1,0.5,-0.6931471805599453,0.5,0.5429687870759891,1,0,0.45
1,1,0,1,0,12,0,2,9,41,65,0.1,0.1,0.6,0.1,0.1,0.5,-0.6931471805599453,0.5,0.45391579805228166,0,1,0.4634146341463415
0,0,0,1,1,25,0,2,10,42,65,0.1,0.1,0.6,0.1,0.1,0.5,-0.6931471805599453,0.5,0.4386944787138553,0,1,0.47619047619047616
0,0,0,0,0,1,0,2,11,43,65,0.1,0.1,0.6,0.1,0.1,0.5,-0.6931471805599453,0.5,0.43908833421997723,1,0,0.46511627906976744
1,0,0,1,0,10,0,2,12,44,65,0.1,0.1,0.6,0.1,0.1,0.5,-0.6931471805599453,0.5,0.45145092244447604,0,1,0.4772727272727273
0,1,1,0,1,23,0,2,13,45,65,0.1,0.1,0.6,0.1,0.1,0.5,-0.6931471805599453,0.5,0.5440957304051355,1,0,0.4666666666666667
0,0,1,0,0,5,0,2,14,46,65,0.1,0.1,0.6,0.1,0.1,0.5,-0.6931471805599453,0.5,0.5413223467569696,1,0,0.45652173913043476
1,0,1,0,0,6,1,2,15,47,65,0.1,0.1,0.6,0.1,0.1,0.5,-0.6931471805599453,0.5,0.5561294956039385,1,1,0.46808510638297873
0,1,0,1,0,11,0,2,16,48,65,0.1,0.1,0.6,0.1,0.1,0.5,-0.6931471805599453,0.5,0.4381292459287945,0,1,0.4791666666666667
1,1,1,1,1,32,1,2,17,49,65,0.1,0.1,0.6,0.1,0.1,0.5,-0.6931471805599453,0.5,0.5554474840568688,0,0,0.46938775510204084
0,1,1,1,0,15,0,2,18,50,65,0.1,0.1,0.6,0.1,0.1,0.5,-0.6931471805599453,0.5,0.5391084155405488,0,1,0.48
0,1,1,1,1,31,0,2,19,51,65,0.1,0.1,0.6,0.1,0.1,0.5,-0.6931471805599453,0.5,0.5386395010638773,0,1,0.49019607843137253
0,0,1,1,0,13,0,2,20,52,65,0.1,0.1,0.6,0.1,0.1,0.5,-0.6931471805599453,0.5,0.536172715746772,1,0,0.4807692307692308
1,0,0,0,0,2,0,2,21,53,65,0.1,0.1,0.6,0.1,0.1,0.5,-0.6931471805599453,0.5,0.45859733976340905,1,0,0.4716981132075472
1,1,0,0,1,20,0,2,22,54,65,0.1,0.1,0.6,0.1,0.1,0.5,-0.6931471805599453,0.5,0.459110117409143,0,1,0.48148148148148145
1,1,1,1,0,16,1,2,23,55,65,0.1,0.1,0.6,0.1,0.1,0.5,-0.6931471805599453,0.5,0.5529354518321755,0,0,0.4727272727272727
1,1,0,0,0,4,0,2,24,56,65,0.1,0.1,0.6,0.1,0.1,0.5,-0.6931471805599453,0.5,0.4570190641004617,1,0,0.4642857142857143
0,0,1,1,1,29,0,2,25,57,65,0.1,0.1,0.6,0.1,0.1,0.5,-0.6931471805599453,0.5,0.5383479071422463,1,0,0.45614035087719296
1,0,1,1,1,30,1,2,26,58,65,0.1,0.1,0.6,0.1,0.1,0.5,-0.6931471805599453,0.5,0.553548587391637,1,1,0.46551724137931033
1,0,1,1,0,14,1,2,27,59,65,0.1,0.1,0.6,0.1,0.1,0.5,-0.6931471805599453,0.5,0.5537755205995195,1,1,0.4745762711864407
0,1,0,0,0,3,0,2,28,60,65,0.1,0.1,0.6,0.1,0.1,0.5,-0.6931471805599453,0.5,0.44043365294138,1,0,0.4666666666666667
0,1,0,0,1,19,0,2,29,61,65,0.1,0.1,0.6,0.1,0.1,0.5,-0.6931471805599453,0.5,0.439918453783342,1,0,0.45901639344262296
0,1,0,1,1,27,0,2,30,62,65,0.1,0.1,0.6,0.1,0.1,0.5,-0.6931471805599453,0.5,0.44094323548699027,0,1,0.46774193548387094
1,1,1,0,1,24,1,2,31,63,65,0.1,0.1,0.6,0.1,0.1,0.5,-0.6931471805599453,0.5,0.5540993175249671,0,0,0.4603174603174603
1,1,1,0,0,8,1,2,32,64,65,0.1,0.1,0.6,0.1,0.1,0.5,-0.6931471805599453,0.5,0.5546227463864677,1,1,0.46875
0,1,0,1,1,27,0,3,1,65,65,0.1,0.1,0.6,0.1,0.1,0.5,-0.6931471805599453,0.5,0.4398699628381589,1,0,0.46153846153846156
0,1,1,1,0,15,0,3,2,66,65,0.1,0.1,0.6,0.1,0.1,0.5,-0.6931471805599453,0.5,0.538864149089923,0,1,0.4696969696969697
1,0,1,0,0,6,1,3,3,67,65,0.1,0.1,0.6,0.1,0.1,0.5,-0.6931471805599453,0.5,0.5560015725404154,0,0,0.4626865671641791
0,1,1,0,0,7,0,3,4,68,65,0.1,0.1,0.6,0.1,0.1,0.5,-0.6931471805599453,0.5,0.5381638639193926,0,1,0.47058823529411764
0,1,0,1,0,11,0,3,5,69,65,0.1,0.1,0.6,0.1,0.1,0.5,-0.6931471805599453,0.5,0.4400972798983489,1,0,0.463768115942029
1,1,1,1,0,16,1,3,6,70,65,0.1,0.1,0.6,0.1,0.1,0.5,-0.6931471805599453,0.5,0.5538376845647941,1,1,0.4714285714285714
1,1,1,0,0,8,1,3,7,71,65,0.1,0.1,0.6,0.1,0.1,0.5,-0.6931471805599453,0.5,0.5553044120833937,1,1,0.4788732394366197
0,0,1,0,1,21,0,3,8,72,65,0.1,0.1,0.6,0.1,0.1,0.5,-0.6931471805599453,0.5,0.5372509729258159,1,0,0.4722222222222222
1,0,0,0,0,2,0,3,9,73,65,0.1,0.1,0.6,0.1,0.1,0.5,-0.6931471805599453,0.5,0.4591516349389249,0,1,0.4794520547945205
1,0,1,0,1,22,1,3,10,74,65,0.1,0.1,0.6,0.1,0.1,0.5,-0.6931471805599453,0.5,0.5541336463048794,1,1,0.4864864864864865
1,1,0,1,0,12,0,3,11,75,65,0.1,0.1,0.6,0.1,0.1,0.5,-0.6931471805599453,0.5,0.4566691217688387,0,1,0.49333333333333335
1,0,1,1,0,14,1,3,12,76,65,0.1,0.1,0.6,0.1,0.1,0.5,-0.6931471805599453,0.5,0.5549521487950588,1,1,0.5
1,0,0,1,0,10,0,3,13,77,65,0.1,0.1,0.6,0.1,0.1,0.5,-0.6931471805599453,0.5,0.4572259373192764,0,1,0.5064935064935064
1,0,0,0,1,18,0,3,14,78,65,0.1,0.1,0.6,0.1,0.1,0.5,-0.6931471805599453,0.5,0.4565520716194788,0,1,0.5128205128205128
0,0,1,0,0,5,0,3,15,79,65,0.1,0.1,0.6,0.1,0.1,0.5,-0.6931471805599453,0.5,0.5400642975901833,1,0,0.5063291139240507
0,0,0,0,1,17,0,3,16,80,65,0.1,0.1,0.6,0.1,0.1,0.5,-0.6931471805599453,0.5,0.4410224100175309,1,0,0.5
1,1,0,1,1,28,0,3,17,81,65,0.1,0.1,0.6,0.1,0.1,0.5,-0.6931471805599453,0.5,0.4548673808123009,1,0,0.49382716049382713
0,1,1,0,1,23,0,3,18,82,65,0.1,0.1,0.6,0.1,0.1,0.5,-0.6931471805599453,0.5,0.5379973544150138,1,0,0.4878048780487805
0,0,1,1,0,13,0,3,19,83,65,0.1,0.1,0.6,0.1,0.1,0.5,-0.6931471805599453,0.5,0.53886499874831,1,0,0.4819277108433735
1,1,1,0,1,24,1,3,20,84,65,0.1,0.1,0.6,0.1,0.1,0.5,-0.6931471805599453,0.5,0.5534979801822006,1,1,0.4880952380952381
1,1,1,1,1,32,1,3,21,85,65,0.1,0.1,0.6,0.1,0.1,0.5,-0.6931471805599453,0.5,0.5533567442627348,0,0,0.4823529411764706
0,0,0,1,0,9,0,3,22,86,65,0.1,0.1,0.6,0.1,0.1,0.5,-0.6931471805599453,0.5,0.4410171651939558,0,1,0.4883720930232558
1,1,0,0,0,4,0,3,23,87,65,0.1,0.1,0.6,0.1,0.1,0.5,-0.6931471805599453,0.5,0.45749741578418723,0,1,0.4942528735632184
1,0,1,1,1,30,1,3,24,88,65,0.1,0.1,0.6,0.1,0.1,0.5,-0.6931471805599453,0.5,0.554642017340755,0,0,0.48863636363636365
0,1,0,0,1,19,0,3,25,89,65,0.1,0.1,0.6,0.1,0.1,0.5,-0.6931471805599453,0.5,0.44117444772623926,0,1,0.4943820224719101
1,1,0,0,1,20,0,3,26,90,65,0.1,0.1,0.6,0.1,0.1,0.5,-0.6931471805599453,0.5,0.45596456875635805,1,0,0.4888888888888889
1,0,0,1,1,26,0,3,27,91,65,0.1,0.1,0.6,0.1,0.1,0.5,-0.6931471805599453,0.5,0.4559070981797802,1,0,0.4835164835164835
0,1,0,0,0,3,0,3,28,92,65,0.1,0.1,0.6,0.1,0.1,0.5,-0.6931471805599453,0.5,0.4396645519672609,0,1,0.4891304347826087
0,0,0,0,0,1,0,3,29,93,65,0.1,0.1,0.6,0.1,0.1,0.5,-0.6931471805599453,0.5,0.43934716383222794,0,1,0.4946236559139785
0,1,1,1,1,31,0,3,30,94,65,0.1,0.1,0.6,0.1,0.1,0.5,-0.6931471805599453,0.5,0.5403516040869201,1,0,0.48936170212765956
0,0,1,1,1,29,0,3,31,95,65,0.1,0.1,0.6,0.1,0.1,0.5,-0.6931471805599453,0.5,0.5395796920751826,0,1,0.49473684210526314
0,0,0,1,1,25,0,3,32,96,65,0.1,0.1,0.6,0.1,0.1,0.5,-0.6931471805599453,0.5,0.4405653141195663,1,0,0.4895833333333333
0,0,0,1,0,9,0,1,1,1,66,0.1,0.1,0.6,0.1,0.1,1,0,0.5,0.5,1,0,0
0,0,1,1,1,29,0,1,2,2,66,0.1,0.1,0.6,0.1,0.1,1,0,0.5,0.5,1,0,0
1,0,1,1,0,14,1,1,3,3,66,0.1,0.1,0.6,0.1,0.1,1,0,0.5,0.5,1,1,0.3333333333333333
0,1,1,0,0,7,0,1,4,4,66,0.1,0.1,0.6,0.1,0.1,1,0,0.5,0.5545495626423869,1,0,0.25
1,1,0,1,0,12,0,1,5,5,66,0.1,0.1,0.6,0.1,0.1,1,0,0.5,0.4707884077446986,1,0,0.2
1,0,1,0,0,6,1,1,6,6,66,0.1,0.1,0.6,0.1,0.1,1,0,0.5,0.5955271050121312,1,1,0.3333333333333333
1,0,1,1,1,30,1,1,7,7,66,0.1,0.1,0.6,0.1,0.1,1,0,0.5,0.5821929474821549,1,1,0.42857142857142855
1,0,0,1,0,10,0,1,8,8,66,0.1,0.1,0.6,0.1,0.1,1,0,0.5,0.4354452284940861,1,0,0.375
1,1,0,0,0,4,0,1,9,9,66,0.1,0.1,0.6,0.1,0.1,1,0,0.5,0.40375129977554197,0,1,0.4444444444444444
1,1,1,0,1,24,1,1,10,10,66,0.1,0.1,0.6,0.1,0.1,1,0,0.5,0.5918716041399519,0,0,0.4
1,1,1,0,0,8,1,1,11,11,66,0.1,0.1,0.6,0.1,0.1,1,0,0.5,0.5924577546280554,0,0,0.36363636363636365
1,1,0,1,1,28,0,1,12,12,66,0.1,0.1,0.6,0.1,0.1,1,0,0.5,0.3998898656833438,0,1,0.4166666666666667
0,1,1,0,1,23,0,1,13,13,66,0.1,0.1,0.6,0.1,0.1,1,0,0.5,0.5879019008914389,0,1,0.46153846153846156
1,0,0,1,1,26,0,1,14,14,66,0.1,0.1,0.6,0.1,0.1,1,0,0.5,0.40791801009076345,0,1,0.5
0,1,0,1,0,11,0,1,15,15,66,0.1,0.1,0.6,0.1,0.1,1,0,0.5,0.37328091497223514,1,0,0.4666666666666667
1,0,1,0,1,22,1,1,16,16,66,0.1,0.1,0.6,0.1,0.1,1,0,0.5,0.6169591494991385,0,0,0.4375
0,1,0,1,1,27,0,1,17,17,66,0.1,0.1,0.6,0.1,0.1,1,0,0.5,0.365611117493822,0,1,0.47058823529411764
0,1,1,1,0,15,0,1,18,18,66,0.1,0.1,0.6,0.1,0.1,1,0,0.5,0.5672778294004257,1,0,0.4444444444444444
0,0,0,0,1,17,0,1,19,19,66,0.1,0.1,0.6,0.1,0.1,1,0,0.5,0.40103453779546316,1,0,0.42105263157894735
1,1,1,1,0,16,1,1,20,20,66,0.1,0.1,0.6,0.1,0.1,1,0,0.5,0.5926460502749452,1,1,0.45
0,0,1,0,1,21,0,1,21,21,66,0.1,0.1,0.6,0.1,0.1,1,0,0.5,0.5850989593989304,1,0,0.42857142857142855
0,1,0,0,1,19,0,1,22,22,66,0.1,0.1,0.6,0.1,0.1,1,0,0.5,0.3832755719643628,0,1,0.45454545454545453
1,1,1,1,1,32,1,1,23,23,66,0.1,0.1,0.6,0.1,0.1,1,0,0.5,0.595996529304806,1,1,0.4782608695652174
0,1,1,1,1,31,0,1,24,24,66,0.1,0.1,0.6,0.1,0.1,1,0,0.5,0.5657331633481074,0,1,0.5
0,0,1,1,0,13,0,1,25,25,66,0.1,0.1,0.6,0.1,0.1,1,0,0.5,0.566639700904146,1,0,0.48
0,0,0,1,1,25,0,1,26,26,66,0.1,0.1,0.6,0.1,0.1,1,0,0.5,0.38502431364583267,1,0,0.46153846153846156
0,0,0,0,0,1,0,1,27,27,66,0.1,0.1,0.6,0.1,0.1,1,0,0.5,0.39075284432961616,0,1,0.48148148148148145
0,1,0,0,0,3,0,1,28,28,66,0.1,0.1,0.6,0.1,0.1,1,0,0.5,0.3838659703954668,0,1,0.5
0,0,1,0,0,5,0,1,29,29,66,0.1,0.1,0.6,0.1,0.1,1,0,0.5,0.5702106328205317,0,1,0.5172413793103449
1,1,0,0,1,20,0,1,30,30,66,0.1,0.1,0.6,0.1,0.1,1,0,0.5,0.4178173362985982,1,0,0.5
1,0,0,0,1,18,0,1,31,31,66,0.1,0.1,0.6,0.1,0.1,1,0,0.5,0.41518860698884125,0,1,0.5161290322580645
1,0,0,0,0,2,0,1,32,32,66,0.1,0.1,0.6,0.1,0.1,1,0,0.5,0.41147595351954414,1,0,0.5
1,0,0,0,1,18,0,2,1,33,66,0.1,0.1,0.6,0.1,0.1,1,0,0.5,0.4067422964768556,1,0,0.48484848484848486
1,1,0,1,0,12,0,2,2,34,66,0.1,0.1,0.6,0.1,0.1,1,0,0.5,0.40605598799601206,0,1,0.5
1,1,0,0,1,20,0,2,3,35,66,0.1,0.1,0.6,0.1,0.1,1,0,0.5,0.4022242251972282,1,0,0.4857142857142857
0,0,0,0,0,1,0,2,4,36,66,0.1,0.1,0.6,0.1,0.1,1,0,0.5,0.37557248846091246,0,1,0.5
0,1,0,1,0,11,0,2,5,37,66,0.1,0.1,0.6,0.1,0.1,1,0,0.5,0.3741564502284814,0,1,0.5135135135135135
0,1,1,1,1,31,0,2,6,38,66,0.1,0.1,0.6,0.1,0.1,1,0,0.5,0.581056176647005,0,1,0.5263157894736842
0,0,1,0,0,5,0,2,7,39,66,0.1,0.1,0.6,0.1,0.1,1,0,0.5,0.5777720095461886,0,1,0.5384615384615384
1,1,1,0,0,8,1,2,8,40,66,0.1,0.1,0.6,0.1,0.1,1,0,0.5,0.6064531325580119,1,1,0.55
0,1,1,1,0,15,0,2,9,41,66,0.1,0.1,0.6,0.1,0.1,1,0,0.5,0.5733270143617417,0,1,0.5609756097560976
0,1,1,0,1,23,0,2,10,42,66,0.1,0.1,0.6,0.1,0.1,1,0,0.5,0.5705190661236456,1,0,0.5476190476190477
0,1,0,0,1,19,0,2,11,43,66,0.1,0.1,0.6,0.1,0.1,1,0,0.5,0.3822092616427861,0,1,0.5581395348837209
0,1,1,0,0,7,0,2,12,44,66,0.1,0.1,0.6,0.1,0.1,1,0,0.5,0.5692369107573695,1,0,0.5454545454545454
1,1,0,1,1,28,0,2,13,45,66,0.1,0.1,0.6,0.1,0.1,1,0,0.5,0.410390338448445,0,1,0.5555555555555556
0,0,1,1,0,13,0,2,14,46,66,0.1,0.1,0.6,0.1,0.1,1,0,0.5,0.5671314810772354,0,1,0.5652173913043478
1,1,1,1,0,16,1,2,15,47,66,0.1,0.1,0.6,0.1,0.1,1,0,0.5,0.5987684128921698,1,1,0.574468085106383
1,0,0,1,1,26,0,2,16,48,66,0.1,0.1,0.6,0.1,0.1,1,0,0.5,0.4099988873432491,0,1,0.5833333333333334
0,0,0,0,1,17,0,2,17,49,66,0.1,0.1,0.6,0.1,0.1,1,0,0.5,0.3788371010456104,0,1,0.5918367346938775
1,0,1,1,0,14,1,2,18,50,66,0.1,0.1,0.6,0.1,0.1,1,0,0.5,0.6032931987974945,1,1,0.6
1,1,0,0,0,4,0,2,19,51,66,0.1,0.1,0.6,0.1,0.1,1,0,0.5,0.41305705101213297,1,0,0.5882352941176471
1,0,1,1,1,30,1,2,20,52,66,0.1,0.1,0.6,0.1,0.1,1,0,0.5,0.6021607665960191,1,1,0.5961538461538461
0,0,1,0,1,21,0,2,21,53,66,0.1,0.1,0.6,0.1,0.1,1,0,0.5,0.5650536526107259,1,0,0.5849056603773585
0,1,0,1,1,27,0,2,22,54,66,0.1,0.1,0.6,0.1,0.1,1,0,0.5,0.3817202317768342,0,1,0.5925925925925926
1,1,1,1,1,32,1,2,23,55,66,0.1,0.1,0.6,0.1,0.1,1,0,0.5,0.601484401858334,0,0,0.5818181818181818
0,0,0,1,1,25,0,2,24,56,66,0.1,0.1,0.6,0.1,0.1,1,0,0.5,0.38294206823966254,0,1,0.5892857142857143
1,1,1,0,1,24,1,2,25,57,66,0.1,0.1,0.6,0.1,0.1,1,0,0.5,0.5993292375960549,1,1,0.5964912280701754
1,0,1,0,0,6,1,2,26,58,66,0.1,0.1,0.6,0.1,0.1,1,0,0.5,0.6012875790604566,0,0,0.5862068965517241
1,0,0,1,0,10,0,2,27,59,66,0.1,0.1,0.6,0.1,0.1,1,0,0.5,0.4120319778957679,1,0,0.576271186440678
1,0,1,0,1,22,1,2,28,60,66,0.1,0.1,0.6,0.1,0.1,1,0,0.5,0.6023680899905376,0,0,0.5666666666666667
0,0,0,1,0,9,0,2,29,61,66,0.1,0.1,0.6,0.1,0.1,1,0,0.5,0.3801244985153076,0,1,0.5737704918032787
1,0,0,0,0,2,0,2,30,62,66,0.1,0.1,0.6,0.1,0.1,1,0,0.5,0.40791350566475754,0,1,0.5806451612903226
0,0,1,1,1,29,0,2,31,63,66,0.1,0.1,0.6,0.1,0.1,1,0,0.5,0.5723607194969472,0,1,0.5873015873015873
0,1,0,0,0,3,0,2,32,64,66,0.1,0.1,0.6,0.1,0.1,1,0,0.5,0.3798723102369313,0,1,0.59375
0,0,0,0,0,1,0,3,1,65,66,0.1,0.1,0.6,0.1,0.1,1,0,0.5,0.37778415465979015,0,1,0.6
1,0,1,0,0,6,1,3,2,66,66,0.1,0.1,0.6,0.1,0.1,1,0,0.5,0.6065967451160487,1,1,0.6060606060606061
1,1,0,0,1,20,0,3,3,67,66,0.1,0.1,0.6,0.1,0.1,1,0,0.5,0.40564834025789137,0,1,0.6119402985074627
0,1,1,1,0,15,0,3,4,68,66,0.1,0.1,0.6,0.1,0.1,1,0,0.5,0.5722254171602916,1,0,0.6029411764705882
1,0,0,1,1,26,0,3,5,69,66,0.1,0.1,0.6,0.1,0.1,1,0,0.5,0.4067422964768556,0,1,0.6086956521739131
0,1,1,0,0,7,0,3,6,70,66,0.1,0.1,0.6,0.1,0.1,1,0,0.5,0.5720696849950437,0,1,0.6142857142857143
0,1,0,0,0,3,0,3,7,71,66,0.1,0.1,0.6,0.1,0.1,1,0,0.5,0.37902762575140453,1,0,0.6056338028169014
0,0,1,0,0,5,0,3,8,72,66,0.1,0.1,0.6,0.1,0.1,1,0,0.5,0.5721765193010855,0,1,0.6111111111111112
1,1,0,0,0,4,0,3,9,73,66,0.1,0.1,0.6,0.1,0.1,1,0,0.5,0.40789940563033544,0,1,0.6164383561643836
0,1,1,1,1,31,0,3,10,74,66,0.1,0.1,0.6,0.1,0.1,1,0,0.5,0.5688683595822424,0,1,0.6216216216216216
0,1,0,0,1,19,0,3,11,75,66,0.1,0.1,0.6,0.1,0.1,1,0,0.5,0.3786976199872791,0,1,0.6266666666666667
1,0,0,0,1,18,0,3,12,76,66,0.1,0.1,0.6,0.1,0.1,1,0,0.5,0.4090972221928405,1,0,0.618421052631579
0,0,1,1,1,29,0,3,13,77,66,0.1,0.1,0.6,0.1,0.1,1,0,0.5,0.5707373793980415,0,1,0.6233766233766234
1,0,1,1,0,14,1,3,14,78,66,0.1,0.1,0.6,0.1,0.1,1,0,0.5,0.605114487305315,0,0,0.6153846153846154
1,1,0,1,1,28,0,3,15,79,66,0.1,0.1,0.6,0.1,0.1,1,0,0.5,0.4067593200592178,0,1,0.620253164556962
0,0,0,1,1,25,0,3,16,80,66,0.1,0.1,0.6,0.1,0.1,1,0,0.5,0.38048467094536054,1,0,0.6125
1,0,0,0,0,2,0,3,17,81,66,0.1,0.1,0.6,0.1,0.1,1,0,0.5,0.410389851831331,1,0,0.6049382716049383
1,0,1,0,1,22,1,3,18,82,66,0.1,0.1,0.6,0.1,0.1,1,0,0.5,0.605582838711673,0,0,0.5975609756097561
1,1,1,0,0,8,1,3,19,83,66,0.1,0.1,0.6,0.1,0.1,1,0,0.5,0.6043709041037844,1,1,0.6024096385542169
0,1,1,0,1,23,0,3,20,84,66,0.1,0.1,0.6,0.1,0.1,1,0,0.5,0.5688434724719861,0,1,0.6071428571428571
1,0,0,1,0,10,0,3,21,85,66,0.1,0.1,0.6,0.1,0.1,1,0,0.5,0.4105885199045692,0,1,0.611764705882353
1,1,0,1,0,12,0,3,22,86,66,0.1,0.1,0.6,0.1,0.1,1,0,0.5,0.4065468853793111,1,0,0.6046511627906976
1,0,1,1,1,30,1,3,23,87,66,0.1,0.1,0.6,0.1,0.1,1,0,0.5,0.60497597785807955,1,1,0.6091954022988506
0,1,0,1,0,11,0,3,24,88,66,0.1,0.1,0.6,0.1,0.1,1,0,0.5,0.3771524847807452,0,1,0.6136363636363636
0,0,1,1,0,13,0,3,25,89,66,0.1,0.1,0.6,0.1,0.1,1,0,0.5,0.5739994197638081,0,1,0.6179775280898876
1,1,1,0,1,24,1,3,26,90,66,0.1,0.1,0.6,0.1,0.1,1,0,0.5,0.6032825377560607,1,1,0.6222222222222222
0,0,1,0,1,21,0,3,27,91,66,0.1,0.1,0.6,0.1,0.1,1,0,0.5,0.5730046618984761,1,0,0.6153846153846154
0,1,0,1,1,27,0,3,28,92,66,0.1,0.1,0.6,0.1,0.1,1,0,0.5,0.37809455355819527,1,0,0.6086956521739131
1,1,1,1,0,16,1,3,29,93,66,0.1,0.1,0.6,0.1,0.1,1,0,0.5,0.6019398278006308,0,0,0.6021505376344086
0,0,0,0,1,17,0,3,30,94,66,0.1,0.1,0.6,0.1,0.1,1,0,0.5,0.38025667683302433,0,1,0.6063829787234043
1,1,1,1,1,32,1,3,31,95,66,0.1,0.1,0.6,0.1,0.1,1,0,0.5,0.60346192625717,1,1,0.6105263157894737
0,0,0,1,0,9,0,3,32,96,66,0.1,0.1,0.6,0.1,0.1,1,0,0.5,0.37916387694470405,1,0,0.6041666666666666
0,0,1,1,1,29,0,1,1,1,67,0.1,0.1,0.6,0.1,0.1,1,0,0.5,0.5,0,1,1
1,0,0,0,0,2,0,1,2,2,67,0.1,0.1,0.6,0.1,0.1,1,0,0.5,0.5,1,0,0.5
1,1,1,1,1,32,1,1,3,3,67,0.1,0.1,0.6,0.1,0.1,1,0,0.5,0.5,1,1,0.6666666666666666
1,1,1,0,0,8,1,1,4,4,67,0.1,0.1,0.6,0.1,0.1,1,0,0.5,0.5838970399548478,1,1,0.75
1,0,0,0,1,18,0,1,5,5,67,0.1,0.1,0.6,0.1,0.1,1,0,0.5,0.39890280129293293,0,1,0.8
1,1,0,1,1,28,0,1,6,6,67,0.1,0.1,0.6,0.1,0.1,1,0,0.5,0.4270316496281878,1,0,0.6666666666666666
0,1,0,1,1,27,0,1,7,7,67,0.1,0.1,0.6,0.1,0.1,1,0,0.5,0.39107174893324653,0,1,0.7142857142857143
0,1,1,0,1,23,0,1,8,8,67,0.1,0.1,0.6,0.1,0.1,1,0,0.5,0.6097011325806445,1,0,0.625
0,1,0,0,0,3,0,1,9,9,67,0.1,0.1,0.6,0.1,0.1,1,0,0.5,0.4024923460001467,1,0,0.5555555555555556
0,1,1,0,0,7,0,1,10,10,67,0.1,0.1,0.6,0.1,0.1,1,0,0.5,0.5958782769432618,1,0,0.5
0,0,1,1,0,13,0,1,11,11,67,0.1,0.1,0.6,0.1,0.1,1,0,0.5,0.5616483114629688,0,1,0.5454545454545454
0,0,0,0,1,17,0,1,12,12,67,0.1,0.1,0.6,0.1,0.1,1,0,0.5,0.3790740157925433,1,0,0.5
1,1,0,0,0,4,0,1,13,13,67,0.1,0.1,0.6,0.1,0.1,1,0,0.5,0.42876047815224316,1,0,0.46153846153846156
0,1,0,0,1,19,0,1,14,14,67,0.1,0.1,0.6,0.1,0.1,1,0,0.5,0.38749112577282036,0,1,0.5
0,0,0,1,0,9,0,1,15,15,67,0.1,0.1,0.6,0.1,0.1,1,0,0.5,0.374766725102147,0,1,0.5333333333333333
0,0,1,0,1,21,0,1,16,16,67,0.1,0.1,0.6,0.1,0.1,1,0,0.5,0.5589390098164744,1,0,0.5
1,0,1,1,0,14,1,1,17,17,67,0.1,0.1,0.6,0.1,0.1,1,0,0.5,0.5949305725284721,0,0,0.47058823529411764
1,0,0,1,1,26,0,1,18,18,67,0.1,0.1,0.6,0.1,0.1,1,0,0.5,0.4098362694249015,0,1,0.5
1,1,1,1,0,16,1,1,19,19,67,0.1,0.1,0.6,0.1,0.1,1,0,0.5,0.6230857781469213,1,1,0.5263157894736842
0,1,1,1,0,15,0,1,20,20,67,0.1,0.1,0.6,0.1,0.1,1,0,0.5,0.5940412838797409,1,0,0.5
1,0,1,0,0,6,1,1,21,21,67,0.1,0.1,0.6,0.1,0.1,1,0,0.5,0.594327880880081,0,0,0.47619047619047616
1,0,1,1,1,30,1,1,22,22,67,0.1,0.1,0.6,0.1,0.1,1,0,0.5,0.5925644975641196,1,1,0.5
1,1,0,1,0,12,0,1,23,23,67,0.1,0.1,0.6,0.1,0.1,1,0,0.5,0.42420593249331345,0,1,0.5217391304347826
0,1,0,1,0,11,0,1,24,24,67,0.1,0.1,0.6,0.1,0.1,1,0,0.5,0.3892430403651231,1,0,0.5
0,0,0,0,0,1,0,1,25,25,67,0.1,0.1,0.6,0.1,0.1,1,0,0.5,0.3797261921860802,1,0,0.48
0,0,1,0,0,5,0,1,26,26,67,0.1,0.1,0.6,0.1,0.1,1,0,0.5,0.5727075529231976,1,0,0.46153846153846156
1,1,0,0,1,20,0,1,27,27,67,0.1,0.1,0.6,0.1,0.1,1,0,0.5,0.4012637289238078,0,1,0.48148148148148145
0,0,0,1,1,25,0,1,28,28,67,0.1,0.1,0.6,0.1,0.1,1,0,0.5,0.38110300528405416,1,0,0.4642857142857143
0,1,1,1,1,31,0,1,29,29,67,0.1,0.1,0.6,0.1,0.1,1,0,0.5,0.574843966094523,1,0,0.4482758620689655
1,0,1,0,1,22,1,1,30,30,67,0.1,0.1,0.6,0.1,0.1,1,0,0.5,0.59562602065821,1,1,0.4666666666666667
1,0,0,1,0,10,0,1,31,31,67,0.1,0.1,0.6,0.1,0.1,1,0,0.5,0.416365177700537,0,1,0.4838709677419355
1,1,1,0,1,24,1,1,32,32,67,0.1,0.1,0.6,0.1,0.1,1,0,0.5,0.6005860556293083,0,0,0.46875
0,1,1,1,0,15,0,2,1,33,67,0.1,0.1,0.6,0.1,0.1,1,0,0.5,0.5702865629313707,1,0,0.45454545454545453
0,0,0,1,0,9,0,2,2,34,67,0.1,0.1,0.6,0.1,0.1,1,0,0.5,0.3805996094053882,1,0,0.4411764705882353
1,1,1,1,1,32,1,2,3,35,67,0.1,0.1,0.6,0.1,0.1,1,0,0.5,0.6043680294762878,1,1,0.45714285714285713
0,0,0,0,0,1,0,2,4,36,67,0.1,0.1,0.6,0.1,0.1,1,0,0.5,0.37479351118663645,0,1,0.4722222222222222
1,1,1,0,0,8,1,2,5,37,67,0.1,0.1,0.6,0.1,0.1,1,0,0.5,0.6048005111187287,1,1,0.4864864864864865
0,1,0,0,0,3,0,2,6,38,67,0.1,0.1,0.6,0.1,0.1,1,0,0.5,0.3790107646224783,0,1,0.5
0,1,0,1,0,11,0,2,7,39,67,0.1,0.1,0.6,0.1,0.1,1,0,0.5,0.37586965536069256,0,1,0.5128205128205128
1,1,0,1,0,12,0,2,8,40,67,0.1,0.1,0.6,0.1,0.1,1,0,0.5,0.4051748376871512,0,1,0.525
0,0,0,0,1,17,0,2,9,41,67,0.1,0.1,0.6,0.1,0.1,1,0,0.5,0.3739873720072682,0,1,0.5365853658536586
0,1,1,0,1,23,0,2,10,42,67,0.1,0.1,0.6,0.1,0.1,1,0,0.5,0.5807438776133346,1,0,0.5238095238095238
1,0,0,0,0,2,0,2,11,43,67,0.1,0.1,0.6,0.1,0.1,1,0,0.5,0.40225843421815427,0,1,0.5348837209302325
1,1,1,1,0,16,1,2,12,44,67,0.1,0.1,0.6,0.1,0.1,1,0,0.5,0.6113959073895796,1,1,0.5454545454545454
1,0,1,0,0,6,1,2,13,45,67,0.1,0.1,0.6,0.1,0.1,1,0,0.5,0.6070155813398972,0,0,0.5333333333333333
1,1,0,0,0,4,0,2,14,46,67,0.1,0.1,0.6,0.1,0.1,1,0,0.5,0.4054136698901494,0,1,0.5434782608695652
0,1,1,0,0,7,0,2,15,47,67,0.1,0.1,0.6,0.1,0.1,1,0,0.5,0.5773327828701216,1,0,0.5319148936170213
1,1,1,0,1,24,1,2,16,48,67,0.1,0.1,0.6,0.1,0.1,1,0,0.5,0.6087458178567632,0,0,0.5208333333333334
0,1,0,0,1,19,0,2,17,49,67,0.1,0.1,0.6,0.1,0.1,1,0,0.5,0.3784449256979454,0,1,0.5306122448979592
0,0,1,0,1,21,0,2,18,50,67,0.1,0.1,0.6,0.1,0.1,1,0,0.5,0.5736303921750666,1,0,0.52
0,1,0,1,1,27,0,2,19,51,67,0.1,0.1,0.6,0.1,0.1,1,0,0.5,0.37933664811587026,0,1,0.5294117647058824
1,0,0,1,1,26,0,2,20,52,67,0.1,0.1,0.6,0.1,0.1,1,0,0.5,0.4050129531494386,1,0,0.5192307692307693
1,1,0,1,1,28,0,2,21,53,67,0.1,0.1,0.6,0.1,0.1,1,0,0.5,0.4065309300306039,1,0,0.5094339622641509
1,0,1,1,0,14,1,2,22,54,67,0.1,0.1,0.6,0.1,0.1,1,0,0.5,0.6101527414636764,1,1,0.5185185185185185
1,1,0,0,1,20,0,2,23,55,67,0.1,0.1,0.6,0.1,0.1,1,0,0.5,0.40237893456819057,0,1,0.5272727272727272
0,1,1,1,1,31,0,2,24,56,67,0.1,0.1,0.6,0.1,0.1,1,0,0.5,0.577055547886743,0,1,0.5357142857142857
1,0,0,1,0,10,0,2,25,57,67,0.1,0.1,0.6,0.1,0.1,1,0,0.5,0.40586132032184163,0,1,0.543859649122807
0,0,1,0,0,5,0,2,26,58,67,0.1,0.1,0.6,0.1,0.1,1,0,0.5,0.5770004178438629,1,0,0.5344827586206896
1,0,0,0,1,18,0,2,27,59,67,0.1,0.1,0.6,0.1,0.1,1,0,0.5,0.40246759724111353,0,1,0.5423728813559322
0,0,1,1,1,29,0,2,28,60,67,0.1,0.1,0.6,0.1,0.1,1,0,0.5,0.5731034224149386,1,0,0.5333333333333333
1,0,1,1,1,30,1,2,29,61,67,0.1,0.1,0.6,0.1,0.1,1,0,0.5,0.6042932368768434,0,0,0.5245901639344263
1,0,1,0,1,22,1,2,30,62,67,0.1,0.1,0.6,0.1,0.1,1,0,0.5,0.6041292889551266,1,1,0.532258064516129
0,0,0,1,1,25,0,2,31,63,67,0.1,0.1,0.6,0.1,0.1,1,0,0.5,0.3783881214638645,1,0,0.5238095238095238
0,0,1,1,0,13,0,2,32,64,67,0.1,0.1,0.6,0.1,0.1,1,0,0.5,0.5739477303418907,0,1,0.53125
0,1,1,1,1,31,0,3,1,65,67,0.1,0.1,0.6,0.1,0.1,1,0,0.5,0.5702865629313707,1,0,0.5230769230769231
0,0,1,1,0,13,0,3,2,66,67,0.1,0.1,0.6,0.1,0.1,1,0,0.5,0.5683429545484382,1,0,0.5151515151515151
1,0,0,1,0,10,0,3,3,67,67,0.1,0.1,0.6,0.1,0.1,1,0,0.5,0.41011956785702214,0,1,0.5223880597014925
0,0,0,0,1,17,0,3,4,68,67,0.1,0.1,0.6,0.1,0.1,1,0,0.5,0.38094349526617705,1,0,0.5147058823529411
1,0,1,1,0,14,1,3,5,69,67,0.1,0.1,0.6,0.1,0.1,1,0,0.5,0.6031473829362841,0,0,0.5072463768115942
0,0,1,0,1,21,0,3,6,70,67,0.1,0.1,0.6,0.1,0.1,1,0,0.5,0.5676425226722575,1,0,0.5
1,1,1,0,1,24,1,3,7,71,67,0.1,0.1,0.6,0.1,0.1,1,0,0.5,0.6011767960138985,0,0,0.49295774647887325
1,0,1,1,1,30,1,3,8,72,67,0.1,0.1,0.6,0.1,0.1,1,0,0.5,0.6012383721197135,1,1,0.5
0,0,0,1,1,25,0,3,9,73,67,0.1,0.1,0.6,0.1,0.1,1,0,0.5,0.38168627621569384,1,0,0.4931506849315068
0,1,0,1,0,11,0,3,10,74,67,0.1,0.1,0.6,0.1,0.1,1,0,0.5,0.3799372954148524,0,1,0.5
0,0,0,0,0,1,0,3,11,75,67,0.1,0.1,0.6,0.1,0.1,1,0,0.5,0.3781983555217785,0,1,0.5066666666666667
1,1,1,1,1,32,1,3,12,76,67,0.1,0.1,0.6,0.1,0.1,1,0,0.5,0.606442853982275,1,1,0.5131578947368421
1,0,0,0,1,18,0,3,13,77,67,0.1,0.1,0.6,0.1,0.1,1,0,0.5,0.4078179271436569,1,0,0.5064935064935064
1,1,0,0,1,20,0,3,14,78,67,0.1,0.1,0.6,0.1,0.1,1,0,0.5,0.40852661395726003,0,1,0.5128205128205128
0,0,1,0,0,5,0,3,15,79,67,0.1,0.1,0.6,0.1,0.1,1,0,0.5,0.568475218780013,0,1,0.5189873417721519
0,1,0,1,1,27,0,3,16,80,67,0.1,0.1,0.6,0.1,0.1,1,0,0.5,0.38153654108959784,0,1,0.525
1,0,0,0,0,2,0,3,17,81,67,0.1,0.1,0.6,0.1,0.1,1,0,0.5,0.4045054671081738,0,1,0.5308641975308642
0,0,0,1,0,9,0,3,18,82,67,0.1,0.1,0.6,0.1,0.1,1,0,0.5,0.37657039414447047,0,1,0.5365853658536586
0,1,0,0,0,3,0,3,19,83,67,0.1,0.1,0.6,0.1,0.1,1,0,0.5,0.3750099599396558,1,0,0.5301204819277109
1,1,1,0,0,8,1,3,20,84,67,0.1,0.1,0.6,0.1,0.1,1,0,0.5,0.6070906004727861,1,1,0.5357142857142857
1,1,0,1,0,12,0,3,21,85,67,0.1,0.1,0.6,0.1,0.1,1,0,0.5,0.40664124862343637,0,1,0.5411764705882353
0,0,1,1,1,29,0,3,22,86,67,0.1,0.1,0.6,0.1,0.1,1,0,0.5,0.5737566604928154,0,1,0.5465116279069767
0,1,0,0,1,19,0,3,23,87,67,0.1,0.1,0.6,0.1,0.1,1,0,0.5,0.3780505580740383,1,0,0.5402298850574713
1,1,0,1,1,28,0,3,24,88,67,0.1,0.1,0.6,0.1,0.1,1,0,0.5,0.40779509620403653,0,1,0.5454545454545454
1,1,1,1,0,16,1,3,25,89,67,0.1,0.1,0.6,0.1,0.1,1,0,0.5,0.6102996100529782,0,0,0.5393258426966292
1,0,1,0,0,6,1,3,26,90,67,0.1,0.1,0.6,0.1,0.1,1,0,0.5,0.6065947753474848,1,1,0.5444444444444444
1,0,0,1,1,26,0,3,27,91,67,0.1,0.1,0.6,0.1,0.1,1,0,0.5,0.4034740904173532,1,0,0.5384615384615384
0,1,1,1,0,15,0,3,28,92,67,0.1,0.1,0.6,0.1,0.1,1,0,0.5,0.5768363567858549,1,0,0.532608695652174
0,1,1,0,1,23,0,3,29,93,67,0.1,0.1,0.6,0.1,0.1,1,0,0.5,0.5733444823823816,0,1,0.5376344086021505
1,1,0,0,0,4,0,3,30,94,67,0.1,0.1,0.6,0.1,0.1,1,0,0.5,0.40785739042953484,1,0,0.5319148936170213
0,1,1,0,0,7,0,3,31,95,67,0.1,0.1,0.6,0.1,0.1,1,0,0.5,0.5732609525472426,1,0,0.5263157894736842
1,0,1,0,1,22,1,3,32,96,67,0.1,0.1,0.6,0.1,0.1,1,0,0.5,0.604390264669057,0,0,0.5208333333333334
1,0,0,1,1,26,0,1,1,1,68,0.1,0.1,0.6,0.1,0.1,1,0,0.5,0.5,1,0,0
1,0,1,1,0,14,1,1,2,2,68,0.1,0.1,0.6,0.1,0.1,1,0,0.5,0.5,1,1,0.5
0,0,1,1,0,13,0,1,3,3,68,0.1,0.1,0.6,0.1,0.1,1,0,0.5,0.6681877721681662,1,0,0.3333333333333333
1,1,0,1,0,12,0,1,4,4,68,0.1,0.1,0.6,0.1,0.1,1,0,0.5,0.43921691510143507,1,0,0.25
1,1,0,0,0,4,0,1,5,5,68,0.1,0.1,0.6,0.1,0.1,1,0,0.5,0.39644199147188225,0,1,0.4
0,0,1,0,0,5,0,1,6,6,68,0.1,0.1,0.6,0.1,0.1,1,0,0.5,0.6017613710205855,1,0,0.3333333333333333
0,1,1,1,1,31,0,1,7,7,68,0.1,0.1,0.6,0.1,0.1,1,0,0.5,0.5638857855310085,0,1,0.42857142857142855
1,0,0,0,0,2,0,1,8,8,68,0.1,0.1,0.6,0.1,0.1,1,0,0.5,0.4358812511634219,1,0,0.375
1,1,1,1,0,16,1,1,9,9,68,0.1,0.1,0.6,0.1,0.1,1,0,0.5,0.5943829877428859,1,1,0.4444444444444444
1,0,1,1,1,30,1,1,10,10,68,0.1,0.1,0.6,0.1,0.1,1,0,0.5,0.5876864782538542,1,1,0.5
1,1,1,0,0,8,1,1,11,11,68,0.1,0.1,0.6,0.1,0.1,1,0,0.5,0.5750721418292968,1,1,0.5454545454545454
1,1,1,0,1,24,1,1,12,12,68,0.1,0.1,0.6,0.1,0.1,1,0,0.5,0.5850830675928013,1,1,0.5833333333333334
1,0,1,0,1,22,1,1,13,13,68,0.1,0.1,0.6,0.1,0.1,1,0,0.5,0.5855774032326054,1,1,0.6153846153846154
0,0,0,1,0,9,0,1,14,14,68,0.1,0.1,0.6,0.1,0.1,1,0,0.5,0.39047582388577523,1,0,0.5714285714285714
1,0,1,0,0,6,1,1,15,15,68,0.1,0.1,0.6,0.1,0.1,1,0,0.5,0.590185017610082,1,1,0.6
1,1,0,1,1,28,0,1,16,16,68,0.1,0.1,0.6,0.1,0.1,1,0,0.5,0.40794828093734276,1,0,0.5625
0,1,0,0,1,19,0,1,17,17,68,0.1,0.1,0.6,0.1,0.1,1,0,0.5,0.3918018585490887,1,0,0.5294117647058824
0,0,0,1,1,25,0,1,18,18,68,0.1,0.1,0.6,0.1,0.1,1,0,0.5,0.37700352438524287,0,1,0.5555555555555556
0,0,1,0,1,21,0,1,19,19,68,0.1,0.1,0.6,0.1,0.1,1,0,0.5,0.5882276892747149,1,0,0.5263157894736842
1,1,0,0,1,20,0,1,20,20,68,0.1,0.1,0.6,0.1,0.1,1,0,0.5,0.40638175456764347,0,1,0.55
0,1,1,1,0,15,0,1,21,21,68,0.1,0.1,0.6,0.1,0.1,1,0,0.5,0.5776703807719852,1,0,0.5238095238095238
0,1,1,0,0,7,0,1,22,22,68,0.1,0.1,0.6,0.1,0.1,1,0,0.5,0.5723809925038669,1,0,0.5
0,1,0,0,0,3,0,1,23,23,68,0.1,0.1,0.6,0.1,0.1,1,0,0.5,0.39033326166437543,0,1,0.5217391304347826
0,0,0,0,0,1,0,1,24,24,68,0.1,0.1,0.6,0.1,0.1,1,0,0.5,0.3899379114367948,0,1,0.5416666666666666
1,0,0,1,0,10,0,1,25,25,68,0.1,0.1,0.6,0.1,0.1,1,0,0.5,0.41051038648482,1,0,0.52
0,0,1,1,1,29,0,1,26,26,68,0.1,0.1,0.6,0.1,0.1,1,0,0.5,0.5727324273611798,1,0,0.5
0,1,1,0,1,23,0,1,27,27,68,0.1,0.1,0.6,0.1,0.1,1,0,0.5,0.5674562528348044,1,0,0.48148148148148145
0,1,0,1,0,11,0,1,28,28,68,0.1,0.1,0.6,0.1,0.1,1,0,0.5,0.38449957939217555,0,1,0.5
0,1,0,1,1,27,0,1,29,29,68,0.1,0.1,0.6,0.1,0.1,1,0,0.5,0.3795081895059768,0,1,0.5172413793103449
1,0,0,0,1,18,0,1,30,30,68,0.1,0.1,0.6,0.1,0.1,1,0,0.5,0.4169981301124885,1,0,0.5
0,0,0,0,1,17,0,1,31,31,68,0.1,0.1,0.6,0.1,0.1,1,0,0.5,0.38383593728809906,0,1,0.5161290322580645
1,1,1,1,1,32,1,1,32,32,68,0.1,0.1,0.6,0.1,0.1,1,0,0.5,0.6005860556293083,0,0,0.5
1,0,1,0,0,6,1,2,1,33,68,0.1,0.1,0.6,0.1,0.1,1,0,0.5,0.60603191345867935,0,0,0.48484848484848486
1,1,1,0,1,24,1,2,2,34,68,0.1,0.1,0.6,0.1,0.1,1,0,0.5,0.604638776354356,1,1,0.5
1,1,1,0,0,8,1,2,3,35,68,0.1,0.1,0.6,0.1,0.1,1,0,0.5,0.6082794684838906,1,1,0.5142857142857142
1,0,0,1,0,10,0,2,4,36,68,0.1,0.1,0.6,0.1,0.1,1,0,0.5,0.40348881029716693,0,1,0.5277777777777778
1,1,1,1,1,32,1,2,5,37,68,0.1,0.1,0.6,0.1,0.1,1,0,0.5,0.6047251889294852,1,1,0.5405405405405406
0,0,1,0,1,21,0,2,6,38,68,0.1,0.1,0.6,0.1,0.1,1,0,0.5,0.5731356789394365,1,0,0.5263157894736842
1,0,0,0,1,18,0,2,7,39,68,0.1,0.1,0.6,0.1,0.1,1,0,0.5,0.4074533711375687,1,0,0.5128205128205128
1,1,1,1,0,16,1,2,8,40,68,0.1,0.1,0.6,0.1,0.1,1,0,0.5,0.6075927565507954,1,1,0.525
0,1,1,0,1,23,0,2,9,41,68,0.1,0.1,0.6,0.1,0.1,1,0,0.5,0.5737432091397731,0,1,0.5365853658536586
1,1,0,0,1,20,0,2,10,42,68,0.1,0.1,0.6,0.1,0.1,1,0,0.5,0.41166062099239004,1,0,0.5238095238095238
1,0,0,0,0,2,0,2,11,43,68,0.1,0.1,0.6,0.1,0.1,1,0,0.5,0.4056369024833614,0,1,0.5348837209302325
1,0,1,1,1,30,1,2,12,44,68,0.1,0.1,0.6,0.1,0.1,1,0,0.5,0.6001867548473098,0,0,0.5227272727272727
1,1,0,1,0,12,0,2,13,45,68,0.1,0.1,0.6,0.1,0.1,1,0,0.5,0.4094501130756729,1,0,0.5111111111111111
0,0,1,1,1,29,0,2,14,46,68,0.1,0.1,0.6,0.1,0.1,1,0,0.5,0.5724269637730981,0,1,0.5217391304347826
0,1,0,1,0,11,0,2,15,47,68,0.1,0.1,0.6,0.1,0.1,1,0,0.5,0.38435818436319363,0,1,0.5319148936170213
1,1,0,0,0,4,0,2,16,48,68,0.1,0.1,0.6,0.1,0.1,1,0,0.5,0.40674419747281554,1,0,0.5208333333333334
0,0,1,0,0,5,0,2,17,49,68,0.1,0.1,0.6,0.1,0.1,1,0,0.5,0.5715900329763488,0,1,0.5306122448979592
0,0,1,1,0,13,0,2,18,50,68,0.1,0.1,0.6,0.1,0.1,1,0,0.5,0.5688821086223218,0,1,0.54
1,0,1,1,0,14,1,2,19,51,68,0.1,0.1,0.6,0.1,0.1,1,0,0.5,0.5982529335378834,1,1,0.5490196078431373
0,1,0,1,1,27,0,2,20,52,68,0.1,0.1,0.6,0.1,0.1,1,0,0.5,0.3856282811206923,0,1,0.5576923076923077
0,1,0,0,0,3,0,2,21,53,68,0.1,0.1,0.6,0.1,0.1,1,0,0.5,0.38151567882475496,0,1,0.5660377358490566
0,1,1,0,0,7,0,2,22,54,68,0.1,0.1,0.6,0.1,0.1,1,0,0.5,0.5701138631771894,0,1,0.5740740740740741
1,0,1,0,1,22,1,2,23,55,68,0.1,0.1,0.6,0.1,0.1,1,0,0.5,0.5986708003073283,1,1,0.5818181818181818
0,0,0,0,0,1,0,2,24,56,68,0.1,0.1,0.6,0.1,0.1,1,0,0.5,0.3808346141498037,1,0,0.5714285714285714
0,0,0,1,1,25,0,2,25,57,68,0.1,0.1,0.6,0.1,0.1,1,0,0.5,0.3832262846002507,0,1,0.5789473684210527
0,1,1,1,0,15,0,2,26,58,68,0.1,0.1,0.6,0.1,0.1,1,0,0.5,0.5701849509416455,0,1,0.5862068965517241
0,0,0,1,0,9,0,2,27,59,68,0.1,0.1,0.6,0.1,0.1,1,0,0.5,0.3804066539411606,1,0,0.576271186440678
0,0,0,0,1,17,0,2,28,60,68,0.1,0.1,0.6,0.1,0.1,1,0,0.5,0.3807525979966552,1,0,0.5666666666666667
0,1,0,0,1,19,0,2,29,61,68,0.1,0.1,0.6,0.1,0.1,1,0,0.5,0.37952904494278306,0,1,0.5737704918032787
1,0,0,1,1,26,0,2,30,62,68,0.1,0.1,0.6,0.1,0.1,1,0,0.5,0.4089209617503345,0,1,0.5806451612903226
0,1,1,1,1,31,0,2,31,63,68,0.1,0.1,0.6,0.1,0.1,1,0,0.5,0.5731819558899015,0,1,0.5873015873015873
1,1,0,1,1,28,0,2,32,64,68,0.1,0.1,0.6,0.1,0.1,1,0,0.5,0.40904508195973094,1,0,0.578125
1,0,1,0,1,22,1,3,1,65,68,0.1,0.1,0.6,0.1,0.1,1,0,0.5,0.60603191345867935,1,1,0.5846153846153846
0,1,0,1,1,27,0,3,2,66,68,0.1,0.1,0.6,0.1,0.1,1,0,0.5,0.37705973868359677,1,0,0.5757575757575758
0,1,0,0,1,19,0,3,3,67,68,0.1,0.1,0.6,0.1,0.1,1,0,0.5,0.37709603824231713,1,0,0.5671641791044776
1,0,1,0,0,6,1,3,4,68,68,0.1,0.1,0.6,0.1,0.1,1,0,0.5,0.6096741075049291,1,1,0.5735294117647058
1,1,0,1,1,28,0,3,5,69,68,0.1,0.1,0.6,0.1,0.1,1,0,0.5,0.40176167714470556,0,1,0.5797101449275363
0,1,0,1,0,11,0,3,6,70,68,0.1,0.1,0.6,0.1,0.1,1,0,0.5,0.3725007673052172,0,1,0.5857142857142857
1,0,1,1,0,14,1,3,7,71,68,0.1,0.1,0.6,0.1,0.1,1,0,0.5,0.6106903019325626,1,1,0.5915492957746479
0,0,0,0,0,1,0,3,8,72,68,0.1,0.1,0.6,0.1,0.1,1,0,0.5,0.37946762210350954,0,1,0.5972222222222222
1,1,1,0,0,8,1,3,9,73,68,0.1,0.1,0.6,0.1,0.1,1,0,0.5,0.6101993398188418,0,0,0.589041095890411
1,0,0,1,0,10,0,3,10,74,68,0.1,0.1,0.6,0.1,0.1,1,0,0.5,0.4052675236166489,0,1,0.5945945945945946
0,0,1,1,0,13,0,3,11,75,68,0.1,0.1,0.6,0.1,0.1,1,0,0.5,0.5775948910561747,1,0,0.5866666666666667
1,1,1,1,1,32,1,3,12,76,68,0.1,0.1,0.6,0.1,0.1,1,0,0.5,0.6057710908938171,0,0,0.5789473684210527
0,0,1,0,0,5,0,3,13,77,68,0.1,0.1,0.6,0.1,0.1,1,0,0.5,0.5762752899925089,0,1,0.5844155844155844
0,1,0,0,0,3,0,3,14,78,68,0.1,0.1,0.6,0.1,0.1,1,0,0.5,0.37649742152373106,1,0,0.5769230769230769
0,0,0,0,1,17,0,3,15,79,68,0.1,0.1,0.6,0.1,0.1,1,0,0.5,0.3768296247520495,1,0,0.569620253164557
0,1,1,1,0,15,0,3,16,80,68,0.1,0.1,0.6,0.1,0.1,1,0,0.5,0.5727055001233572,1,0,0.5625
0,0,0,1,0,9,0,3,17,81,68,0.1,0.1,0.6,0.1,0.1,1,0,0.5,0.37595497739763584,1,0,0.5555555555555556
1,0,0,1,1,26,0,3,18,82,68,0.1,0.1,0.6,0.1,0.1,1,0,0.5,0.4054246141485028,0,1,0.5609756097560976
0,0,1,1,1,29,0,3,19,83,68,0.1,0.1,0.6,0.1,0.1,1,0,0.5,0.5729325350269514,0,1,0.5662650602409639
0,0,0,1,1,25,0,3,20,84,68,0.1,0.1,0.6,0.1,0.1,1,0,0.5,0.3745012453581649,1,0,0.5595238095238095
1,1,0,1,0,12,0,3,21,85,68,0.1,0.1,0.6,0.1,0.1,1,0,0.5,0.4046573440092277,0,1,0.5647058823529412
1,1,1,1,0,16,1,3,22,86,68,0.1,0.1,0.6,0.1,0.1,1,0,0.5,0.6078148831936319,1,1,0.5697674418604651
0,0,1,0,1,21,0,3,23,87,68,0.1,0.1,0.6,0.1,0.1,1,0,0.5,0.5733690714351724,1,0,0.5632183908045977
0,1,1,0,1,23,0,3,24,88,68,0.1,0.1,0.6,0.1,0.1,1,0,0.5,0.572256458328876,0,1,0.5681818181818182
1,1,0,0,0,4,0,3,25,89,68,0.1,0.1,0.6,0.1,0.1,1,0,0.5,0.4098165929451805,0,1,0.5730337078651685
0,1,1,0,0,7,0,3,26,90,68,0.1,0.1,0.6,0.1,0.1,1,0,0.5,0.5724557886932633,0,1,0.5777777777777777
1,1,1,0,1,24,1,3,27,91,68,0.1,0.1,0.6,0.1,0.1,1,0,0.5,0.6053065759649506,1,1,0.5824175824175825
0,1,1,1,1,31,0,3,28,92,68,0.1,0.1,0.6,0.1,0.1,1,0,0.5,0.5689727298889804,0,1,0.5869565217391305
1,0,0,0,1,18,0,3,29,93,68,0.1,0.1,0.6,0.1,0.1,1,0,0.5,0.409994848103685,1,0,0.5806451612903226
1,0,1,1,1,30,1,3,30,94,68,0.1,0.1,0.6,0.1,0.1,1,0,0.5,0.6030273601733754,0,0,0.574468085106383
1,1,0,0,1,20,0,3,31,95,68,0.1,0.1,0.6,0.1,0.1,1,0,0.5,0.40892529192313626,0,1,0.5789473684210527
1,0,0,0,0,2,0,3,32,96,68,0.1,0.1,0.6,0.1,0.1,1,0,0.5,0.40826376387877333,1,0,0.5729166666666666
1,1,0,0,0,4,0,1,1,1,69,0.1,0.1,0.6,0.1,0.1,1,0,0.5,0.5,1,0,0
0,1,0,0,1,19,0,1,2,2,69,0.1,0.1,0.6,0.1,0.1,1,0,0.5,0.5,1,0,0
1,0,0,1,0,10,0,1,3,3,69,0.1,0.1,0.6,0.1,0.1,1,0,0.5,0.5,0,1,0.3333333333333333
1,1,1,1,0,16,1,1,4,4,69,0.1,0.1,0.6,0.1,0.1,1,0,0.5,0.5,0,0,0.25
1,0,1,1,0,14,1,1,5,5,69,0.1,0.1,0.6,0.1,0.1,1,0,0.5,0.6652348413239394,0,0,0.2
1,1,1,0,1,24,1,1,6,6,69,0.1,0.1,0.6,0.1,0.1,1,0,0.5,0.6256441801579047,1,1,0.3333333333333333
0,0,1,0,0,5,0,1,7,7,69,0.1,0.1,0.6,0.1,0.1,1,0,0.5,0.6305219119955129,1,0,0.2857142857142857
0,0,1,1,0,13,0,1,8,8,69,0.1,0.1,0.6,0.1,0.1,1,0,0.5,0.5903823769420998,1,0,0.25
0,0,1,1,1,29,0,1,9,9,69,0.1,0.1,0.6,0.1,0.1,1,0,0.5,0.5618283626759019,1,0,0.2222222222222222
1,1,0,1,1,28,0,1,10,10,69,0.1,0.1,0.6,0.1,0.1,1,0,0.5,0.43945355079114434,1,0,0.2
0,1,1,1,0,15,0,1,11,11,69,0.1,0.1,0.6,0.1,0.1,1,0,0.5,0.5699029309747283,1,0,0.18181818181818182
0,0,0,0,1,17,0,1,12,12,69,0.1,0.1,0.6,0.1,0.1,1,0,0.5,0.3960557609504359,0,1,0.25
0,1,1,0,1,23,0,1,13,13,69,0.1,0.1,0.6,0.1,0.1,1,0,0.5,0.5577585722617691,0,1,0.3076923076923077
1,1,0,0,1,20,0,1,14,14,69,0.1,0.1,0.6,0.1,0.1,1,0,0.5,0.4241043493268546,0,1,0.35714285714285715
0,1,0,1,0,11,0,1,15,15,69,0.1,0.1,0.6,0.1,0.1,1,0,0.5,0.40953727309155796,0,1,0.4
0,0,0,1,0,9,0,1,16,16,69,0.1,0.1,0.6,0.1,0.1,1,0,0.5,0.3974721386117203,0,1,0.4375
1,1,0,1,0,12,0,1,17,17,69,0.1,0.1,0.6,0.1,0.1,1,0,0.5,0.42304648725052463,0,1,0.47058823529411764
0,1,1,0,0,7,0,1,18,18,69,0.1,0.1,0.6,0.1,0.1,1,0,0.5,0.5699527257222515,1,0,0.4444444444444444
0,0,1,0,1,21,0,1,19,19,69,0.1,0.1,0.6,0.1,0.1,1,0,0.5,0.5524852187107699,1,0,0.42105263157894735
0,0,0,1,1,25,0,1,20,20,69,0.1,0.1,0.6,0.1,0.1,1,0,0.5,0.3899608385311151,0,1,0.45
1,1,1,0,0,8,1,1,21,21,69,0.1,0.1,0.6,0.1,0.1,1,0,0.5,0.597502267508019,0,0,0.42857142857142855
1,0,1,1,1,30,1,1,22,22,69,0.1,0.1,0.6,0.1,0.1,1,0,0.5,0.5839375668962921,0,0,0.4090909090909091
1,0,1,0,0,6,1,1,23,23,69,0.1,0.1,0.6,0.1,0.1,1,0,0.5,0.5918964734411851,1,1,0.43478260869565216
0,1,0,0,0,3,0,1,24,24,69,0.1,0.1,0.6,0.1,0.1,1,0,0.5,0.3910447078999213,1,0,0.4166666666666667
0,0,0,0,0,1,0,1,25,25,69,0.1,0.1,0.6,0.1,0.1,1,0,0.5,0.3885220804295309,1,0,0.4
0,1,0,1,1,27,0,1,26,26,69,0.1,0.1,0.6,0.1,0.1,1,0,0.5,0.3779690801690698,0,1,0.4230769230769231
1,1,1,1,1,32,1,1,27,27,69,0.1,0.1,0.6,0.1,0.1,1,0,0.5,0.6020330938715268,0,0,0.4074074074074074
1,0,0,0,0,2,0,1,28,28,69,0.1,0.1,0.6,0.1,0.1,1,0,0.5,0.41085262060819455,0,1,0.42857142857142855
0,1,1,1,1,31,0,1,29,29,69,0.1,0.1,0.6,0.1,0.1,1,0,0.5,0.5738735126783465,1,0,0.41379310344827586
1,0,0,0,1,18,0,1,30,30,69,0.1,0.1,0.6,0.1,0.1,1,0,0.5,0.40967437997478134,1,0,0.4
1,0,1,0,1,22,1,1,31,31,69,0.1,0.1,0.6,0.1,0.1,1,0,0.5,0.5993805976988453,1,1,0.41935483870967744
1,0,0,1,1,26,0,1,32,32,69,0.1,0.1,0.6,0.1,0.1,1,0,0.5,0.41147595351954414,1,0,0.40625
0,1,0,1,0,11,0,2,1,33,69,0.1,0.1,0.6,0.1,0.1,1,0,0.5,0.37778415465979015,0,1,0.42424242424242425
1,0,0,1,1,26,0,2,2,34,69,0.1,0.1,0.6,0.1,0.1,1,0,0.5,0.40605598799601206,1,0,0.4117647058823529
0,0,0,0,0,1,0,2,3,35,69,0.1,0.1,0.6,0.1,0.1,1,0,0.5,0.37592092542379985,0,1,0.42857142857142855
0,0,1,0,1,21,0,2,4,36,69,0.1,0.1,0.6,0.1,0.1,1,0,0.5,0.5767476863778254,1,0,0.4166666666666667
0,0,0,1,1,25,0,2,5,37,69,0.1,0.1,0.6,0.1,0.1,1,0,0.5,0.3752764943577195,0,1,0.43243243243243246
0,1,0,1,1,27,0,2,6,38,69,0.1,0.1,0.6,0.1,0.1,1,0,0.5,0.3745367773816223,0,1,0.4473684210526316
0,0,1,0,0,5,0,2,7,39,69,0.1,0.1,0.6,0.1,0.1,1,0,0.5,0.5754467002686904,0,1,0.46153846153846156
0,0,1,1,0,13,0,2,8,40,69,0.1,0.1,0.6,0.1,0.1,1,0,0.5,0.570437631025777,0,1,0.475
1,1,1,1,0,16,1,2,9,41,69,0.1,0.1,0.6,0.1,0.1,1,0,0.5,0.6067605085901372,1,1,0.4878048780487805
0,1,0,0,1,19,0,2,10,42,69,0.1,0.1,0.6,0.1,0.1,1,0,0.5,0.37848620352584583,0,1,0.5
1,1,0,0,0,4,0,2,11,43,69,0.1,0.1,0.6,0.1,0.1,1,0,0.5,0.4117841275086576,0,1,0.5116279069767442
1,0,0,1,0,10,0,2,12,44,69,0.1,0.1,0.6,0.1,0.1,1,0,0.5,0.4077237905094502,1,0,0.5
1,1,0,1,1,28,0,2,13,45,69,0.1,0.1,0.6,0.1,0.1,1,0,0.5,0.4065423195130436,0,1,0.5111111111111111
1,1,1,0,0,8,1,2,14,46,69,0.1,0.1,0.6,0.1,0.1,1,0,0.5,0.6127910581042111,0,0,0.5
1,1,0,1,0,12,0,2,15,47,69,0.1,0.1,0.6,0.1,0.1,1,0,0.5,0.4077481022931812,0,1,0.5106382978723404
0,1,1,0,1,23,0,2,16,48,69,0.1,0.1,0.6,0.1,0.1,1,0,0.5,0.5783771414978812,0,1,0.5208333333333334
1,0,0,0,0,2,0,2,17,49,69,0.1,0.1,0.6,0.1,0.1,1,0,0.5,0.4056553813869876,0,1,0.5306122448979592
0,0,0,0,1,17,0,2,18,50,69,0.1,0.1,0.6,0.1,0.1,1,0,0.5,0.3715090165107517,0,1,0.54
0,0,1,1,1,29,0,2,19,51,69,0.1,0.1,0.6,0.1,0.1,1,0,0.5,0.5708397263506985,1,0,0.5294117647058824
1,1,1,0,1,24,1,2,20,52,69,0.1,0.1,0.6,0.1,0.1,1,0,0.5,0.6091390666068186,1,1,0.5384615384615384
0,1,1,0,0,7,0,2,21,53,69,0.1,0.1,0.6,0.1,0.1,1,0,0.5,0.5804641442409787,1,0,0.5283018867924528
1,1,0,0,1,20,0,2,22,54,69,0.1,0.1,0.6,0.1,0.1,1,0,0.5,0.41090681656964756,0,1,0.5370370370370371
0,0,0,1,0,9,0,2,23,55,69,0.1,0.1,0.6,0.1,0.1,1,0,0.5,0.3744037478633097,0,1,0.5454545454545454
1,0,0,0,1,18,0,2,24,56,69,0.1,0.1,0.6,0.1,0.1,1,0,0.5,0.4015133196706265,0,1,0.5535714285714286
1,0,1,0,1,22,1,2,25,57,69,0.1,0.1,0.6,0.1,0.1,1,0,0.5,0.6040650231007993,1,1,0.5614035087719298
1,0,1,1,0,14,1,2,26,58,69,0.1,0.1,0.6,0.1,0.1,1,0,0.5,0.6046933704817334,1,1,0.5689655172413793
0,1,0,0,0,3,0,2,27,59,69,0.1,0.1,0.6,0.1,0.1,1,0,0.5,0.3791552327111,1,0,0.559322033898305
0,1,1,1,1,31,0,2,28,60,69,0.1,0.1,0.6,0.1,0.1,1,0,0.5,0.5757631260785133,0,1,0.5666666666666667
1,1,1,1,1,32,1,2,29,61,69,0.1,0.1,0.6,0.1,0.1,1,0,0.5,0.6072209878984661,0,0,0.5573770491803278
1,0,1,0,0,6,1,2,30,62,69,0.1,0.1,0.6,0.1,0.1,1,0,0.5,0.605858058750064,0,0,0.5483870967741935
1,0,1,1,1,30,1,2,31,63,69,0.1,0.1,0.6,0.1,0.1,1,0,0.5,0.6051378564854777,1,1,0.5555555555555556
0,1,1,1,0,15,0,2,32,64,69,0.1,0.1,0.6,0.1,0.1,1,0,0.5,0.5739477303418907,0,1,0.5625
0,1,1,0,0,7,0,3,1,65,69,0.1,0.1,0.6,0.1,0.1,1,0,0.5,0.5702865629313707,0,1,0.5692307692307692
1,1,0,0,0,4,0,3,2,66,69,0.1,0.1,0.6,0.1,0.1,1,0,0.5,0.40813546356818403,0,1,0.5757575757575758
0,0,1,1,1,29,0,3,3,67,69,0.1,0.1,0.6,0.1,0.1,1,0,0.5,0.5708643543742019,0,1,0.582089552238806
0,1,0,1,1,27,0,3,4,68,69,0.1,0.1,0.6,0.1,0.1,1,0,0.5,0.3806303280884616,1,0,0.5735294117647058
1,0,1,1,0,14,1,3,5,69,69,0.1,0.1,0.6,0.1,0.1,1,0,0.5,0.6046539771119426,0,0,0.5652173913043478
1,0,0,1,1,26,0,3,6,70,69,0.1,0.1,0.6,0.1,0.1,1,0,0.5,0.409724103657491,1,0,0.5571428571428572
0,0,1,1,0,13,0,3,7,71,69,0.1,0.1,0.6,0.1,0.1,1,0,0.5,0.5718900146123893,1,0,0.5492957746478874
1,1,0,1,0,12,0,3,8,72,69,0.1,0.1,0.6,0.1,0.1,1,0,0.5,0.40937425791163884,1,0,0.5416666666666666
1,0,1,0,0,6,1,3,9,73,69,0.1,0.1,0.6,0.1,0.1,1,0,0.5,0.6050777374650753,1,1,0.547945205479452
1,1,1,0,1,24,1,3,10,74,69,0.1,0.1,0.6,0.1,0.1,1,0,0.5,0.6023243048769532,0,0,0.5405405405405406
1,1,1,1,0,16,1,3,11,75,69,0.1,0.1,0.6,0.1,0.1,1,0,0.5,0.6023017105315446,0,0,0.5333333333333333
1,0,0,0,0,2,0,3,12,76,69,0.1,0.1,0.6,0.1,0.1,1,0,0.5,0.41001032043748065,1,0,0.5263157894736842
0,1,0,0,1,19,0,3,13,77,69,0.1,0.1,0.6,0.1,0.1,1,0,0.5,0.37884254810539203,0,1,0.5324675324675324
1,1,1,1,1,32,1,3,14,78,69,0.1,0.1,0.6,0.1,0.1,1,0,0.5,0.6045288446895123,0,0,0.5256410256410257
1,1,1,0,0,8,1,3,15,79,69,0.1,0.1,0.6,0.1,0.1,1,0,0.5,0.6059662277432173,0,0,0.5189873417721519
0,1,1,1,1,31,0,3,16,80,69,0.1,0.1,0.6,0.1,0.1,1,0,0.5,0.5706379068227507,1,0,0.5125
0,1,0,1,0,11,0,3,17,81,69,0.1,0.1,0.6,0.1,0.1,1,0,0.5,0.3810014905467628,0,1,0.5185185185185185
0,1,1,1,0,15,0,3,18,82,69,0.1,0.1,0.6,0.1,0.1,1,0,0.5,0.5702875102461674,1,0,0.5121951219512195
1,0,1,0,1,22,1,3,19,83,69,0.1,0.1,0.6,0.1,0.1,1,0,0.5,0.603478479894001,1,1,0.5180722891566265
1,1,0,1,1,28,0,3,20,84,69,0.1,0.1,0.6,0.1,0.1,1,0,0.5,0.40728752481519287,1,0,0.5119047619047619
0,0,0,0,0,1,0,3,21,85,69,0.1,0.1,0.6,0.1,0.1,1,0,0.5,0.38180782738657393,1,0,0.5058823529411764
0,1,1,0,1,23,0,3,22,86,69,0.1,0.1,0.6,0.1,0.1,1,0,0.5,0.5708172034926735,1,0,0.5
1,0,1,1,1,30,1,3,23,87,69,0.1,0.1,0.6,0.1,0.1,1,0,0.5,0.6024403279747826,0,0,0.4942528735632184
0,0,0,0,1,17,0,3,24,88,69,0.1,0.1,0.6,0.1,0.1,1,0,0.5,0.38147747082725514,1,0,0.48863636363636365
0,0,0,1,1,25,0,3,25,89,69,0.1,0.1,0.6,0.1,0.1,1,0,0.5,0.3794392854195535,1,0,0.48314606741573035
0,0,1,0,0,5,0,3,26,90,69,0.1,0.1,0.6,0.1,0.1,1,0,0.5,0.5707990693423958,1,0,0.4777777777777778
1,0,0,1,0,10,0,3,27,91,69,0.1,0.1,0.6,0.1,0.1,1,0,0.5,0.4092016771885633,0,1,0.4835164835164835
1,0,0,0,1,18,0,3,28,92,69,0.1,0.1,0.6,0.1,0.1,1,0,0.5,0.4089690463257871,1,0,0.4782608695652174
0,0,1,0,1,21,0,3,29,93,69,0.1,0.1,0.6,0.1,0.1,1,0,0.5,0.5702367182062811,1,0,0.4731182795698925
0,1,0,0,0,3,0,3,30,94,69,0.1,0.1,0.6,0.1,0.1,1,0,0.5,0.3802965030499922,0,1,0.4787234042553192
1,1,0,0,1,20,0,3,31,95,69,0.1,0.1,0.6,0.1,0.1,1,0,0.5,0.4081789210633483,0,1,0.4842105263157895
0,0,0,1,0,9,0,3,32,96,69,0.1,0.1,0.6,0.1,0.1,1,0,0.5,0.37916387694470405,0,1,0.4895833333333333
0,1,1,0,0,7,0,1,1,1,70,0.1,0.1,0.6,0.1,0.1,1,0,0.5,0.5,0,1,1
1,0,0,0,1,18,0,1,2,2,70,0.1,0.1,0.6,0.1,0.1,1,0,0.5,0.5,0,1,1
0,0,1,1,1,29,0,1,3,3,70,0.1,0.1,0.6,0.1,0.1,1,0,0.5,0.5,0,1,1
0,1,1,0,1,23,0,1,4,4,70,0.1,0.1,0.6,0.1,0.1,1,0,0.5,0.5,0,1,1
0,1,0,0,1,19,0,1,5,5,70,0.1,0.1,0.6,0.1,0.1,1,0,0.5,0.5,1,0,0.8
0,1,0,1,0,11,0,1,6,6,70,0.1,0.1,0.6,0.1,0.1,1,0,0.5,0.5,1,0,0.6666666666666666
0,0,0,1,0,9,0,1,7,7,70,0.1,0.1,0.6,0.1,0.1,1,0,0.5,0.5,1,0,0.5714285714285714
0,0,0,0,1,17,0,1,8,8,70,0.1,0.1,0.6,0.1,0.1,1,0,0.5,0.5,0,1,0.625
0,1,0,0,0,3,0,1,9,9,70,0.1,0.1,0.6,0.1,0.1,1,0,0.5,0.5,0,1,0.6666666666666666
1,1,1,0,1,24,1,1,10,10,70,0.1,0.1,0.6,0.1,0.1,1,0,0.5,0.5,1,1,0.7
0,1,1,1,1,31,0,1,11,11,70,0.1,0.1,0.6,0.1,0.1,1,0,0.5,0.5781674947055397,0,1,0.7272727272727273
1,1,1,1,0,16,1,1,12,12,70,0.1,0.1,0.6,0.1,0.1,1,0,0.5,0.589750316205133,1,1,0.75
1,1,0,0,0,4,0,1,13,13,70,0.1,0.1,0.6,0.1,0.1,1,0,0.5,0.4307315151305646,1,0,0.6923076923076923
1,1,0,1,0,12,0,1,14,14,70,0.1,0.1,0.6,0.1,0.1,1,0,0.5,0.4288663125366281,1,0,0.6428571428571429
1,1,0,0,1,20,0,1,15,15,70,0.1,0.1,0.6,0.1,0.1,1,0,0.5,0.41668769554083424,0,1,0.6666666666666666
0,0,1,1,0,13,0,1,16,16,70,0.1,0.1,0.6,0.1,0.1,1,0,0.5,0.5712610593368875,1,0,0.625
1,0,1,1,0,14,1,1,17,17,70,0.1,0.1,0.6,0.1,0.1,1,0,0.5,0.5961329383103522,0,0,0.5882352941176471
1,0,0,0,0,2,0,1,18,18,70,0.1,0.1,0.6,0.1,0.1,1,0,0.5,0.407562972266725,1,0,0.5555555555555556
1,1,1,0,0,8,1,1,19,19,70,0.1,0.1,0.6,0.1,0.1,1,0,0.5,0.6052376267385113,1,1,0.5789473684210527
1,0,1,0,0,6,1,1,20,20,70,0.1,0.1,0.6,0.1,0.1,1,0,0.5,0.60637931483301,0,0,0.55
1,0,1,1,1,30,1,1,21,21,70,0.1,0.1,0.6,0.1,0.1,1,0,0.5,0.597652431533804,0,0,0.5238095238095238
1,1,1,1,1,32,1,1,22,22,70,0.1,0.1,0.6,0.1,0.1,1,0,0.5,0.6013400145489294,0,0,0.5
1,0,1,0,1,22,1,1,23,23,70,0.1,0.1,0.6,0.1,0.1,1,0,0.5,0.6017186475680688,0,0,0.4782608695652174
0,1,0,1,1,27,0,1,24,24,70,0.1,0.1,0.6,0.1,0.1,1,0,0.5,0.3800847615875369,0,1,0.5
0,0,0,1,1,25,0,1,25,25,70,0.1,0.1,0.6,0.1,0.1,1,0,0.5,0.3799474943579664,1,0,0.48
1,1,0,1,1,28,0,1,26,26,70,0.1,0.1,0.6,0.1,0.1,1,0,0.5,0.4022107874658768,1,0,0.46153846153846156
0,0,1,0,0,5,0,1,27,27,70,0.1,0.1,0.6,0.1,0.1,1,0,0.5,0.5843563166132512,1,0,0.4444444444444444
0,0,1,0,1,21,0,1,28,28,70,0.1,0.1,0.6,0.1,0.1,1,0,0.5,0.5735487594545386,1,0,0.42857142857142855
1,0,0,1,0,10,0,1,29,29,70,0.1,0.1,0.6,0.1,0.1,1,0,0.5,0.4139627324448237,0,1,0.4482758620689655
1,0,0,1,1,26,0,1,30,30,70,0.1,0.1,0.6,0.1,0.1,1,0,0.5,0.4079538702836394,0,1,0.4666666666666667
0,1,1,1,0,15,0,1,31,31,70,0.1,0.1,0.6,0.1,0.1,1,0,0.5,0.5754628924879208,1,0,0.45161290322580644
0,0,0,0,0,1,0,1,32,32,70,0.1,0.1,0.6,0.1,0.1,1,0,0.5,0.3820760093088855,1,0,0.4375
1,1,1,0,1,24,1,2,1,33,70,0.1,0.1,0.6,0.1,0.1,1,0,0.5,0.60603191345867935,0,0,0.42424242424242425
1,0,1,0,0,6,1,2,2,34,70,0.1,0.1,0.6,0.1,0.1,1,0,0.5,0.604638776354356,1,1,0.4411764705882353
0,1,0,0,0,3,0,2,3,35,70,0.1,0.1,0.6,0.1,0.1,1,0,0.5,0.38000170118150234,0,1,0.45714285714285713
0,0,1,0,1,21,0,2,4,36,70,0.1,0.1,0.6,0.1,0.1,1,0,0.5,0.5749254413356656,1,0,0.4444444444444444
1,1,1,0,0,8,1,2,5,37,70,0.1,0.1,0.6,0.1,0.1,1,0,0.5,0.6064225616671198,1,1,0.4594594594594595
0,1,0,1,1,27,0,2,6,38,70,0.1,0.1,0.6,0.1,0.1,1,0,0.5,0.3764761369306358,1,0,0.4473684210526316
1,0,1,1,1,30,1,2,7,39,70,0.1,0.1,0.6,0.1,0.1,1,0,0.5,0.6013682420906401,1,1,0.46153846153846156
1,0,1,0,1,22,1,2,8,40,70,0.1,0.1,0.6,0.1,0.1,1,0,0.5,0.6072885214574675,1,1,0.475
1,1,1,1,1,32,1,2,9,41,70,0.1,0.1,0.6,0.1,0.1,1,0,0.5,0.6038575945092342,0,0,0.4634146341463415
0,0,0,0,1,17,0,2,10,42,70,0.1,0.1,0.6,0.1,0.1,1,0,0.5,0.3802185808837631,1,0,0.4523809523809524
0,0,0,0,0,1,0,2,11,43,70,0.1,0.1,0.6,0.1,0.1,1,0,0.5,0.3752640238041975,0,1,0.46511627906976744
1,0,0,1,1,26,0,2,12,44,70,0.1,0.1,0.6,0.1,0.1,1,0,0.5,0.40634615564080245,1,0,0.45454545454545453
1,1,0,1,0,12,0,2,13,45,70,0.1,0.1,0.6,0.1,0.1,1,0,0.5,0.40219768849826254,1,0,0.4444444444444444
1,1,0,1,1,28,0,2,14,46,70,0.1,0.1,0.6,0.1,0.1,1,0,0.5,0.40202185252472833,0,1,0.45652173913043476
1,0,1,1,0,14,1,2,15,47,70,0.1,0.1,0.6,0.1,0.1,1,0,0.5,0.6111677417156696,1,1,0.46808510638297873
0,0,1,1,1,29,0,2,16,48,70,0.1,0.1,0.6,0.1,0.1,1,0,0.5,0.5791230840303053,0,1,0.4791666666666667
0,0,1,0,0,5,0,2,17,49,70,0.1,0.1,0.6,0.1,0.1,1,0,0.5,0.57684348912152,0,1,0.4897959183673469
0,1,0,1,0,11,0,2,18,50,70,0.1,0.1,0.6,0.1,0.1,1,0,0.5,0.3745970980236235,0,1,0.5
0,0,0,1,1,25,0,2,19,51,70,0.1,0.1,0.6,0.1,0.1,1,0,0.5,0.37507430497347133,0,1,0.5098039215686274
1,0,0,0,0,2,0,2,20,52,70,0.1,0.1,0.6,0.1,0.1,1,0,0.5,0.4063618955406096,0,1,0.5192307692307693
0,1,1,1,1,31,0,2,21,53,70,0.1,0.1,0.6,0.1,0.1,1,0,0.5,0.5761432479504396,1,0,0.5094339622641509
0,1,1,0,1,23,0,2,22,54,70,0.1,0.1,0.6,0.1,0.1,1,0,0.5,0.5743592389612122,1,0,0.5
1,0,0,0,1,18,0,2,23,55,70,0.1,0.1,0.6,0.1,0.1,1,0,0.5,0.40955379424322214,0,1,0.509090909090909
1,1,0,0,1,20,0,2,24,56,70,0.1,0.1,0.6,0.1,0.1,1,0,0.5,0.40681706431520187,1,0,0.5
0,0,1,1,0,13,0,2,25,57,70,0.1,0.1,0.6,0.1,0.1,1,0,0.5,0.5742085248478718,1,0,0.49122807017543857
1,1,1,1,0,16,1,2,26,58,70,0.1,0.1,0.6,0.1,0.1,1,0,0.5,0.6055740607919431,1,1,0.5
0,1,1,1,0,15,0,2,27,59,70,0.1,0.1,0.6,0.1,0.1,1,0,0.5,0.572426332747582,0,1,0.5084745762711864
1,0,0,1,0,10,0,2,28,60,70,0.1,0.1,0.6,0.1,0.1,1,0,0.5,0.4095418593708346,0,1,0.5166666666666667
0,1,1,0,0,7,0,2,29,61,70,0.1,0.1,0.6,0.1,0.1,1,0,0.5,0.5711043483906204,1,0,0.5081967213114754
0,1,0,0,1,19,0,2,30,62,70,0.1,0.1,0.6,0.1,0.1,1,0,0.5,0.38106321300821283,1,0,0.5
1,1,0,0,0,4,0,2,31,63,70,0.1,0.1,0.6,0.1,0.1,1,0,0.5,0.4094737413920412,1,0,0.49206349206349204
0,0,0,1,0,9,0,2,32,64,70,0.1,0.1,0.6,0.1,0.1,1,0,0.5,0.3798723102369313,0,1,0.5
0,1,0,0,1,19,0,3,1,65,70,0.1,0.1,0.6,0.1,0.1,1,0,0.5,0.37778415465979015,1,0,0.49230769230769234
0,1,1,0,0,7,0,3,2,66,70,0.1,0.1,0.6,0.1,0.1,1,0,0.5,0.5710725821774204,0,1,0.5
1,0,1,1,1,30,1,3,3,67,70,0.1,0.1,0.6,0.1,0.1,1,0,0.5,0.6064264030721512,1,1,0.5074626865671642
0,0,0,1,1,25,0,3,4,68,70,0.1,0.1,0.6,0.1,0.1,1,0,0.5,0.38121130742401815,0,1,0.5147058823529411
1,0,0,0,1,18,0,3,5,69,70,0.1,0.1,0.6,0.1,0.1,1,0,0.5,0.407623409887371,1,0,0.5072463768115942
1,1,0,1,0,12,0,3,6,70,70,0.1,0.1,0.6,0.1,0.1,1,0,0.5,0.4066330728613875,0,1,0.5142857142857142
1,1,1,0,1,24,1,3,7,71,70,0.1,0.1,0.6,0.1,0.1,1,0,0.5,0.6064241326269033,1,1,0.5211267605633803
1,1,0,1,1,28,0,3,8,72,70,0.1,0.1,0.6,0.1,0.1,1,0,0.5,0.4059774705093591,0,1,0.5277777777777778
0,1,1,1,0,15,0,3,9,73,70,0.1,0.1,0.6,0.1,0.1,1,0,0.5,0.5720898842962432,1,0,0.5205479452054794
1,1,0,0,0,4,0,3,10,74,70,0.1,0.1,0.6,0.1,0.1,1,0,0.5,0.4046014729464927,0,1,0.527027027027027
0,0,1,0,1,21,0,3,11,75,70,0.1,0.1,0.6,0.1,0.1,1,0,0.5,0.5751720226018691,1,0,0.52
0,1,1,1,1,31,0,3,12,76,70,0.1,0.1,0.6,0.1,0.1,1,0,0.5,0.5716211157161972,0,1,0.5263157894736842
0,1,0,0,0,3,0,3,13,77,70,0.1,0.1,0.6,0.1,0.1,1,0,0.5,0.37809815200501173,0,1,0.5324675324675324
1,1,0,0,1,20,0,3,14,78,70,0.1,0.1,0.6,0.1,0.1,1,0,0.5,0.40729199695015844,1,0,0.5256410256410257
1,0,1,0,1,22,1,3,15,79,70,0.1,0.1,0.6,0.1,0.1,1,0,0.5,0.6074741588433408,1,1,0.5316455696202531
1,0,1,0,0,6,1,3,16,80,70,0.1,0.1,0.6,0.1,0.1,1,0,0.5,0.606233920970847,1,1,0.5375
0,0,0,0,1,17,0,3,17,81,70,0.1,0.1,0.6,0.1,0.1,1,0,0.5,0.38196034224933906,1,0,0.5308641975308642
1,0,0,1,1,26,0,3,18,82,70,0.1,0.1,0.6,0.1,0.1,1,0,0.5,0.4079170883750655,1,0,0.524390243902439
0,1,1,0,1,23,0,3,19,83,70,0.1,0.1,0.6,0.1,0.1,1,0,0.5,0.5719412565176872,0,1,0.5301204819277109
1,1,1,1,1,32,1,3,20,84,70,0.1,0.1,0.6,0.1,0.1,1,0,0.5,0.6031583435862059,0,0,0.5238095238095238
0,0,0,0,0,1,0,3,21,85,70,0.1,0.1,0.6,0.1,0.1,1,0,0.5,0.3790236565233571,1,0,0.5176470588235295
0,0,1,1,0,13,0,3,22,86,70,0.1,0.1,0.6,0.1,0.1,1,0,0.5,0.5720224571456661,1,0,0.5116279069767442
1,0,0,1,0,10,0,3,23,87,70,0.1,0.1,0.6,0.1,0.1,1,0,0.5,0.4072865877896476,0,1,0.5172413793103449
1,0,1,1,0,14,1,3,24,88,70,0.1,0.1,0.6,0.1,0.1,1,0,0.5,0.6050446190803359,1,1,0.5227272727272727
0,1,0,1,1,27,0,3,25,89,70,0.1,0.1,0.6,0.1,0.1,1,0,0.5,0.3781271953488116,0,1,0.5280898876404494
0,0,1,0,0,5,0,3,26,90,70,0.1,0.1,0.6,0.1,0.1,1,0,0.5,0.5723114622218592,1,0,0.5222222222222223
1,1,1,0,0,8,1,3,27,91,70,0.1,0.1,0.6,0.1,0.1,1,0,0.5,0.6023983371910475,1,1,0.5274725274725275
0,0,0,1,0,9,0,3,28,92,70,0.1,0.1,0.6,0.1,0.1,1,0,0.5,0.37923514623455157,1,0,0.5217391304347826
1,1,1,1,0,16,1,3,29,93,70,0.1,0.1,0.6,0.1,0.1,1,0,0.5,0.604401656891807,1,1,0.5268817204301075
1,0,0,0,0,2,0,3,30,94,70,0.1,0.1,0.6,0.1,0.1,1,0,0.5,0.4071102738242076,1,0,0.5212765957446809
0,1,0,1,0,11,0,3,31,95,70,0.1,0.1,0.6,0.1,0.1,1,0,0.5,0.3779559112554614,0,1,0.5263157894736842
0,0,1,1,1,29,0,3,32,96,70,0.1,0.1,0.6,0.1,0.1,1,0,0.5,0.5727049045873246,0,1,0.53125
1,0,1,1,1,30,1,1,1,1,71,0.1,0.1,0.6,0.1,0.1,2,0.6931471805599453,0.5,0.5,0,0,0
0,1,1,1,1,31,0,1,2,2,71,0.1,0.1,0.6,0.1,0.1,2,0.6931471805599453,0.5,0.5,0,1,0.5
0,1,0,0,1,19,0,1,3,3,71,0.1,0.1,0.6,0.1,0.1,2,0.6931471805599453,0.5,0.4013123398875479,0,1,0.6666666666666666
0,0,1,0,0,5,0,1,4,4,71,0.1,0.1,0.6,0.1,0.1,2,0.6931471805599453,0.5,0.5938454849513094,1,0,0.5
1,1,1,1,1,32,1,1,5,5,71,0.1,0.1,0.6,0.1,0.1,2,0.6931471805599453,0.5,0.6255984109420223,1,1,0.6
1,1,1,0,1,24,1,1,6,6,71,0.1,0.1,0.6,0.1,0.1,2,0.6931471805599453,0.5,0.6037826814530574,0,0,0.5
1,0,1,1,0,14,1,1,7,7,71,0.1,0.1,0.6,0.1,0.1,2,0.6931471805599453,0.5,0.6007265788702226,1,1,0.5714285714285714
1,0,0,1,1,26,0,1,8,8,71,0.1,0.1,0.6,0.1,0.1,2,0.6931471805599453,0.5,0.4492570151253384,0,1,0.625
0,1,0,1,0,11,0,1,9,9,71,0.1,0.1,0.6,0.1,0.1,2,0.6931471805599453,0.5,0.30573935378359024,0,1,0.6666666666666666
1,0,0,0,1,18,0,1,10,10,71,0.1,0.1,0.6,0.1,0.1,2,0.6931471805599453,0.5,0.32719470095153846,0,1,0.7
0,1,1,0,0,7,0,1,11,11,71,0.1,0.1,0.6,0.1,0.1,2,0.6931471805599453,0.5,0.5929817325192015,0,1,0.7272727272727273
1,1,1,0,0,8,1,1,12,12,71,0.1,0.1,0.6,0.1,0.1,2,0.6931471805599453,0.5,0.6278765852254242,0,0,0.6666666666666666
1,1,1,1,0,16,1,1,13,13,71,0.1,0.1,0.6,0.1,0.1,2,0.6931471805599453,0.5,0.6657681868151153,1,1,0.6923076923076923
0,0,0,0,0,1,0,1,14,14,71,0.1,0.1,0.6,0.1,0.1,2,0.6931471805599453,0.5,0.2695142347187016,0,1,0.7142857142857143
0,0,1,1,0,13,0,1,15,15,71,0.1,0.1,0.6,0.1,0.1,2,0.6931471805599453,0.5,0.6080806732886174,1,0,0.6666666666666666
0,1,0,1,1,27,0,1,16,16,71,0.1,0.1,0.6,0.1,0.1,2,0.6931471805599453,0.5,0.29327625420551345,0,1,0.6875
1,1,0,1,0,12,0,1,17,17,71,0.1,0.1,0.6,0.1,0.1,2,0.6931471805599453,0.5,0.3447454655283071,0,1,0.7058823529411765
0,1,1,0,1,23,0,1,18,18,71,0.1,0.1,0.6,0.1,0.1,2,0.6931471805599453,0.5,0.6101985766444394,1,0,0.6666666666666666
0,1,1,1,0,15,0,1,19,19,71,0.1,0.1,0.6,0.1,0.1,2,0.6931471805599453,0.5,0.5972976013307878,0,1,0.6842105263157895
1,1,0,0,0,4,0,1,20,20,71,0.1,0.1,0.6,0.1,0.1,2,0.6931471805599453,0.5,0.3382140480435061,0,1,0.7
0,0,0,1,0,9,0,1,21,21,71,0.1,0.1,0.6,0.1,0.1,2,0.6931471805599453,0.5,0.28119706134843714,0,1,0.7142857142857143
0,0,0,0,1,17,0,1,22,22,71,0.1,0.1,0.6,0.1,0.1,2,0.6931471805599453,0.5,0.2622746748072532,0,1,0.7272727272727273
1,0,0,1,0,10,0,1,23,23,71,0.1,0.1,0.6,0.1,0.1,2,0.6931471805599453,0.5,0.3179193789765027,0,1,0.7391304347826086
1,1,0,0,1,20,0,1,24,24,71,0.1,0.1,0.6,0.1,0.1,2,0.6931471805599453,0.5,0.31632454610829963,1,0,0.7083333333333334
0,0,0,1,1,25,0,1,25,25,71,0.1,0.1,0.6,0.1,0.1,2,0.6931471805599453,0.5,0.2619118530299577,0,1,0.72
0,0,1,1,1,29,0,1,26,26,71,0.1,0.1,0.6,0.1,0.1,2,0.6931471805599453,0.5,0.6277338344286718,1,0,0.6923076923076923
0,0,1,0,1,21,0,1,27,27,71,0.1,0.1,0.6,0.1,0.1,2,0.6931471805599453,0.5,0.5966897757821368,1,0,0.6666666666666666
1,0,1,0,1,22,1,1,28,28,71,0.1,0.1,0.6,0.1,0.1,2,0.6931471805599453,0.5,0.6588333069729281,1,1,0.6785714285714286
1,1,0,1,1,28,0,1,29,29,71,0.1,0.1,0.6,0.1,0.1,2,0.6931471805599453,0.5,0.32356812856762274,0,1,0.6896551724137931
0,1,0,0,0,3,0,1,30,30,71,0.1,0.1,0.6,0.1,0.1,2,0.6931471805599453,0.5,0.26655730916387016,0,1,0.7
1,0,1,0,0,6,1,1,31,31,71,0.1,0.1,0.6,0.1,0.1,2,0.6931471805599453,0.5,0.6754303158456649,1,1,0.7096774193548387
1,0,0,0,0,2,0,1,32,32,71,0.1,0.1,0.6,0.1,0.1,2,0.6931471805599453,0.5,0.3131724674980448,0,1,0.71875
0,0,1,0,0,5,0,2,1,33,71,0.1,0.1,0.6,0.1,0.1,2,0.6931471805599453,0.5,0.613437168023677,0,1,0.7272727272727273
0,0,1,1,0,13,0,2,2,34,71,0.1,0.1,0.6,0.1,0.1,2,0.6931471805599453,0.5,0.6030838357957495,0,1,0.7352941176470589
1,1,0,1,1,28,0,2,3,35,71,0.1,0.1,0.6,0.1,0.1,2,0.6931471805599453,0.5,0.3163619019932182,0,1,0.7428571428571429
0,0,0,0,1,17,0,2,4,36,71,0.1,0.1,0.6,0.1,0.1,2,0.6931471805599453,0.5,0.2669255246139463,0,1,0.75
1,1,0,0,0,4,0,2,5,37,71,0.1,0.1,0.6,0.1,0.1,2,0.6931471805599453,0.5,0.31159307674307385,1,0,0.7297297297297297
1,1,1,1,1,32,1,2,6,38,71,0.1,0.1,0.6,0.1,0.1,2,0.6931471805599453,0.5,0.6880464153357169,1,1,0.7368421052631579
1,1,0,1,0,12,0,2,7,39,71,0.1,0.1,0.6,0.1,0.1,2,0.6931471805599453,0.5,0.3083461517852377,0,1,0.7435897435897436
1,0,1,1,0,14,1,2,8,40,71,0.1,0.1,0.6,0.1,0.1,2,0.6931471805599453,0.5,0.6792249958675567,0,0,0.725
0,1,1,1,0,15,0,2,9,41,71,0.1,0.1,0.6,0.1,0.1,2,0.6931471805599453,0.5,0.6180702212200689,0,1,0.7317073170731707
0,0,0,1,0,9,0,2,10,42,71,0.1,0.1,0.6,0.1,0.1,2,0.6931471805599453,0.5,0.26876912228948935,0,1,0.7380952380952381
0,0,0,0,0,1,0,2,11,43,71,0.1,0.1,0.6,0.1,0.1,2,0.6931471805599453,0.5,0.257402125480702,1,0,0.7209302325581395
0,1,0,1,1,27,0,2,12,44,71,0.1,0.1,0.6,0.1,0.1,2,0.6931471805599453,0.5,0.26560660766571076,0,1,0.7272727272727273
0,1,1,0,0,7,0,2,13,45,71,0.1,0.1,0.6,0.1,0.1,2,0.6931471805599453,0.5,0.610135813637383,1,0,0.7111111111111111
0,0,1,0,1,21,0,2,14,46,71,0.1,0.1,0.6,0.1,0.1,2,0.6931471805599453,0.5,0.6107195241094082,0,1,0.717391304347826
0,1,1,0,1,23,0,2,15,47,71,0.1,0.1,0.6,0.1,0.1,2,0.6931471805599453,0.5,0.6040032809950386,1,0,0.7021276595744681
1,0,1,1,1,30,1,2,16,48,71,0.1,0.1,0.6,0.1,0.1,2,0.6931471805599453,0.5,0.6846665205141629,1,1,0.7083333333333334
1,0,1,0,1,22,1,2,17,49,71,0.1,0.1,0.6,0.1,0.1,2,0.6931471805599453,0.5,0.6744162168117158,1,1,0.7142857142857143
0,1,0,1,0,11,0,2,18,50,71,0.1,0.1,0.6,0.1,0.1,2,0.6931471805599453,0.5,0.26068106322267554,0,1,0.72
1,0,0,0,0,2,0,2,19,51,71,0.1,0.1,0.6,0.1,0.1,2,0.6931471805599453,0.5,0.3103712472222219,1,0,0.7058823529411765
0,0,0,1,1,25,0,2,20,52,71,0.1,0.1,0.6,0.1,0.1,2,0.6931471805599453,0.5,0.27482002971515984,1,0,0.6923076923076923
1,1,1,0,0,8,1,2,21,53,71,0.1,0.1,0.6,0.1,0.1,2,0.6931471805599453,0.5,0.6684332434991462,1,1,0.6981132075471698
1,0,1,0,0,6,1,2,22,54,71,0.1,0.1,0.6,0.1,0.1,2,0.6931471805599453,0.5,0.6777291087587844,0,0,0.6851851851851852
0,1,0,0,0,3,0,2,23,55,71,0.1,0.1,0.6,0.1,0.1,2,0.6931471805599453,0.5,0.2576254216171384,1,0,0.6727272727272727
1,1,0,0,1,20,0,2,24,56,71,0.1,0.1,0.6,0.1,0.1,2,0.6931471805599453,0.5,0.3070527319641062,0,1,0.6785714285714286
1,1,1,0,1,24,1,2,25,57,71,0.1,0.1,0.6,0.1,0.1,2,0.6931471805599453,0.5,0.6839767112184764,1,1,0.6842105263157895
0,1,0,0,1,19,0,2,26,58,71,0.1,0.1,0.6,0.1,0.1,2,0.6931471805599453,0.5,0.2594656894038556,0,1,0.6896551724137931
0,0,1,1,1,29,0,2,27,59,71,0.1,0.1,0.6,0.1,0.1,2,0.6931471805599453,0.5,0.6227495378058522,1,0,0.6779661016949152
1,0,0,0,1,18,0,2,28,60,71,0.1,0.1,0.6,0.1,0.1,2,0.6931471805599453,0.5,0.31370092639945035,0,1,0.6833333333333333
1,0,0,1,1,26,0,2,29,61,71,0.1,0.1,0.6,0.1,0.1,2,0.6931471805599453,0.5,0.31019875992508844,0,1,0.6885245901639344
0,1,1,1,1,31,0,2,30,62,71,0.1,0.1,0.6,0.1,0.1,2,0.6931471805599453,0.5,0.6172534676458423,0,1,0.6935483870967742
1,1,1,1,0,16,1,2,31,63,71,0.1,0.1,0.6,0.1,0.1,2,0.6931471805599453,0.5,0.6809563228080496,0,0,0.6825396825396826
1,0,0,1,0,10,0,2,32,64,71,0.1,0.1,0.6,0.1,0.1,2,0.6931471805599453,0.5,0.30860347774719565,0,1,0.6875
0,1,1,1,0,15,0,3,1,65,71,0.1,0.1,0.6,0.1,0.1,2,0.6931471805599453,0.5,0.613437168023677,1,0,0.676923076923077
1,1,1,1,1,32,1,3,2,66,71,0.1,0.1,0.6,0.1,0.1,2,0.6931471805599453,0.5,0.6828722068010837,1,1,0.6818181818181818
0,0,1,1,0,13,0,3,3,67,71,0.1,0.1,0.6,0.1,0.1,2,0.6931471805599453,0.5,0.6065823301319,1,0,0.6716417910447762
1,1,1,0,1,24,1,3,4,68,71,0.1,0.1,0.6,0.1,0.1,2,0.6931471805599453,0.5,0.6842637792136154,1,1,0.6764705882352942
1,0,1,0,1,22,1,3,5,69,71,0.1,0.1,0.6,0.1,0.1,2,0.6931471805599453,0.5,0.6828987192840976,1,1,0.6811594202898551
1,1,0,0,0,4,0,3,6,70,71,0.1,0.1,0.6,0.1,0.1,2,0.6931471805599453,0.5,0.3084644212022404,1,0,0.6714285714285714
0,0,0,1,1,25,0,3,7,71,71,0.1,0.1,0.6,0.1,0.1,2,0.6931471805599453,0.5,0.26442025030381705,0,1,0.676056338028169
1,0,1,0,0,6,1,3,8,72,71,0.1,0.1,0.6,0.1,0.1,2,0.6931471805599453,0.5,0.6805759675566195,1,1,0.6805555555555556
0,0,1,0,1,21,0,3,9,73,71,0.1,0.1,0.6,0.1,0.1,2,0.6931471805599453,0.5,0.6171826406300588,0,1,0.684931506849315
1,1,1,0,0,8,1,3,10,74,71,0.1,0.1,0.6,0.1,0.1,2,0.6931471805599453,0.5,0.680838301260704,1,1,0.6891891891891891
1,1,0,0,1,20,0,3,11,75,71,0.1,0.1,0.6,0.1,0.1,2,0.6931471805599453,0.5,0.3149240142452636,0,1,0.6933333333333334
0,0,1,1,1,29,0,3,12,76,71,0.1,0.1,0.6,0.1,0.1,2,0.6931471805599453,0.5,0.6033698714114641,1,0,0.6842105263157895
0,0,0,0,0,1,0,3,13,77,71,0.1,0.1,0.6,0.1,0.1,2,0.6931471805599453,0.5,0.26615584607752324,1,0,0.6753246753246753
0,1,0,1,1,27,0,3,14,78,71,0.1,0.1,0.6,0.1,0.1,2,0.6931471805599453,0.5,0.2630986838160174,0,1,0.6794871794871795
1,0,0,1,0,10,0,3,15,79,71,0.1,0.1,0.6,0.1,0.1,2,0.6931471805599453,0.5,0.30451186858743823,0,1,0.6835443037974683
1,1,0,1,0,12,0,3,16,80,71,0.1,0.1,0.6,0.1,0.1,2,0.6931471805599453,0.5,0.3036987544086866,0,1,0.6875
0,0,0,1,0,9,0,3,17,81,71,0.1,0.1,0.6,0.1,0.1,2,0.6931471805599453,0.5,0.25435931193492556,1,0,0.6790123456790124
0,1,0,0,0,3,0,3,18,82,71,0.1,0.1,0.6,0.1,0.1,2,0.6931471805599453,0.5,0.26221191616074596,1,0,0.6707317073170732
0,1,1,1,1,31,0,3,19,83,71,0.1,0.1,0.6,0.1,0.1,2,0.6931471805599453,0.5,0.6148145214368725,1,0,0.6626506024096386
0,0,0,0,1,17,0,3,20,84,71,0.1,0.1,0.6,0.1,0.1,2,0.6931471805599453,0.5,0.2640380151935734,0,1,0.6666666666666666
1,0,1,1,1,30,1,3,21,85,71,0.1,0.1,0.6,0.1,0.1,2,0.6931471805599453,0.5,0.6817521781276001,0,0,0.6588235294117647
1,1,1,1,0,16,1,3,22,86,71,0.1,0.1,0.6,0.1,0.1,2,0.6931471805599453,0.5,0.6820257919440272,1,1,0.6627906976744186
0,1,0,1,0,11,0,3,23,87,71,0.1,0.1,0.6,0.1,0.1,2,0.6931471805599453,0.5,0.2565625132843997,1,0,0.6551724137931034
1,0,0,0,0,2,0,3,24,88,71,0.1,0.1,0.6,0.1,0.1,2,0.6931471805599453,0.5,0.30390612515129567,1,0,0.6477272727272727
0,1,1,0,0,7,0,3,25,89,71,0.1,0.1,0.6,0.1,0.1,2,0.6931471805599453,0.5,0.6205685963038684,1,0,0.6404494382022472
1,0,1,1,0,14,1,3,26,90,71,0.1,0.1,0.6,0.1,0.1,2,0.6931471805599453,0.5,0.6825019749771356,1,1,0.6444444444444445
0,1,1,0,1,23,0,3,27,91,71,0.1,0.1,0.6,0.1,0.1,2,0.6931471805599453,0.5,0.6154136392975941,0,1,0.6483516483516484
1,0,0,1,1,26,0,3,28,92,71,0.1,0.1,0.6,0.1,0.1,2,0.6931471805599453,0.5,0.3090781351853496,0,1,0.6521739130434783
0,0,1,0,0,5,0,3,29,93,71,0.1,0.1,0.6,0.1,0.1,2,0.6931471805599453,0.5,0.6133223105765812,0,1,0.6559139784946236
1,0,0,0,1,18,0,3,30,94,71,0.1,0.1,0.6,0.1,0.1,2,0.6931471805599453,0.5,0.30908853968684435,1,0,0.648936170212766
0,1,0,0,1,19,0,3,31,95,71,0.1,0.1,0.6,0.1,0.1,2,0.6931471805599453,0.5,0.2618643948122026,0,1,0.6526315789473685
1,1,0,1,1,28,0,3,32,96,71,0.1,0.1,0.6,0.1,0.1,2,0.6931471805599453,0.5,0.3071518367876193,0,1,0.65625
0,0,1,1,1,29,0,1,1,1,72,0.1,0.1,0.6,0.1,0.1,2,0.6931471805599453,0.5,0.5,1,0,0
1,1,0,0,1,20,0,1,2,2,72,0.1,0.1,0.6,0.1,0.1,2,0.6931471805599453,0.5,0.5,0,1,0.5
0,0,0,1,0,9,0,1,3,3,72,0.1,0.1,0.6,0.1,0.1,2,0.6931471805599453,0.5,0.5,0,1,0.6666666666666666
0,1,0,0,1,19,0,1,4,4,72,0.1,0.1,0.6,0.1,0.1,2,0.6931471805599453,0.5,0.5,0,1,0.75
1,1,1,1,1,32,1,1,5,5,72,0.1,0.1,0.6,0.1,0.1,2,0.6931471805599453,0.5,0.5,0,0,0.6
0,0,0,0,0,1,0,1,6,6,72,0.1,0.1,0.6,0.1,0.1,2,0.6931471805599453,0.5,0.1946500004234281,0,1,0.6666666666666666
1,0,1,0,1,22,1,1,7,7,72,0.1,0.1,0.6,0.1,0.1,2,0.6931471805599453,0.5,0.6928216224795436,1,1,0.7142857142857143
1,0,1,0,0,6,1,1,8,8,72,0.1,0.1,0.6,0.1,0.1,2,0.6931471805599453,0.5,0.7147399477643058,0,0,0.625
1,0,0,0,1,18,0,1,9,9,72,0.1,0.1,0.6,0.1,0.1,2,0.6931471805599453,0.5,0.3003875274397737,1,0,0.5555555555555556
1,1,0,1,0,12,0,1,10,10,72,0.1,0.1,0.6,0.1,0.1,2,0.6931471805599453,0.5,0.28027313596489845,1,0,0.5
1,1,1,0,1,24,1,1,11,11,72,0.1,0.1,0.6,0.1,0.1,2,0.6931471805599453,0.5,0.7447318085028283,1,1,0.5454545454545454
0,0,1,0,0,5,0,1,12,12,72,0.1,0.1,0.6,0.1,0.1,2,0.6931471805599453,0.5,0.6903290883150631,1,0,0.5
0,1,1,1,1,31,0,1,13,13,72,0.1,0.1,0.6,0.1,0.1,2,0.6931471805599453,0.5,0.6610642848065413,1,0,0.46153846153846156
1,1,1,0,0,8,1,1,14,14,72,0.1,0.1,0.6,0.1,0.1,2,0.6931471805599453,0.5,0.6955745989725001,1,1,0.5
0,1,0,0,0,3,0,1,15,15,72,0.1,0.1,0.6,0.1,0.1,2,0.6931471805599453,0.5,0.26848574048786206,0,1,0.5333333333333333
0,1,1,0,1,23,0,1,16,16,72,0.1,0.1,0.6,0.1,0.1,2,0.6931471805599453,0.5,0.6469032915587736,1,0,0.5
1,0,1,1,1,30,1,1,17,17,72,0.1,0.1,0.6,0.1,0.1,2,0.6931471805599453,0.5,0.6652212580962055,0,0,0.47058823529411764
1,1,1,1,0,16,1,1,18,18,72,0.1,0.1,0.6,0.1,0.1,2,0.6931471805599453,0.5,0.6741383835994768,1,1,0.5
1,0,1,1,0,14,1,1,19,19,72,0.1,0.1,0.6,0.1,0.1,2,0.6931471805599453,0.5,0.6804451732528672,0,0,0.47368421052631576
0,0,1,0,1,21,0,1,20,20,72,0.1,0.1,0.6,0.1,0.1,2,0.6931471805599453,0.5,0.5951320266887521,1,0,0.45
0,1,1,1,0,15,0,1,21,21,72,0.1,0.1,0.6,0.1,0.1,2,0.6931471805599453,0.5,0.6050479873086433,1,0,0.42857142857142855
1,0,0,1,1,26,0,1,22,22,72,0.1,0.1,0.6,0.1,0.1,2,0.6931471805599453,0.5,0.347740935926227,1,0,0.4090909090909091
0,1,1,0,0,7,0,1,23,23,72,0.1,0.1,0.6,0.1,0.1,2,0.6931471805599453,0.5,0.5877269614312719,1,0,0.391304347826087
0,0,0,1,1,25,0,1,24,24,72,0.1,0.1,0.6,0.1,0.1,2,0.6931471805599453,0.5,0.2884926460021236,1,0,0.375
0,0,1,1,0,13,0,1,25,25,72,0.1,0.1,0.6,0.1,0.1,2,0.6931471805599453,0.5,0.5887155700281518,1,0,0.36
1,1,0,0,0,4,0,1,26,26,72,0.1,0.1,0.6,0.1,0.1,2,0.6931471805599453,0.5,0.3393039382199001,0,1,0.38461538461538464
0,1,0,1,0,11,0,1,27,27,72,0.1,0.1,0.6,0.1,0.1,2,0.6931471805599453,0.5,0.2820540615937293,1,0,0.37037037037037035
1,0,0,1,0,10,0,1,28,28,72,0.1,0.1,0.6,0.1,0.1,2,0.6931471805599453,0.5,0.32746425901461435,1,0,0.35714285714285715
0,0,0,0,1,17,0,1,29,29,72,0.1,0.1,0.6,0.1,0.1,2,0.6931471805599453,0.5,0.27325337732964033,1,0,0.3448275862068966
0,1,0,1,1,27,0,1,30,30,72,0.1,0.1,0.6,0.1,0.1,2,0.6931471805599453,0.5,0.2708173020701827,0,1,0.36666666666666664
1,1,0,1,1,28,0,1,31,31,72,0.1,0.1,0.6,0.1,0.1,2,0.6931471805599453,0.5,0.314200809445874,1,0,0.3548387096774194
1,0,0,0,0,2,0,1,32,32,72,0.1,0.1,0.6,0.1,0.1,2,0.6931471805599453,0.5,0.3131724674980448,0,1,0.375
0,0,0,0,0,1,0,2,1,33,72,0.1,0.1,0.6,0.1,0.1,2,0.6931471805599453,0.5,0.2586938454258733,1,0,0.36363636363636365
0,0,1,1,0,13,0,2,2,34,72,0.1,0.1,0.6,0.1,0.1,2,0.6931471805599453,0.5,0.6169132253356734,1,0,0.35294117647058826
0,1,0,0,0,3,0,2,3,35,72,0.1,0.1,0.6,0.1,0.1,2,0.6931471805599453,0.5,0.2592802978145538,0,1,0.37142857142857144
0,0,1,0,1,21,0,2,4,36,72,0.1,0.1,0.6,0.1,0.1,2,0.6931471805599453,0.5,0.6144602211457025,1,0,0.3611111111111111
1,0,0,0,1,18,0,2,5,37,72,0.1,0.1,0.6,0.1,0.1,2,0.6931471805599453,0.5,0.3109102432915054,0,1,0.3783783783783784
1,1,0,1,0,12,0,2,6,38,72,0.1,0.1,0.6,0.1,0.1,2,0.6931471805599453,0.5,0.3113206612556666,1,0,0.3684210526315789
1,0,0,1,1,26,0,2,7,39,72,0.1,0.1,0.6,0.1,0.1,2,0.6931471805599453,0.5,0.3073110825562684,0,1,0.38461538461538464
0,1,1,1,0,15,0,2,8,40,72,0.1,0.1,0.6,0.1,0.1,2,0.6931471805599453,0.5,0.6204682524218753,0,1,0.4
0,1,1,1,1,31,0,2,9,41,72,0.1,0.1,0.6,0.1,0.1,2,0.6931471805599453,0.5,0.6135930734766721,1,0,0.3902439024390244
1,0,1,0,0,6,1,2,10,42,72,0.1,0.1,0.6,0.1,0.1,2,0.6931471805599453,0.5,0.6803623652696746,0,0,0.38095238095238093
1,1,1,1,1,32,1,2,11,43,72,0.1,0.1,0.6,0.1,0.1,2,0.6931471805599453,0.5,0.6709794534639415,1,1,0.3953488372093023
0,1,0,1,1,27,0,2,12,44,72,0.1,0.1,0.6,0.1,0.1,2,0.6931471805599453,0.5,0.26800647255631477,0,1,0.4090909090909091
0,0,1,0,0,5,0,2,13,45,72,0.1,0.1,0.6,0.1,0.1,2,0.6931471805599453,0.5,0.6108785123254649,0,1,0.4222222222222222
1,0,1,1,0,14,1,2,14,46,72,0.1,0.1,0.6,0.1,0.1,2,0.6931471805599453,0.5,0.6739922420109543,0,0,0.41304347826086957
1,1,1,0,0,8,1,2,15,47,72,0.1,0.1,0.6,0.1,0.1,2,0.6931471805599453,0.5,0.6765606799501881,1,1,0.425531914893617
1,0,0,1,0,10,0,2,16,48,72,0.1,0.1,0.6,0.1,0.1,2,0.6931471805599453,0.5,0.3155731096522197,1,0,0.4166666666666667
1,1,0,1,1,28,0,2,17,49,72,0.1,0.1,0.6,0.1,0.1,2,0.6931471805599453,0.5,0.30735050052864277,0,1,0.42857142857142855
0,1,1,0,1,23,0,2,18,50,72,0.1,0.1,0.6,0.1,0.1,2,0.6931471805599453,0.5,0.6086223233758229,0,1,0.44
0,0,0,0,1,17,0,2,19,51,72,0.1,0.1,0.6,0.1,0.1,2,0.6931471805599453,0.5,0.26344611674443597,1,0,0.43137254901960786
0,0,1,1,1,29,0,2,20,52,72,0.1,0.1,0.6,0.1,0.1,2,0.6931471805599453,0.5,0.6012620843810846,0,1,0.4423076923076923
0,1,0,0,1,19,0,2,21,53,72,0.1,0.1,0.6,0.1,0.1,2,0.6931471805599453,0.5,0.2639957081157131,1,0,0.4339622641509434
1,1,1,0,1,24,1,2,22,54,72,0.1,0.1,0.6,0.1,0.1,2,0.6931471805599453,0.5,0.6756010027512893,0,0,0.42592592592592593
0,0,0,1,1,25,0,2,23,55,72,0.1,0.1,0.6,0.1,0.1,2,0.6931471805599453,0.5,0.25835296651853085,0,1,0.43636363636363634
0,1,1,0,0,7,0,2,24,56,72,0.1,0.1,0.6,0.1,0.1,2,0.6931471805599453,0.5,0.6153591738187544,0,1,0.44642857142857145
1,1,0,0,1,20,0,2,25,57,72,0.1,0.1,0.6,0.1,0.1,2,0.6931471805599453,0.5,0.31526119953247034,1,0,0.43859649122807015
0,0,0,1,0,9,0,2,26,58,72,0.1,0.1,0.6,0.1,0.1,2,0.6931471805599453,0.5,0.26536243050403097,0,1,0.4482758620689655
0,1,0,1,0,11,0,2,27,59,72,0.1,0.1,0.6,0.1,0.1,2,0.6931471805599453,0.5,0.26453626426835064,1,0,0.4406779661016949
1,0,1,1,1,30,1,2,28,60,72,0.1,0.1,0.6,0.1,0.1,2,0.6931471805599453,0.5,0.6774856165831625,1,1,0.45
1,0,0,0,0,2,0,2,29,61,72,0.1,0.1,0.6,0.1,0.1,2,0.6931471805599453,0.5,0.3117795546751328,0,1,0.45901639344262296
1,1,0,0,0,4,0,2,30,62,72,0.1,0.1,0.6,0.1,0.1,2,0.6931471805599453,0.5,0.30890613511709675,1,0,0.45161290322580644
1,0,1,0,1,22,1,2,31,63,72,0.1,0.1,0.6,0.1,0.1,2,0.6931471805599453,0.5,0.6861276087179058,0,0,0.4444444444444444
1,1,1,1,0,16,1,2,32,64,72,0.1,0.1,0.6,0.1,0.1,2,0.6931471805599453,0.5,0.682245798231472,1,1,0.453125
1,0,1,1,0,14,1,3,1,65,72,0.1,0.1,0.6,0.1,0.1,2,0.6931471805599453,0.5,0.6870456736109668,1,1,0.46153846153846156
0,1,0,0,1,19,0,3,2,66,72,0.1,0.1,0.6,0.1,0.1,2,0.6931471805599453,0.5,0.2556333052269697,1,0,0.45454545454545453
0,0,0,0,1,17,0,3,3,67,72,0.1,0.1,0.6,0.1,0.1,2,0.6931471805599453,0.5,0.2553740480236481,0,1,0.4626865671641791
0,0,0,1,0,9,0,3,4,68,72,0.1,0.1,0.6,0.1,0.1,2,0.6931471805599453,0.5,0.26126158648923087,0,1,0.47058823529411764
0,1,1,0,0,7,0,3,5,69,72,0.1,0.1,0.6,0.1,0.1,2,0.6931471805599453,0.5,0.6181422510508703,1,0,0.463768115942029
0,1,0,1,0,11,0,3,6,70,72,0.1,0.1,0.6,0.1,0.1,2,0.6931471805599453,0.5,0.2585927660216361,0,1,0.4714285714285714
0,0,0,1,1,25,0,3,7,71,72,0.1,0.1,0.6,0.1,0.1,2,0.6931471805599453,0.5,0.25641492392254256,0,1,0.4788732394366197
1,0,0,1,1,26,0,3,8,72,72,0.1,0.1,0.6,0.1,0.1,2,0.6931471805599453,0.5,0.3032959466029596,0,1,0.4861111111111111
1,0,0,0,0,2,0,3,9,73,72,0.1,0.1,0.6,0.1,0.1,2,0.6931471805599453,0.5,0.30370818452696297,1,0,0.4794520547945205
0,0,1,0,0,5,0,3,10,74,72,0.1,0.1,0.6,0.1,0.1,2,0.6931471805599453,0.5,0.6232296383039564,0,1,0.4864864864864865
1,1,1,1,1,32,1,3,11,75,72,0.1,0.1,0.6,0.1,0.1,2,0.6931471805599453,0.5,0.6938938340424667,0,0,0.48
1,1,0,1,1,28,0,3,12,76,72,0.1,0.1,0.6,0.1,0.1,2,0.6931471805599453,0.5,0.30609610588097685,0,1,0.4868421052631579
0,1,1,0,1,23,0,3,13,77,72,0.1,0.1,0.6,0.1,0.1,2,0.6931471805599453,0.5,0.6189635690528691,0,1,0.4935064935064935
1,1,0,1,0,12,0,3,14,78,72,0.1,0.1,0.6,0.1,0.1,2,0.6931471805599453,0.5,0.3061994797274622,0,1,0.5
1,1,1,0,0,8,1,3,15,79,72,0.1,0.1,0.6,0.1,0.1,2,0.6931471805599453,0.5,0.6867594724416257,0,0,0.4936708860759494
1,1,1,1,0,16,1,3,16,80,72,0.1,0.1,0.6,0.1,0.1,2,0.6931471805599453,0.5,0.6950248128337937,1,1,0.5
0,1,1,1,0,15,0,3,17,81,72,0.1,0.1,0.6,0.1,0.1,2,0.6931471805599453,0.5,0.6265112742656849,0,1,0.5061728395061729
1,0,0,0,1,18,0,3,18,82,72,0.1,0.1,0.6,0.1,0.1,2,0.6931471805599453,0.5,0.2980580654409721,0,1,0.5121951219512195
1,1,0,0,1,20,0,3,19,83,72,0.1,0.1,0.6,0.1,0.1,2,0.6931471805599453,0.5,0.30080045523377713,1,0,0.5060240963855421
0,1,0,0,0,3,0,3,20,84,72,0.1,0.1,0.6,0.1,0.1,2,0.6931471805599453,0.5,0.2597303717607456,1,0,0.5
0,0,1,1,0,13,0,3,21,85,72,0.1,0.1,0.6,0.1,0.1,2,0.6931471805599453,0.5,0.6246620937511936,0,1,0.5058823529411764
0,0,1,1,1,29,0,3,22,86,72,0.1,0.1,0.6,0.1,0.1,2,0.6931471805599453,0.5,0.6177752972541464,1,0,0.5
0,1,1,1,1,31,0,3,23,87,72,0.1,0.1,0.6,0.1,0.1,2,0.6931471805599453,0.5,0.6171014766189219,0,1,0.5057471264367817
0,0,1,0,1,21,0,3,24,88,72,0.1,0.1,0.6,0.1,0.1,2,0.6931471805599453,0.5,0.6047656735602828,0,1,0.5113636363636364
1,0,1,0,1,22,1,3,25,89,72,0.1,0.1,0.6,0.1,0.1,2,0.6931471805599453,0.5,0.6749568497887599,1,1,0.5168539325842697
1,0,0,1,0,10,0,3,26,90,72,0.1,0.1,0.6,0.1,0.1,2,0.6931471805599453,0.5,0.31029439529028396,0,1,0.5222222222222223
1,0,1,0,0,6,1,3,27,91,72,0.1,0.1,0.6,0.1,0.1,2,0.6931471805599453,0.5,0.682270137944379,0,0,0.5164835164835165
1,1,1,0,1,24,1,3,28,92,72,0.1,0.1,0.6,0.1,0.1,2,0.6931471805599453,0.5,0.6811108423341998,1,1,0.5217391304347826
1,0,1,1,1,30,1,3,29,93,72,0.1,0.1,0.6,0.1,0.1,2,0.6931471805599453,0.5,0.679433285429827,1,1,0.5268817204301075
0,0,0,0,0,1,0,3,30,94,72,0.1,0.1,0.6,0.1,0.1,2,0.6931471805599453,0.5,0.26200434171620557,1,0,0.5212765957446809
1,1,0,0,0,4,0,3,31,95,72,0.1,0.1,0.6,0.1,0.1,2,0.6931471805599453,0.5,0.30737751555293735,0,1,0.5263157894736842
0,1,0,1,1,27,0,3,32,96,72,0.1,0.1,0.6,0.1,0.1,2,0.6931471805599453,0.5,0.26109786724932244,1,0,0.5208333333333334
1,1,1,1,0,16,1,1,1,1,73,0.1,0.1,0.6,0.1,0.1,2,0.6931471805599453,0.5,0.5,1,1,1
1,0,1,0,0,6,1,1,2,2,73,0.1,0.1,0.6,0.1,0.1,2,0.6931471805599453,0.5,0.5,0,0,0.5
0,1,0,0,1,19,0,1,3,3,73,0.1,0.1,0.6,0.1,0.1,2,0.6931471805599453,0.5,0.5,1,0,0.3333333333333333
1,1,0,0,1,20,0,1,4,4,73,0.1,0.1,0.6,0.1,0.1,2,0.6931471805599453,0.5,0.19781611144141828,0,1,0.5
1,1,1,1,1,32,1,1,5,5,73,0.1,0.1,0.6,0.1,0.1,2,0.6931471805599453,0.5,0.753037101815307,1,1,0.6
0,1,0,1,1,27,0,1,6,6,73,0.1,0.1,0.6,0.1,0.1,2,0.6931471805599453,0.5,0.20722216815308525,0,1,0.6666666666666666
1,0,0,0,1,18,0,1,7,7,73,0.1,0.1,0.6,0.1,0.1,2,0.6931471805599453,0.5,0.2314752165009824,1,0,0.5714285714285714
0,1,0,1,0,11,0,1,8,8,73,0.1,0.1,0.6,0.1,0.1,2,0.6931471805599453,0.5,0.2475781930239945,1,0,0.5
0,0,1,1,0,13,0,1,9,9,73,0.1,0.1,0.6,0.1,0.1,2,0.6931471805599453,0.5,0.7749664891686946,1,0,0.4444444444444444
1,1,1,0,0,8,1,1,10,10,73,0.1,0.1,0.6,0.1,0.1,2,0.6931471805599453,0.5,0.7466180620564977,1,1,0.5
1,0,0,1,0,10,0,1,11,11,73,0.1,0.1,0.6,0.1,0.1,2,0.6931471805599453,0.5,0.30035259839743517,0,1,0.5454545454545454
0,0,0,0,1,17,0,1,12,12,73,0.1,0.1,0.6,0.1,0.1,2,0.6931471805599453,0.5,0.21458546048114147,0,1,0.5833333333333334
1,0,0,1,1,26,0,1,13,13,73,0.1,0.1,0.6,0.1,0.1,2,0.6931471805599453,0.5,0.24795540755027345,0,1,0.6153846153846154
0,1,1,1,1,31,0,1,14,14,73,0.1,0.1,0.6,0.1,0.1,2,0.6931471805599453,0.5,0.6997695853138045,1,0,0.5714285714285714
1,1,1,0,1,24,1,1,15,15,73,0.1,0.1,0.6,0.1,0.1,2,0.6931471805599453,0.5,0.723150623635628,0,0,0.5333333333333333
0,1,0,0,0,3,0,1,16,16,73,0.1,0.1,0.6,0.1,0.1,2,0.6931471805599453,0.5,0.2665811868137527,1,0,0.5
1,1,0,1,0,12,0,1,17,17,73,0.1,0.1,0.6,0.1,0.1,2,0.6931471805599453,0.5,0.29599717748436777,0,1,0.5294117647058824
0,0,1,0,1,21,0,1,18,18,73,0.1,0.1,0.6,0.1,0.1,2,0.6931471805599453,0.5,0.6703140016502546,1,0,0.5
0,0,1,0,0,5,0,1,19,19,73,0.1,0.1,0.6,0.1,0.1,2,0.6931471805599453,0.5,0.6555141921017053,1,0,0.47368421052631576
1,1,0,0,0,4,0,1,20,20,73,0.1,0.1,0.6,0.1,0.1,2,0.6931471805599453,0.5,0.3174732579189801,1,0,0.45
1,0,1,0,1,22,1,1,21,21,73,0.1,0.1,0.6,0.1,0.1,2,0.6931471805599453,0.5,0.685045013164087,1,1,0.47619047619047616
0,1,1,0,1,23,0,1,22,22,73,0.1,0.1,0.6,0.1,0.1,2,0.6931471805599453,0.5,0.6530684463322382,1,0,0.45454545454545453
0,0,0,1,1,25,0,1,23,23,73,0.1,0.1,0.6,0.1,0.1,2,0.6931471805599453,0.5,0.24783107313525427,1,0,0.43478260869565216
1,0,0,0,0,2,0,1,24,24,73,0.1,0.1,0.6,0.1,0.1,2,0.6931471805599453,0.5,0.3037633394129201,0,1,0.4583333333333333
1,0,1,1,1,30,1,1,25,25,73,0.1,0.1,0.6,0.1,0.1,2,0.6931471805599453,0.5,0.6850022608758517,1,1,0.48
0,0,0,1,0,9,0,1,26,26,73,0.1,0.1,0.6,0.1,0.1,2,0.6931471805599453,0.5,0.24710999842374498,0,1,0.5
0,1,1,0,0,7,0,1,27,27,73,0.1,0.1,0.6,0.1,0.1,2,0.6931471805599453,0.5,0.6452203401198313,1,0,0.48148148148148145
0,0,1,1,1,29,0,1,28,28,73,0.1,0.1,0.6,0.1,0.1,2,0.6931471805599453,0.5,0.6268424231939402,0,1,0.5
1,0,1,1,0,14,1,1,29,29,73,0.1,0.1,0.6,0.1,0.1,2,0.6931471805599453,0.5,0.6779940531917344,1,1,0.5172413793103449
0,1,1,1,0,15,0,1,30,30,73,0.1,0.1,0.6,0.1,0.1,2,0.6931471805599453,0.5,0.6204986356027828,0,1,0.5333333333333333
1,1,0,1,1,28,0,1,31,31,73,0.1,0.1,0.6,0.1,0.1,2,0.6931471805599453,0.5,0.31224213748860835,0,1,0.5483870967741935
0,0,0,0,0,1,0,1,32,32,73,0.1,0.1,0.6,0.1,0.1,2,0.6931471805599453,0.5,0.26626172720338553,0,1,0.5625
1,1,0,0,0,4,0,2,1,33,73,0.1,0.1,0.6,0.1,0.1,2,0.6931471805599453,0.5,0.3043482383689233,0,1,0.5757575757575758
1,1,1,1,0,16,1,2,2,34,73,0.1,0.1,0.6,0.1,0.1,2,0.6931471805599453,0.5,0.6894630949083854,1,1,0.5882352941176471
1,0,0,0,1,18,0,2,3,35,73,0.1,0.1,0.6,0.1,0.1,2,0.6931471805599453,0.5,0.2954872910672839,0,1,0.6
1,1,0,0,1,20,0,2,4,36,73,0.1,0.1,0.6,0.1,0.1,2,0.6931471805599453,0.5,0.292644616292428,1,0,0.5833333333333334
0,0,1,1,0,13,0,2,5,37,73,0.1,0.1,0.6,0.1,0.1,2,0.6931471805599453,0.5,0.6319407287240456,1,0,0.5675675675675675
0,0,0,1,1,25,0,2,6,38,73,0.1,0.1,0.6,0.1,0.1,2,0.6931471805599453,0.5,0.25909824521611796,0,1,0.5789473684210527
1,0,1,1,0,14,1,2,7,39,73,0.1,0.1,0.6,0.1,0.1,2,0.6931471805599453,0.5,0.6918138449104703,0,0,0.5641025641025641
0,1,1,0,1,23,0,2,8,40,73,0.1,0.1,0.6,0.1,0.1,2,0.6931471805599453,0.5,0.6159133200219569,1,0,0.55
0,0,0,0,1,17,0,2,9,41,73,0.1,0.1,0.6,0.1,0.1,2,0.6931471805599453,0.5,0.24998709447394657,1,0,0.5365853658536586
1,1,0,1,1,28,0,2,10,42,73,0.1,0.1,0.6,0.1,0.1,2,0.6931471805599453,0.5,0.3023307747942262,0,1,0.5476190476190477
1,0,0,1,0,10,0,2,11,43,73,0.1,0.1,0.6,0.1,0.1,2,0.6931471805599453,0.5,0.31284918709681536,0,1,0.5581395348837209
0,0,0,1,0,9,0,2,12,44,73,0.1,0.1,0.6,0.1,0.1,2,0.6931471805599453,0.5,0.26566193394857807,0,1,0.5681818181818182
1,0,1,0,0,6,1,2,13,45,73,0.1,0.1,0.6,0.1,0.1,2,0.6931471805599453,0.5,0.6965551870401369,0,0,0.5555555555555556
1,1,0,1,0,12,0,2,14,46,73,0.1,0.1,0.6,0.1,0.1,2,0.6931471805599453,0.5,0.3039045480377878,1,0,0.5434782608695652
1,0,0,0,0,2,0,2,15,47,73,0.1,0.1,0.6,0.1,0.1,2,0.6931471805599453,0.5,0.2999024835329027,0,1,0.5531914893617021
0,1,0,0,1,19,0,2,16,48,73,0.1,0.1,0.6,0.1,0.1,2,0.6931471805599453,0.5,0.24524954243431593,0,1,0.5625
0,1,0,0,0,3,0,2,17,49,73,0.1,0.1,0.6,0.1,0.1,2,0.6931471805599453,0.5,0.25299107370824075,0,1,0.5714285714285714
0,0,1,0,1,21,0,2,18,50,73,0.1,0.1,0.6,0.1,0.1,2,0.6931471805599453,0.5,0.6317090604630532,1,0,0.56
0,1,1,0,0,7,0,2,19,51,73,0.1,0.1,0.6,0.1,0.1,2,0.6931471805599453,0.5,0.6342077337706673,0,1,0.5686274509803921
1,0,0,1,1,26,0,2,20,52,73,0.1,0.1,0.6,0.1,0.1,2,0.6931471805599453,0.5,0.2959342315900162,0,1,0.5769230769230769
1,0,1,1,1,30,1,2,21,53,73,0.1,0.1,0.6,0.1,0.1,2,0.6931471805599453,0.5,0.695789491506586,0,0,0.5660377358490566
0,1,0,1,1,27,0,2,22,54,73,0.1,0.1,0.6,0.1,0.1,2,0.6931471805599453,0.5,0.25208133181555004,0,1,0.5740740740740741
0,1,0,1,0,11,0,2,23,55,73,0.1,0.1,0.6,0.1,0.1,2,0.6931471805599453,0.5,0.25708123349618156,1,0,0.5636363636363636
0,0,0,0,0,1,0,2,24,56,73,0.1,0.1,0.6,0.1,0.1,2,0.6931471805599453,0.5,0.2554069431939557,0,1,0.5714285714285714
1,1,1,0,1,24,1,2,25,57,73,0.1,0.1,0.6,0.1,0.1,2,0.6931471805599453,0.5,0.6900308847600019,0,0,0.5614035087719298
0,1,1,1,0,15,0,2,26,58,73,0.1,0.1,0.6,0.1,0.1,2,0.6931471805599453,0.5,0.6382520188309946,1,0,0.5517241379310345
1,1,1,0,0,8,1,2,27,59,73,0.1,0.1,0.6,0.1,0.1,2,0.6931471805599453,0.5,0.6942596839614549,1,1,0.559322033898305
1,0,1,0,1,22,1,2,28,60,73,0.1,0.1,0.6,0.1,0.1,2,0.6931471805599453,0.5,0.69592209718828,1,1,0.5666666666666667
0,0,1,1,1,29,0,2,29,61,73,0.1,0.1,0.6,0.1,0.1,2,0.6931471805599453,0.5,0.6305980843481838,0,1,0.5737704918032787
0,1,1,1,1,31,0,2,30,62,73,0.1,0.1,0.6,0.1,0.1,2,0.6931471805599453,0.5,0.6186499993776633,1,0,0.5645161290322581
0,0,1,0,0,5,0,2,31,63,73,0.1,0.1,0.6,0.1,0.1,2,0.6931471805599453,0.5,0.6256910849035763,1,0,0.5555555555555556
1,1,1,1,1,32,1,2,32,64,73,0.1,0.1,0.6,0.1,0.1,2,0.6931471805599453,0.5,0.682245798231472,0,0,0.546875
1,1,1,1,1,32,1,3,1,65,73,0.1,0.1,0.6,0.1,0.1,2,0.6931471805599453,0.5,0.6870456736109668,1,1,0.5538461538461539
1,0,0,1,0,10,0,3,2,66,73,0.1,0.1,0.6,0.1,0.1,2,0.6931471805599453,0.5,0.3029929385383682,0,1,0.5606060606060606
1,0,0,0,1,18,0,3,3,67,73,0.1,0.1,0.6,0.1,0.1,2,0.6931471805599453,0.5,0.30172771099304446,0,1,0.5671641791044776
0,1,0,1,1,27,0,3,4,68,73,0.1,0.1,0.6,0.1,0.1,2,0.6931471805599453,0.5,0.26214202913840107,0,1,0.5735294117647058
0,0,1,1,0,13,0,3,5,69,73,0.1,0.1,0.6,0.1,0.1,2,0.6931471805599453,0.5,0.6185907917852801,0,1,0.5797101449275363
0,1,1,1,1,31,0,3,6,70,73,0.1,0.1,0.6,0.1,0.1,2,0.6931471805599453,0.5,0.6209203074198114,1,0,0.5714285714285714
1,0,1,0,0,6,1,3,7,71,73,0.1,0.1,0.6,0.1,0.1,2,0.6931471805599453,0.5,0.6831681174718371,1,1,0.5774647887323944
1,1,0,1,0,12,0,3,8,72,73,0.1,0.1,0.6,0.1,0.1,2,0.6931471805599453,0.5,0.3052515233364053,0,1,0.5833333333333334
1,0,0,0,0,2,0,3,9,73,73,0.1,0.1,0.6,0.1,0.1,2,0.6931471805599453,0.5,0.3051387936984524,1,0,0.5753424657534246
1,0,0,1,1,26,0,3,10,74,73,0.1,0.1,0.6,0.1,0.1,2,0.6931471805599453,0.5,0.3009643366320191,1,0,0.5675675675675675
0,0,1,0,0,5,0,3,11,75,73,0.1,0.1,0.6,0.1,0.1,2,0.6931471805599453,0.5,0.6207233748042861,1,0,0.56
0,1,1,1,0,15,0,3,12,76,73,0.1,0.1,0.6,0.1,0.1,2,0.6931471805599453,0.5,0.6134219461119532,1,0,0.5526315789473685
0,1,0,0,0,3,0,3,13,77,73,0.1,0.1,0.6,0.1,0.1,2,0.6931471805599453,0.5,0.26393692819749853,1,0,0.5454545454545454
0,0,0,1,1,25,0,3,14,78,73,0.1,0.1,0.6,0.1,0.1,2,0.6931471805599453,0.5,0.2604768111108487,0,1,0.5512820512820513
0,0,0,0,0,1,0,3,15,79,73,0.1,0.1,0.6,0.1,0.1,2,0.6931471805599453,0.5,0.26033739401932393,0,1,0.5569620253164557
0,1,0,1,0,11,0,3,16,80,73,0.1,0.1,0.6,0.1,0.1,2,0.6931471805599453,0.5,0.2578786202594206,0,1,0.5625
1,1,0,0,1,20,0,3,17,81,73,0.1,0.1,0.6,0.1,0.1,2,0.6931471805599453,0.5,0.30553515648275126,1,0,0.5555555555555556
0,0,0,0,1,17,0,3,18,82,73,0.1,0.1,0.6,0.1,0.1,2,0.6931471805599453,0.5,0.2573445890739397,0,1,0.5609756097560976
0,0,0,1,0,9,0,3,19,83,73,0.1,0.1,0.6,0.1,0.1,2,0.6931471805599453,0.5,0.2541106147256528,1,0,0.5542168674698795
0,1,0,0,1,19,0,3,20,84,73,0.1,0.1,0.6,0.1,0.1,2,0.6931471805599453,0.5,0.2563751484503263,0,1,0.5595238095238095
1,0,1,0,1,22,1,3,21,85,73,0.1,0.1,0.6,0.1,0.1,2,0.6931471805599453,0.5,0.6970120170806136,1,1,0.5647058823529412
1,0,1,1,1,30,1,3,22,86,73,0.1,0.1,0.6,0.1,0.1,2,0.6931471805599453,0.5,0.6959323959936077,0,0,0.5581395348837209
0,1,1,0,0,7,0,3,23,87,73,0.1,0.1,0.6,0.1,0.1,2,0.6931471805599453,0.5,0.6192698118225672,0,1,0.5632183908045977
0,0,1,0,1,21,0,3,24,88,73,0.1,0.1,0.6,0.1,0.1,2,0.6931471805599453,0.5,0.6275867869680518,1,0,0.5568181818181818
1,0,1,1,0,14,1,3,25,89,73,0.1,0.1,0.6,0.1,0.1,2,0.6931471805599453,0.5,0.6880368521396766,1,1,0.5617977528089888
1,1,1,0,0,8,1,3,26,90,73,0.1,0.1,0.6,0.1,0.1,2,0.6931471805599453,0.5,0.6841249078608013,0,0,0.5555555555555556
0,1,1,0,1,23,0,3,27,91,73,0.1,0.1,0.6,0.1,0.1,2,0.6931471805599453,0.5,0.6157791494831092,1,0,0.5494505494505495
1,1,0,1,1,28,0,3,28,92,73,0.1,0.1,0.6,0.1,0.1,2,0.6931471805599453,0.5,0.3045330367576214,0,1,0.5543478260869565
1,1,0,0,0,4,0,3,29,93,73,0.1,0.1,0.6,0.1,0.1,2,0.6931471805599453,0.5,0.30321899456258516,1,0,0.5483870967741935
1,1,1,0,1,24,1,3,30,94,73,0.1,0.1,0.6,0.1,0.1,2,0.6931471805599453,0.5,0.6867043400138515,0,0,0.5425531914893617
1,1,1,1,0,16,1,3,31,95,73,0.1,0.1,0.6,0.1,0.1,2,0.6931471805599453,0.5,0.6857702929727596,1,1,0.5473684210526316
0,0,1,1,1,29,0,3,32,96,73,0.1,0.1,0.6,0.1,0.1,2,0.6931471805599453,0.5,0.6187513824930055,1,0,0.5416666666666666
1,1,0,0,0,4,0,1,1,1,74,0.1,0.1,0.6,0.1,0.1,2,0.6931471805599453,0.5,0.5,0,1,1
1,1,1,1,0,16,1,1,2,2,74,0.1,0.1,0.6,0.1,0.1,2,0.6931471805599453,0.5,0.5,1,1,1
0,1,1,1,0,15,0,1,3,3,74,0.1,0.1,0.6,0.1,0.1,2,0.6931471805599453,0.5,0.8021838885585818,1,0,0.6666666666666666
0,1,1,0,1,23,0,1,4,4,74,0.1,0.1,0.6,0.1,0.1,2,0.6931471805599453,0.5,0.5572144760232103,1,0,0.5
1,1,0,1,0,12,0,1,5,5,74,0.1,0.1,0.6,0.1,0.1,2,0.6931471805599453,0.5,0.42338052820098976,0,1,0.6
0,0,1,0,0,5,0,1,6,6,74,0.1,0.1,0.6,0.1,0.1,2,0.6931471805599453,0.5,0.56243925195023,0,1,0.6666666666666666
1,1,1,1,1,32,1,1,7,7,74,0.1,0.1,0.6,0.1,0.1,2,0.6931471805599453,0.5,0.6464906153283552,0,0,0.5714285714285714
1,0,0,0,1,18,0,1,8,8,74,0.1,0.1,0.6,0.1,0.1,2,0.6931471805599453,0.5,0.34301318048192747,0,1,0.625
1,0,1,0,0,6,1,1,9,9,74,0.1,0.1,0.6,0.1,0.1,2,0.6931471805599453,0.5,0.5834245774133909,1,1,0.6666666666666666
0,0,0,1,0,9,0,1,10,10,74,0.1,0.1,0.6,0.1,0.1,2,0.6931471805599453,0.5,0.31930019298820955,0,1,0.7
0,1,0,1,1,27,0,1,11,11,74,0.1,0.1,0.6,0.1,0.1,2,0.6931471805599453,0.5,0.30550796157791066,0,1,0.7272727272727273
1,0,1,0,1,22,1,1,12,12,74,0.1,0.1,0.6,0.1,0.1,2,0.6931471805599453,0.5,0.6608452471281806,0,0,0.6666666666666666
0,1,1,1,1,31,0,1,13,13,74,0.1,0.1,0.6,0.1,0.1,2,0.6931471805599453,0.5,0.6069102677365465,1,0,0.6153846153846154
1,0,0,1,0,10,0,1,14,14,74,0.1,0.1,0.6,0.1,0.1,2,0.6931471805599453,0.5,0.32293798444952504,0,1,0.6428571428571429
1,1,1,0,1,24,1,1,15,15,74,0.1,0.1,0.6,0.1,0.1,2,0.6931471805599453,0.5,0.6630055990234373,0,0,0.6
1,1,0,0,1,20,0,1,16,16,74,0.1,0.1,0.6,0.1,0.1,2,0.6931471805599453,0.5,0.3350761016371869,1,0,0.5625
1,1,1,0,0,8,1,1,17,17,74,0.1,0.1,0.6,0.1,0.1,2,0.6931471805599453,0.5,0.6713801541057438,0,0,0.5294117647058824
0,0,1,1,0,13,0,1,18,18,74,0.1,0.1,0.6,0.1,0.1,2,0.6931471805599453,0.5,0.5957976236954575,1,0,0.5
0,0,0,1,1,25,0,1,19,19,74,0.1,0.1,0.6,0.1,0.1,2,0.6931471805599453,0.5,0.2690477500576867,0,1,0.5263157894736842
0,0,1,1,1,29,0,1,20,20,74,0.1,0.1,0.6,0.1,0.1,2,0.6931471805599453,0.5,0.5835943343609697,0,1,0.55
0,0,0,0,1,17,0,1,21,21,74,0.1,0.1,0.6,0.1,0.1,2,0.6931471805599453,0.5,0.2859535407367061,1,0,0.5238095238095238
1,0,1,1,0,14,1,1,22,22,74,0.1,0.1,0.6,0.1,0.1,2,0.6931471805599453,0.5,0.6470466171449986,0,0,0.5
1,0,1,1,1,30,1,1,23,23,74,0.1,0.1,0.6,0.1,0.1,2,0.6931471805599453,0.5,0.6526551450248917,0,0,0.4782608695652174
1,0,0,0,0,2,0,1,24,24,74,0.1,0.1,0.6,0.1,0.1,2,0.6931471805599453,0.5,0.320127955017011,0,1,0.5
0,1,1,0,0,7,0,1,25,25,74,0.1,0.1,0.6,0.1,0.1,2,0.6931471805599453,0.5,0.6099473397163044,0,1,0.52
1,0,0,1,1,26,0,1,26,26,74,0.1,0.1,0.6,0.1,0.1,2,0.6931471805599453,0.5,0.3166746428255755,1,0,0.5
0,0,1,0,1,21,0,1,27,27,74,0.1,0.1,0.6,0.1,0.1,2,0.6931471805599453,0.5,0.6033454081117726,1,0,0.48148148148148145
0,1,0,0,1,19,0,1,28,28,74,0.1,0.1,0.6,0.1,0.1,2,0.6931471805599453,0.5,0.2830674052177766,0,1,0.5
0,1,0,1,0,11,0,1,29,29,74,0.1,0.1,0.6,0.1,0.1,2,0.6931471805599453,0.5,0.27879778996413673,0,1,0.5172413793103449
0,1,0,0,0,3,0,1,30,30,74,0.1,0.1,0.6,0.1,0.1,2,0.6931471805599453,0.5,0.27270395940305864,0,1,0.5333333333333333
0,0,0,0,0,1,0,1,31,31,74,0.1,0.1,0.6,0.1,0.1,2,0.6931471805599453,0.5,0.2651940297887214,0,1,0.5483870967741935
1,1,0,1,1,28,0,1,32,32,74,0.1,0.1,0.6,0.1,0.1,2,0.6931471805599453,0.5,0.3131724674980448,1,0,0.53125
0,1,1,0,1,23,0,2,1,33,74,0.1,0.1,0.6,0.1,0.1,2,0.6931471805599453,0.5,0.613437168023677,0,1,0.5454545454545454
0,0,1,0,0,5,0,2,2,34,74,0.1,0.1,0.6,0.1,0.1,2,0.6931471805599453,0.5,0.6066112546321384,1,0,0.5294117647058824
1,1,1,1,0,16,1,2,3,35,74,0.1,0.1,0.6,0.1,0.1,2,0.6931471805599453,0.5,0.677228133651968,0,0,0.5142857142857142
0,0,0,1,0,9,0,2,4,36,74,0.1,0.1,0.6,0.1,0.1,2,0.6931471805599453,0.5,0.269984757896243,0,1,0.5277777777777778
1,1,0,0,0,4,0,2,5,37,74,0.1,0.1,0.6,0.1,0.1,2,0.6931471805599453,0.5,0.31584061142760783,0,1,0.5405405405405406
1,0,0,1,1,26,0,2,6,38,74,0.1,0.1,0.6,0.1,0.1,2,0.6931471805599453,0.5,0.3095534126279076,1,0,0.5263157894736842
1,1,1,1,1,32,1,2,7,39,74,0.1,0.1,0.6,0.1,0.1,2,0.6931471805599453,0.5,0.6887044824130675,1,1,0.5384615384615384
0,1,0,1,1,27,0,2,8,40,74,0.1,0.1,0.6,0.1,0.1,2,0.6931471805599453,0.5,0.27122422475293323,0,1,0.55
0,0,1,0,1,21,0,2,9,41,74,0.1,0.1,0.6,0.1,0.1,2,0.6931471805599453,0.5,0.6025896591438067,0,1,0.5609756097560976
1,1,0,1,1,28,0,2,10,42,74,0.1,0.1,0.6,0.1,0.1,2,0.6931471805599453,0.5,0.31668754351099293,1,0,0.5476190476190477
1,0,0,0,0,2,0,2,11,43,74,0.1,0.1,0.6,0.1,0.1,2,0.6931471805599453,0.5,0.30096963896857604,0,1,0.5581395348837209
0,0,0,0,1,17,0,2,12,44,74,0.1,0.1,0.6,0.1,0.1,2,0.6931471805599453,0.5,0.2536230459233038,0,1,0.5681818181818182
0,0,0,1,1,25,0,2,13,45,74,0.1,0.1,0.6,0.1,0.1,2,0.6931471805599453,0.5,0.25537869568106386,0,1,0.5777777777777777
0,0,1,1,0,13,0,2,14,46,74,0.1,0.1,0.6,0.1,0.1,2,0.6931471805599453,0.5,0.6226176744740568,1,0,0.5652173913043478
1,1,1,0,1,24,1,2,15,47,74,0.1,0.1,0.6,0.1,0.1,2,0.6931471805599453,0.5,0.6869997012687357,0,0,0.5531914893617021
1,1,1,0,0,8,1,2,16,48,74,0.1,0.1,0.6,0.1,0.1,2,0.6931471805599453,0.5,0.6905849011739156,1,1,0.5625
0,1,0,1,0,11,0,2,17,49,74,0.1,0.1,0.6,0.1,0.1,2,0.6931471805599453,0.5,0.2677486186115829,0,1,0.5714285714285714
1,0,1,1,1,30,1,2,18,50,74,0.1,0.1,0.6,0.1,0.1,2,0.6931471805599453,0.5,0.681149944171431,1,1,0.58
1,1,0,0,1,20,0,2,19,51,74,0.1,0.1,0.6,0.1,0.1,2,0.6931471805599453,0.5,0.3103316365744635,1,0,0.5686274509803921
1,0,1,0,0,6,1,2,20,52,74,0.1,0.1,0.6,0.1,0.1,2,0.6931471805599453,0.5,0.6801173292532442,1,1,0.5769230769230769
1,0,0,0,1,18,0,2,21,53,74,0.1,0.1,0.6,0.1,0.1,2,0.6931471805599453,0.5,0.296762534453437,0,1,0.5849056603773585
0,1,0,0,1,19,0,2,22,54,74,0.1,0.1,0.6,0.1,0.1,2,0.6931471805599453,0.5,0.2575140260278561,0,1,0.5925925925925926
0,1,1,1,1,31,0,2,23,55,74,0.1,0.1,0.6,0.1,0.1,2,0.6931471805599453,0.5,0.631707698747102,1,0,0.5818181818181818
0,0,1,1,1,29,0,2,24,56,74,0.1,0.1,0.6,0.1,0.1,2,0.6931471805599453,0.5,0.6139814375765491,1,0,0.5714285714285714
1,0,1,1,0,14,1,2,25,57,74,0.1,0.1,0.6,0.1,0.1,2,0.6931471805599453,0.5,0.6847993837828165,1,1,0.5789473684210527
1,1,0,1,0,12,0,2,26,58,74,0.1,0.1,0.6,0.1,0.1,2,0.6931471805599453,0.5,0.3119137487339376,0,1,0.5862068965517241
0,1,0,0,0,3,0,2,27,59,74,0.1,0.1,0.6,0.1,0.1,2,0.6931471805599453,0.5,0.26227419859391193,0,1,0.5932203389830508
1,0,1,0,1,22,1,2,28,60,74,0.1,0.1,0.6,0.1,0.1,2,0.6931471805599453,0.5,0.6827031569751183,1,1,0.6
0,0,0,0,0,1,0,2,29,61,74,0.1,0.1,0.6,0.1,0.1,2,0.6931471805599453,0.5,0.25863847891204805,0,1,0.6065573770491803
0,1,1,0,0,7,0,2,30,62,74,0.1,0.1,0.6,0.1,0.1,2,0.6931471805599453,0.5,0.6247819261808054,1,0,0.5967741935483871
1,0,0,1,0,10,0,2,31,63,74,0.1,0.1,0.6,0.1,0.1,2,0.6931471805599453,0.5,0.3058355926880737,0,1,0.6031746031746031
0,1,1,1,0,15,0,2,32,64,74,0.1,0.1,0.6,0.1,0.1,2,0.6931471805599453,0.5,0.6215006942748528,1,0,0.59375
1,1,1,1,1,32,1,3,1,65,74,0.1,0.1,0.6,0.1,0.1,2,0.6931471805599453,0.5,0.6870456736109668,1,1,0.6
0,1,1,1,0,15,0,3,2,66,74,0.1,0.1,0.6,0.1,0.1,2,0.6931471805599453,0.5,0.6146711044443012,1,0,0.5909090909090909
0,0,0,0,0,1,0,3,3,67,74,0.1,0.1,0.6,0.1,0.1,2,0.6931471805599453,0.5,0.2580641241702283,0,1,0.5970149253731343
1,0,1,0,0,6,1,3,4,68,74,0.1,0.1,0.6,0.1,0.1,2,0.6931471805599453,0.5,0.6822000714880507,1,1,0.6029411764705882
0,0,1,1,1,29,0,3,5,69,74,0.1,0.1,0.6,0.1,0.1,2,0.6931471805599453,0.5,0.6120005110523378,0,1,0.6086956521739131
1,0,0,1,1,26,0,3,6,70,74,0.1,0.1,0.6,0.1,0.1,2,0.6931471805599453,0.5,0.3089381528623794,1,0,0.6
1,1,0,0,1,20,0,3,7,71,74,0.1,0.1,0.6,0.1,0.1,2,0.6931471805599453,0.5,0.3082668236548142,0,1,0.6056338028169014
0,1,1,0,1,23,0,3,8,72,74,0.1,0.1,0.6,0.1,0.1,2,0.6931471805599453,0.5,0.6130075179366122,1,0,0.5972222222222222
1,1,1,1,0,16,1,3,9,73,74,0.1,0.1,0.6,0.1,0.1,2,0.6931471805599453,0.5,0.68184145810717,0,0,0.589041095890411
0,1,1,0,0,7,0,3,10,74,74,0.1,0.1,0.6,0.1,0.1,2,0.6931471805599453,0.5,0.6093339167220965,0,1,0.5945945945945946
0,1,0,0,1,19,0,3,11,75,74,0.1,0.1,0.6,0.1,0.1,2,0.6931471805599453,0.5,0.26226125113630044,0,1,0.6
0,1,0,0,0,3,0,3,12,76,74,0.1,0.1,0.6,0.1,0.1,2,0.6931471805599453,0.5,0.26288433082766705,0,1,0.6052631578947368
1,1,0,1,0,12,0,3,13,77,74,0.1,0.1,0.6,0.1,0.1,2,0.6931471805599453,0.5,0.31345888927875953,0,1,0.6103896103896104
0,0,0,1,1,25,0,3,14,78,74,0.1,0.1,0.6,0.1,0.1,2,0.6931471805599453,0.5,0.2614121624307412,0,1,0.6153846153846154
0,0,1,0,0,5,0,3,15,79,74,0.1,0.1,0.6,0.1,0.1,2,0.6931471805599453,0.5,0.6127268930394877,0,1,0.620253164556962
1,1,1,0,0,8,1,3,16,80,74,0.1,0.1,0.6,0.1,0.1,2,0.6931471805599453,0.5,0.6814803135994769,1,1,0.625
1,1,0,1,1,28,0,3,17,81,74,0.1,0.1,0.6,0.1,0.1,2,0.6931471805599453,0.5,0.3082958156341921,0,1,0.6296296296296297
1,1,1,0,1,24,1,3,18,82,74,0.1,0.1,0.6,0.1,0.1,2,0.6931471805599453,0.5,0.6823895509795866,1,1,0.6341463414634146
0,1,1,1,1,31,0,3,19,83,74,0.1,0.1,0.6,0.1,0.1,2,0.6931471805599453,0.5,0.6114568015040723,0,1,0.6385542168674698
1,0,1,1,0,14,1,3,20,84,74,0.1,0.1,0.6,0.1,0.1,2,0.6931471805599453,0.5,0.6805252908945754,1,1,0.6428571428571429
0,1,0,1,1,27,0,3,21,85,74,0.1,0.1,0.6,0.1,0.1,2,0.6931471805599453,0.5,0.2608918119195264,0,1,0.6470588235294118
0,0,1,0,1,21,0,3,22,86,74,0.1,0.1,0.6,0.1,0.1,2,0.6931471805599453,0.5,0.6052503762124173,1,0,0.6395348837209303
0,0,0,0,1,17,0,3,23,87,74,0.1,0.1,0.6,0.1,0.1,2,0.6931471805599453,0.5,0.2593251873392445,0,1,0.6436781609195402
1,0,0,0,1,18,0,3,24,88,74,0.1,0.1,0.6,0.1,0.1,2,0.6931471805599453,0.5,0.30472505141101813,0,1,0.6477272727272727
1,0,1,1,1,30,1,3,25,89,74,0.1,0.1,0.6,0.1,0.1,2,0.6931471805599453,0.5,0.6790537219000422,1,1,0.651685393258427
1,0,0,1,0,10,0,3,26,90,74,0.1,0.1,0.6,0.1,0.1,2,0.6931471805599453,0.5,0.3124512984217117,0,1,0.6555555555555556
1,1,0,0,0,4,0,3,27,91,74,0.1,0.1,0.6,0.1,0.1,2,0.6931471805599453,0.5,0.30915197974898956,1,0,0.6483516483516484
1,0,1,0,1,22,1,3,28,92,74,0.1,0.1,0.6,0.1,0.1,2,0.6931471805599453,0.5,0.6813974185163917,0,0,0.6413043478260869
0,0,0,1,0,9,0,3,29,93,74,0.1,0.1,0.6,0.1,0.1,2,0.6931471805599453,0.5,0.26227015788175645,0,1,0.6451612903225806
1,0,0,0,0,2,0,3,30,94,74,0.1,0.1,0.6,0.1,0.1,2,0.6931471805599453,0.5,0.3055238723657927,1,0,0.6382978723404256
0,0,1,1,0,13,0,3,31,95,74,0.1,0.1,0.6,0.1,0.1,2,0.6931471805599453,0.5,0.6175742663352334,1,0,0.631578947368421
0,1,0,1,0,11,0,3,32,96,74,0.1,0.1,0.6,0.1,0.1,2,0.6931471805599453,0.5,0.26109786724932244,0,1,0.6354166666666666
1,0,0,0,0,2,0,1,1,1,75,0.1,0.1,0.6,0.1,0.1,2,0.6931471805599453,0.5,0.5,0,1,1
1,1,0,0,0,4,0,1,2,2,75,0.1,0.1,0.6,0.1,0.1,2,0.6931471805599453,0.5,0.5,0,1,1
1,1,0,0,1,20,0,1,3,3,75,0.1,0.1,0.6,0.1,0.1,2,0.6931471805599453,0.5,0.5,1,0,0.6666666666666666
0,0,0,0,1,17,0,1,4,4,75,0.1,0.1,0.6,0.1,0.1,2,0.6931471805599453,0.5,0.5,1,0,0.5
0,1,0,1,1,27,0,1,5,5,75,0.1,0.1,0.6,0.1,0.1,2,0.6931471805599453,0.5,0.5,0,1,0.6
1,0,1,0,0,6,1,1,6,6,75,0.1,0.1,0.6,0.1,0.1,2,0.6931471805599453,0.5,0.5,1,1,0.6666666666666666
0,1,0,0,1,19,0,1,7,7,75,0.1,0.1,0.6,0.1,0.1,2,0.6931471805599453,0.5,0.1835912448902878,0,1,0.7142857142857143
0,0,1,0,0,5,0,1,8,8,75,0.1,0.1,0.6,0.1,0.1,2,0.6931471805599453,0.5,0.800066630861455,1,0,0.625
1,0,1,0,1,22,1,1,9,9,75,0.1,0.1,0.6,0.1,0.1,2,0.6931471805599453,0.5,0.7433046434955817,1,1,0.6666666666666666
0,1,1,0,0,7,0,1,10,10,75,0.1,0.1,0.6,0.1,0.1,2,0.6931471805599453,0.5,0.6681249252663752,1,0,0.6
0,0,1,1,1,29,0,1,11,11,75,0.1,0.1,0.6,0.1,0.1,2,0.6931471805599453,0.5,0.6720050272050867,1,0,0.5454545454545454
0,0,0,0,0,1,0,1,12,12,75,0.1,0.1,0.6,0.1,0.1,2,0.6931471805599453,0.5,0.29490485536076355,1,0,0.5
0,1,1,1,0,15,0,1,13,13,75,0.1,0.1,0.6,0.1,0.1,2,0.6931471805599453,0.5,0.5872619507912673,1,0,0.46153846153846156
1,0,0,0,1,18,0,1,14,14,75,0.1,0.1,0.6,0.1,0.1,2,0.6931471805599453,0.5,0.34498657233114866,1,0,0.42857142857142855
0,0,1,1,0,13,0,1,15,15,75,0.1,0.1,0.6,0.1,0.1,2,0.6931471805599453,0.5,0.6134088030569649,1,0,0.4
1,1,1,0,1,24,1,1,16,16,75,0.1,0.1,0.6,0.1,0.1,2,0.6931471805599453,0.5,0.6788880172166611,1,1,0.4375
1,1,0,1,0,12,0,1,17,17,75,0.1,0.1,0.6,0.1,0.1,2,0.6931471805599453,0.5,0.29454318096425647,0,1,0.47058823529411764
0,1,1,1,1,31,0,1,18,18,75,0.1,0.1,0.6,0.1,0.1,2,0.6931471805599453,0.5,0.5944635122415552,1,0,0.4444444444444444
0,1,0,1,0,11,0,1,19,19,75,0.1,0.1,0.6,0.1,0.1,2,0.6931471805599453,0.5,0.2447479893863508,1,0,0.42105263157894735
1,1,1,0,0,8,1,1,20,20,75,0.1,0.1,0.6,0.1,0.1,2,0.6931471805599453,0.5,0.6765086336287359,1,1,0.45
1,0,1,1,0,14,1,1,21,21,75,0.1,0.1,0.6,0.1,0.1,2,0.6931471805599453,0.5,0.6489751712754321,0,0,0.42857142857142855
0,0,0,1,1,25,0,1,22,22,75,0.1,0.1,0.6,0.1,0.1,2,0.6931471805599453,0.5,0.26352568382098657,1,0,0.4090909090909091
1,0,1,1,1,30,1,1,23,23,75,0.1,0.1,0.6,0.1,0.1,2,0.6931471805599453,0.5,0.6713529449455978,1,1,0.43478260869565216
0,1,0,0,0,3,0,1,24,24,75,0.1,0.1,0.6,0.1,0.1,2,0.6931471805599453,0.5,0.2581857486553301,1,0,0.4166666666666667
0,1,1,0,1,23,0,1,25,25,75,0.1,0.1,0.6,0.1,0.1,2,0.6931471805599453,0.5,0.6196529716359126,1,0,0.4
1,1,1,1,0,16,1,1,26,26,75,0.1,0.1,0.6,0.1,0.1,2,0.6931471805599453,0.5,0.6590957397590014,0,0,0.38461538461538464
1,1,0,1,1,28,0,1,27,27,75,0.1,0.1,0.6,0.1,0.1,2,0.6931471805599453,0.5,0.30780245778489546,0,1,0.4074074074074074
1,0,0,1,0,10,0,1,28,28,75,0.1,0.1,0.6,0.1,0.1,2,0.6931471805599453,0.5,0.32344900065489274,0,1,0.42857142857142855
0,0,0,1,0,9,0,1,29,29,75,0.1,0.1,0.6,0.1,0.1,2,0.6931471805599453,0.5,0.26656125947513515,1,0,0.41379310344827586
1,0,0,1,1,26,0,1,30,30,75,0.1,0.1,0.6,0.1,0.1,2,0.6931471805599453,0.5,0.30476474201221593,1,0,0.4
0,0,1,0,1,21,0,1,31,31,75,0.1,0.1,0.6,0.1,0.1,2,0.6931471805599453,0.5,0.6337251368600799,1,0,0.3870967741935484
1,1,1,1,1,32,1,1,32,32,75,0.1,0.1,0.6,0.1,0.1,2,0.6931471805599453,0.5,0.6765767229752707,1,1,0.40625
0,0,0,0,0,1,0,2,1,33,75,0.1,0.1,0.6,0.1,0.1,2,0.6931471805599453,0.5,0.2586938454258733,0,1,0.42424242424242425
1,0,1,1,0,14,1,2,2,34,75,0.1,0.1,0.6,0.1,0.1,2,0.6931471805599453,0.5,0.6905952115913897,0,0,0.4117647058823529
0,1,0,0,0,3,0,2,3,35,75,0.1,0.1,0.6,0.1,0.1,2,0.6931471805599453,0.5,0.25231406918542354,1,0,0.4
0,0,1,0,1,21,0,2,4,36,75,0.1,0.1,0.6,0.1,0.1,2,0.6931471805599453,0.5,0.6183717879659091,0,1,0.4166666666666667
0,1,1,1,1,31,0,2,5,37,75,0.1,0.1,0.6,0.1,0.1,2,0.6931471805599453,0.5,0.6134371680236769,1,0,0.40540540540540543
0,0,1,1,1,29,0,2,6,38,75,0.1,0.1,0.6,0.1,0.1,2,0.6931471805599453,0.5,0.60605611655767,0,1,0.42105263157894735
0,1,0,1,1,27,0,2,7,39,75,0.1,0.1,0.6,0.1,0.1,2,0.6931471805599453,0.5,0.26517783791485106,0,1,0.4358974358974359
1,0,0,0,0,2,0,2,8,40,75,0.1,0.1,0.6,0.1,0.1,2,0.6931471805599453,0.5,0.3158128146871655,1,0,0.425
1,1,0,1,1,28,0,2,9,41,75,0.1,0.1,0.6,0.1,0.1,2,0.6931471805599453,0.5,0.3104892306409678,0,1,0.43902439024390244
0,1,0,1,0,11,0,2,10,42,75,0.1,0.1,0.6,0.1,0.1,2,0.6931471805599453,0.5,0.2618372527627409,0,1,0.4523809523809524
0,0,0,1,1,25,0,2,11,43,75,0.1,0.1,0.6,0.1,0.1,2,0.6931471805599453,0.5,0.26124997299192254,0,1,0.46511627906976744
0,1,1,0,0,7,0,2,12,44,75,0.1,0.1,0.6,0.1,0.1,2,0.6931471805599453,0.5,0.6189885670248955,0,1,0.4772727272727273
1,0,0,1,1,26,0,2,13,45,75,0.1,0.1,0.6,0.1,0.1,2,0.6931471805599453,0.5,0.3110006806912642,1,0,0.4666666666666667
1,0,0,1,0,10,0,2,14,46,75,0.1,0.1,0.6,0.1,0.1,2,0.6931471805599453,0.5,0.31315738636050217,0,1,0.4782608695652174
0,1,1,1,0,15,0,2,15,47,75,0.1,0.1,0.6,0.1,0.1,2,0.6931471805599453,0.5,0.6199854091789668,0,1,0.48936170212765956
1,1,0,0,0,4,0,2,16,48,75,0.1,0.1,0.6,0.1,0.1,2,0.6931471805599453,0.5,0.30687841386985,0,1,0.5
0,0,1,0,0,5,0,2,17,49,75,0.1,0.1,0.6,0.1,0.1,2,0.6931471805599453,0.5,0.6192972579339755,0,1,0.5102040816326531
1,1,0,0,1,20,0,2,18,50,75,0.1,0.1,0.6,0.1,0.1,2,0.6931471805599453,0.5,0.30483414885922677,0,1,0.52
1,1,1,1,1,32,1,2,19,51,75,0.1,0.1,0.6,0.1,0.1,2,0.6931471805599453,0.5,0.6814028600042433,0,0,0.5098039215686274
1,1,0,1,0,12,0,2,20,52,75,0.1,0.1,0.6,0.1,0.1,2,0.6931471805599453,0.5,0.30768993472191875,0,1,0.5192307692307693
1,0,1,0,0,6,1,2,21,53,75,0.1,0.1,0.6,0.1,0.1,2,0.6931471805599453,0.5,0.6827879599060038,1,1,0.5283018867924528
0,0,0,0,1,17,0,2,22,54,75,0.1,0.1,0.6,0.1,0.1,2,0.6931471805599453,0.5,0.2613929601237105,1,0,0.5185185185185185
0,1,0,0,1,19,0,2,23,55,75,0.1,0.1,0.6,0.1,0.1,2,0.6931471805599453,0.5,0.2538399800609808,0,1,0.5272727272727272
1,1,1,1,0,16,1,2,24,56,75,0.1,0.1,0.6,0.1,0.1,2,0.6931471805599453,0.5,0.6914766948438229,1,1,0.5357142857142857
1,0,0,0,1,18,0,2,25,57,75,0.1,0.1,0.6,0.1,0.1,2,0.6931471805599453,0.5,0.29582952475287994,1,0,0.5263157894736842
1,0,1,1,1,30,1,2,26,58,75,0.1,0.1,0.6,0.1,0.1,2,0.6931471805599453,0.5,0.6918709087737254,1,1,0.5344827586206896
0,0,1,1,0,13,0,2,27,59,75,0.1,0.1,0.6,0.1,0.1,2,0.6931471805599453,0.5,0.6315054044937936,1,0,0.5254237288135594
1,1,1,0,1,24,1,2,28,60,75,0.1,0.1,0.6,0.1,0.1,2,0.6931471805599453,0.5,0.6821691874819553,0,0,0.5166666666666667
1,0,1,0,1,22,1,2,29,61,75,0.1,0.1,0.6,0.1,0.1,2,0.6931471805599453,0.5,0.685684091105808,1,1,0.5245901639344263
1,1,1,0,0,8,1,2,30,62,75,0.1,0.1,0.6,0.1,0.1,2,0.6931471805599453,0.5,0.6843232751317929,1,1,0.532258064516129
0,0,0,1,0,9,0,2,31,63,75,0.1,0.1,0.6,0.1,0.1,2,0.6931471805599453,0.5,0.25950062738369634,0,1,0.5396825396825397
0,1,1,0,1,23,0,2,32,64,75,0.1,0.1,0.6,0.1,0.1,2,0.6931471805599453,0.5,0.6215006942748528,0,1,0.546875
0,1,0,0,0,3,0,3,1,65,75,0.1,0.1,0.6,0.1,0.1,2,0.6931471805599453,0.5,0.2586938454258733,0,1,0.5538461538461539
1,1,1,1,1,32,1,3,2,66,75,0.1,0.1,0.6,0.1,0.1,2,0.6931471805599453,0.5,0.6893237097892534,0,0,0.5454545454545454
0,1,1,0,1,23,0,3,3,67,75,0.1,0.1,0.6,0.1,0.1,2,0.6931471805599453,0.5,0.6164375789166013,1,0,0.5373134328358209
1,0,1,1,1,30,1,3,4,68,75,0.1,0.1,0.6,0.1,0.1,2,0.6931471805599453,0.5,0.6881757658104427,1,1,0.5441176470588235
0,0,1,1,0,13,0,3,5,69,75,0.1,0.1,0.6,0.1,0.1,2,0.6931471805599453,0.5,0.613484103793473,0,1,0.5507246376811594
1,1,0,0,1,20,0,3,6,70,75,0.1,0.1,0.6,0.1,0.1,2,0.6931471805599453,0.5,0.3081827803247791,1,0,0.5428571428571428
1,1,0,0,0,4,0,3,7,71,75,0.1,0.1,0.6,0.1,0.1,2,0.6931471805599453,0.5,0.3003808209253512,0,1,0.5492957746478874
0,0,0,0,1,17,0,3,8,72,75,0.1,0.1,0.6,0.1,0.1,2,0.6931471805599453,0.5,0.2606715493654933,1,0,0.5416666666666666
1,1,1,0,0,8,1,3,9,73,75,0.1,0.1,0.6,0.1,0.1,2,0.6931471805599453,0.5,0.6810095784285815,0,0,0.5342465753424658
1,0,1,1,0,14,1,3,10,74,75,0.1,0.1,0.6,0.1,0.1,2,0.6931471805599453,0.5,0.6866281796974207,1,1,0.5405405405405406
1,1,1,0,1,24,1,3,11,75,75,0.1,0.1,0.6,0.1,0.1,2,0.6931471805599453,0.5,0.68295336848503585,1,1,0.5466666666666666
0,1,1,1,0,15,0,3,12,76,75,0.1,0.1,0.6,0.1,0.1,2,0.6931471805599453,0.5,0.6146661415148186,1,0,0.5394736842105263
0,0,0,0,0,1,0,3,13,77,75,0.1,0.1,0.6,0.1,0.1,2,0.6931471805599453,0.5,0.25724626741833145,0,1,0.5454545454545454
0,1,1,0,0,7,0,3,14,78,75,0.1,0.1,0.6,0.1,0.1,2,0.6931471805599453,0.5,0.6082967285600064,1,0,0.5384615384615384
0,1,1,1,1,31,0,3,15,79,75,0.1,0.1,0.6,0.1,0.1,2,0.6931471805599453,0.5,0.612200751813854,1,0,0.5316455696202531
0,0,1,0,0,5,0,3,16,80,75,0.1,0.1,0.6,0.1,0.1,2,0.6931471805599453,0.5,0.6014730800238984,0,1,0.5375
1,0,0,0,1,18,0,3,17,81,75,0.1,0.1,0.6,0.1,0.1,2,0.6931471805599453,0.5,0.31088757789701377,0,1,0.5432098765432098
0,0,1,1,1,29,0,3,18,82,75,0.1,0.1,0.6,0.1,0.1,2,0.6931471805599453,0.5,0.6082628116827485,0,1,0.5487804878048781
1,1,0,1,1,28,0,3,19,83,75,0.1,0.1,0.6,0.1,0.1,2,0.6931471805599453,0.5,0.3192032632539453,1,0,0.54216867469879515
0,1,0,0,1,19,0,3,20,84,75,0.1,0.1,0.6,0.1,0.1,2,0.6931471805599453,0.5,0.264237952464627,0,1,0.5476190476190477
1,0,0,1,0,10,0,3,21,85,75,0.1,0.1,0.6,0.1,0.1,2,0.6931471805599453,0.5,0.31488238311283706,1,0,0.5411764705882353
0,0,0,1,1,25,0,3,22,86,75,0.1,0.1,0.6,0.1,0.1,2,0.6931471805599453,0.5,0.26695067487890073,0,1,0.5465116279069767
1,0,0,0,0,2,0,3,23,87,75,0.1,0.1,0.6,0.1,0.1,2,0.6931471805599453,0.5,0.3049267639193503,0,1,0.5517241379310345
1,1,0,1,0,12,0,3,24,88,75,0.1,0.1,0.6,0.1,0.1,2,0.6931471805599453,0.5,0.31026293446792047,1,0,0.5454545454545454
0,0,1,0,1,21,0,3,25,89,75,0.1,0.1,0.6,0.1,0.1,2,0.6931471805599453,0.5,0.6102154136032272,1,0,0.5393258426966292
1,0,1,0,0,6,1,3,26,90,75,0.1,0.1,0.6,0.1,0.1,2,0.6931471805599453,0.5,0.6777159125421464,1,1,0.5444444444444444
1,1,1,1,0,16,1,3,27,91,75,0.1,0.1,0.6,0.1,0.1,2,0.6931471805599453,0.5,0.6817099026722089,0,0,0.5384615384615384
1,0,1,0,1,22,1,3,28,92,75,0.1,0.1,0.6,0.1,0.1,2,0.6931471805599453,0.5,0.6778827601835615,1,1,0.5434782608695652
0,0,0,1,0,9,0,3,29,93,75,0.1,0.1,0.6,0.1,0.1,2,0.6931471805599453,0.5,0.2642992763839907,0,1,0.5483870967741935
0,1,0,1,0,11,0,3,30,94,75,0.1,0.1,0.6,0.1,0.1,2,0.6931471805599453,0.5,0.2628029833620122,1,0,0.5425531914893617
1,0,0,1,1,26,0,3,31,95,75,0.1,0.1,0.6,0.1,0.1,2,0.6931471805599453,0.5,0.3081033120951154,0,1,0.5473684210526316
0,1,0,1,1,27,0,3,32,96,75,0.1,0.1,0.6,0.1,0.1,2,0.6931471805599453,0.5,0.26109786724932244,1,0,0.5416666666666666
1,0,1,1,1,30,1,1,1,1,76,0.1,0.1,0.6,0.1,0.1,4,1.3862943611198906,0.5,0.5,1,1,1
0,0,1,1,1,29,0,1,2,2,76,0.1,0.1,0.6,0.1,0.1,4,1.3862943611198906,0.5,0.5,1,0,0.5
0,0,0,1,1,25,0,1,3,3,76,0.1,0.1,0.6,0.1,0.1,4,1.3862943611198906,0.5,0.401312339887548,0,1,0.6666666666666666
1,1,0,1,0,12,0,1,4,4,76,0.1,0.1,0.6,0.1,0.1,4,1.3862943611198906,0.5,0.19881948653454024,0,1,0.75
1,1,0,0,0,4,0,1,5,5,76,0.1,0.1,0.6,0.1,0.1,4,1.3862943611198906,0.5,0.08428882598102072,0,1,0.8
0,0,0,0,0,1,0,1,6,6,76,0.1,0.1,0.6,0.1,0.1,4,1.3862943611198906,0.5,0.08096462120809414,0,1,0.8333333333333334
1,1,0,0,1,20,0,1,7,7,76,0.1,0.1,0.6,0.1,0.1,4,1.3862943611198906,0.5,0.10434872171700257,0,1,0.8571428571428571
1,0,0,0,0,2,0,1,8,8,76,0.1,0.1,0.6,0.1,0.1,4,1.3862943611198906,0.5,0.0869627950984941,0,1,0.875
1,0,1,0,0,6,1,1,9,9,76,0.1,0.1,0.6,0.1,0.1,4,1.3862943611198906,0.5,0.8348108392273617,1,1,0.8888888888888888
1,1,1,0,0,8,1,1,10,10,76,0.1,0.1,0.6,0.1,0.1,4,1.3862943611198906,0.5,0.8642437320992319,1,1,0.9
1,1,0,1,1,28,0,1,11,11,76,0.1,0.1,0.6,0.1,0.1,4,1.3862943611198906,0.5,0.0975247258466238,0,1,0.9090909090909091
0,1,1,0,0,7,0,1,12,12,76,0.1,0.1,0.6,0.1,0.1,4,1.3862943611198906,0.5,0.8545666030374282,1,0,0.8333333333333334
1,0,0,1,0,10,0,1,13,13,76,0.1,0.1,0.6,0.1,0.1,4,1.3862943611198906,0.5,0.12195800417553279,0,1,0.8461538461538461
0,1,1,1,0,15,0,1,14,14,76,0.1,0.1,0.6,0.1,0.1,4,1.3862943611198906,0.5,0.7089946067219901,1,0,0.7857142857142857
0,1,0,1,1,27,0,1,15,15,76,0.1,0.1,0.6,0.1,0.1,4,1.3862943611198906,0.5,0.08284744221632105,0,1,0.8
1,1,1,0,1,24,1,1,16,16,76,0.1,0.1,0.6,0.1,0.1,4,1.3862943611198906,0.5,0.8103989464825638,1,1,0.8125
0,0,1,1,0,13,0,1,17,17,76,0.1,0.1,0.6,0.1,0.1,4,1.3862943611198906,0.5,0.6598643208519815,0,1,0.8235294117647058
1,0,0,1,1,26,0,1,18,18,76,0.1,0.1,0.6,0.1,0.1,4,1.3862943611198906,0.5,0.12457390380218222,1,0,0.7777777777777778
0,0,0,0,1,17,0,1,19,19,76,0.1,0.1,0.6,0.1,0.1,4,1.3862943611198906,0.5,0.10606944820108483,0,1,0.7894736842105263
1,0,1,1,0,14,1,1,20,20,76,0.1,0.1,0.6,0.1,0.1,4,1.3862943611198906,0.5,0.7665402717884672,1,1,0.8
0,0,1,0,1,21,0,1,21,21,76,0.1,0.1,0.6,0.1,0.1,4,1.3862943611198906,0.5,0.7138155487204582,1,0,0.7619047619047619
1,0,1,0,1,22,1,1,22,22,76,0.1,0.1,0.6,0.1,0.1,4,1.3862943611198906,0.5,0.7933241452754736,1,1,0.7727272727272727
0,0,0,1,0,9,0,1,23,23,76,0.1,0.1,0.6,0.1,0.1,4,1.3862943611198906,0.5,0.09681930987253246,0,1,0.782608695652174
0,1,0,0,0,3,0,1,24,24,76,0.1,0.1,0.6,0.1,0.1,4,1.3862943611198906,0.5,0.10145727678616927,0,1,0.7916666666666666
0,1,1,1,1,31,0,1,25,25,76,0.1,0.1,0.6,0.1,0.1,4,1.3862943611198906,0.5,0.6494121586198391,1,0,0.76
1,0,0,0,1,18,0,1,26,26,76,0.1,0.1,0.6,0.1,0.1,4,1.3862943611198906,0.5,0.15060020446981537,0,1,0.7692307692307693
0,0,1,0,0,5,0,1,27,27,76,0.1,0.1,0.6,0.1,0.1,4,1.3862943611198906,0.5,0.6949005565822444,0,1,0.7777777777777778
1,1,1,1,1,32,1,1,28,28,76,0.1,0.1,0.6,0.1,0.1,4,1.3862943611198906,0.5,0.7603017449268432,1,1,0.7857142857142857
0,1,0,1,0,11,0,1,29,29,76,0.1,0.1,0.6,0.1,0.1,4,1.3862943611198906,0.5,0.09042413058782074,0,1,0.7931034482758621
0,1,1,0,1,23,0,1,30,30,76,0.1,0.1,0.6,0.1,0.1,4,1.3862943611198906,0.5,0.6747770864101604,0,1,0.8
1,1,1,1,0,16,1,1,31,31,76,0.1,0.1,0.6,0.1,0.1,4,1.3862943611198906,0.5,0.7597664710186932,1,1,0.8064516129032258
0,1,0,0,1,19,0,1,32,32,76,0.1,0.1,0.6,0.1,0.1,4,1.3862943611198906,0.5,0.1015690720631095,0,1,0.8125
1,1,0,0,0,4,0,2,1,33,76,0.1,0.1,0.6,0.1,0.1,4,1.3862943611198906,0.5,0.13585386003366548,0,1,0.8181818181818182
0,0,0,1,0,9,0,2,2,34,76,0.1,0.1,0.6,0.1,0.1,4,1.3862943611198906,0.5,0.09427559171436026,0,1,0.8235294117647058
1,0,0,0,0,2,0,2,3,35,76,0.1,0.1,0.6,0.1,0.1,4,1.3862943611198906,0.5,0.13009893189440264,0,1,0.8285714285714286
1,0,0,0,1,18,0,2,4,36,76,0.1,0.1,0.6,0.1,0.1,4,1.3862943611198906,0.5,0.1307205290873077,0,1,0.8333333333333334
0,1,1,1,0,15,0,2,5,37,76,0.1,0.1,0.6,0.1,0.1,4,1.3862943611198906,0.5,0.6647668312821475,0,1,0.8378378378378378
0,1,0,1,1,27,0,2,6,38,76,0.1,0.1,0.6,0.1,0.1,4,1.3862943611198906,0.5,0.09738610240439355,0,1,0.8421052631578947
1,1,0,1,0,12,0,2,7,39,76,0.1,0.1,0.6,0.1,0.1,4,1.3862943611198906,0.5,0.1317500807582907,0,1,0.8461538461538461
1,1,1,1,1,32,1,2,8,40,76,0.1,0.1,0.6,0.1,0.1,4,1.3862943611198906,0.5,0.7992020512123463,1,1,0.85
1,1,1,0,0,8,1,2,9,41,76,0.1,0.1,0.6,0.1,0.1,4,1.3862943611198906,0.5,0.7932504924511529,1,1,0.8536585365853658
1,1,0,0,1,20,0,2,10,42,76,0.1,0.1,0.6,0.1,0.1,4,1.3862943611198906,0.5,0.13316573743329208,0,1,0.8571428571428571
0,0,1,0,0,5,0,2,11,43,76,0.1,0.1,0.6,0.1,0.1,4,1.3862943611198906,0.5,0.664440528403229,1,0,0.8372093023255814
0,1,0,1,0,11,0,2,12,44,76,0.1,0.1,0.6,0.1,0.1,4,1.3862943611198906,0.5,0.09402686393606378,0,1,0.8409090909090909
0,0,1,1,0,13,0,2,13,45,76,0.1,0.1,0.6,0.1,0.1,4,1.3862943611198906,0.5,0.6423561165188345,1,0,0.8222222222222222
0,0,1,1,1,29,0,2,14,46,76,0.1,0.1,0.6,0.1,0.1,4,1.3862943611198906,0.5,0.6460510471641968,1,0,0.8043478260869565
0,0,1,0,1,21,0,2,15,47,76,0.1,0.1,0.6,0.1,0.1,4,1.3862943611198906,0.5,0.6336882800908884,0,1,0.8085106382978723
1,0,1,1,1,30,1,2,16,48,76,0.1,0.1,0.6,0.1,0.1,4,1.3862943611198906,0.5,0.7672643231525846,0,0,0.7916666666666666
1,0,1,0,0,6,1,2,17,49,76,0.1,0.1,0.6,0.1,0.1,4,1.3862943611198906,0.5,0.7621996176976842,1,1,0.7959183673469388
1,1,1,1,0,16,1,2,18,50,76,0.1,0.1,0.6,0.1,0.1,4,1.3862943611198906,0.5,0.7755520341358723,1,1,0.8
0,1,0,0,0,3,0,2,19,51,76,0.1,0.1,0.6,0.1,0.1,4,1.3862943611198906,0.5,0.09815884348297434,0,1,0.803921568627451
0,0,0,1,1,25,0,2,20,52,76,0.1,0.1,0.6,0.1,0.1,4,1.3862943611198906,0.5,0.09926042574739363,0,1,0.8076923076923077
1,0,1,1,0,14,1,2,21,53,76,0.1,0.1,0.6,0.1,0.1,4,1.3862943611198906,0.5,0.7754270284281924,1,1,0.8113207547169812
0,1,1,1,1,31,0,2,22,54,76,0.1,0.1,0.6,0.1,0.1,4,1.3862943611198906,0.5,0.6469913921749789,0,1,0.8148148148148148
0,0,0,0,1,17,0,2,23,55,76,0.1,0.1,0.6,0.1,0.1,4,1.3862943611198906,0.5,0.09328148296511612,0,1,0.8181818181818182
0,1,1,0,0,7,0,2,24,56,76,0.1,0.1,0.6,0.1,0.1,4,1.3862943611198906,0.5,0.6448127469601088,1,0,0.8035714285714286
1,0,0,1,1,26,0,2,25,57,76,0.1,0.1,0.6,0.1,0.1,4,1.3862943611198906,0.5,0.14496096764656038,0,1,0.8070175438596491
1,0,1,0,1,22,1,2,26,58,76,0.1,0.1,0.6,0.1,0.1,4,1.3862943611198906,0.5,0.7692664215597773,1,1,0.8103448275862069
1,0,0,1,0,10,0,2,27,59,76,0.1,0.1,0.6,0.1,0.1,4,1.3862943611198906,0.5,0.14335633652187793,0,1,0.8135593220338984
1,1,1,0,1,24,1,2,28,60,76,0.1,0.1,0.6,0.1,0.1,4,1.3862943611198906,0.5,0.7810783107743473,1,1,0.8166666666666667
0,1,1,0,1,23,0,2,29,61,76,0.1,0.1,0.6,0.1,0.1,4,1.3862943611198906,0.5,0.6424863958862677,1,0,0.8032786885245902
0,1,0,0,1,19,0,2,30,62,76,0.1,0.1,0.6,0.1,0.1,4,1.3862943611198906,0.5,0.09895445009071648,0,1,0.8064516129032258
0,0,0,0,0,1,0,2,31,63,76,0.1,0.1,0.6,0.1,0.1,4,1.3862943611198906,0.5,0.09675564254845416,0,1,0.8095238095238095
1,1,0,1,1,28,0,2,32,64,76,0.1,0.1,0.6,0.1,0.1,4,1.3862943611198906,0.5,0.14097286017957056,0,1,0.8125
0,0,1,0,0,5,0,3,1,65,76,0.1,0.1,0.6,0.1,0.1,4,1.3862943611198906,0.5,0.6358791053650902,1,0,0.8
0,0,0,1,1,25,0,3,2,66,76,0.1,0.1,0.6,0.1,0.1,4,1.3862943611198906,0.5,0.09542261703333654,0,1,0.803030303030303
0,1,0,1,0,11,0,3,3,67,76,0.1,0.1,0.6,0.1,0.1,4,1.3862943611198906,0.5,0.09484250532009278,0,1,0.8059701492537313
0,1,0,0,0,3,0,3,4,68,76,0.1,0.1,0.6,0.1,0.1,4,1.3862943611198906,0.5,0.09383673198246488,0,1,0.8088235294117647
1,1,1,0,0,8,1,3,5,69,76,0.1,0.1,0.6,0.1,0.1,4,1.3862943611198906,0.5,0.786368772579279,1,1,0.8115942028985508
0,0,1,1,1,29,0,3,6,70,76,0.1,0.1,0.6,0.1,0.1,4,1.3862943611198906,0.5,0.6349774078977818,1,0,0.8
1,1,0,0,1,20,0,3,7,71,76,0.1,0.1,0.6,0.1,0.1,4,1.3862943611198906,0.5,0.1408115258024001,0,1,0.8028169014084507
1,1,1,1,1,32,1,3,8,72,76,0.1,0.1,0.6,0.1,0.1,4,1.3862943611198906,0.5,0.7853717506594474,1,1,0.8055555555555556
0,1,0,1,1,27,0,3,9,73,76,0.1,0.1,0.6,0.1,0.1,4,1.3862943611198906,0.5,0.09488791395444188,0,1,0.8082191780821918
1,1,1,0,1,24,1,3,10,74,76,0.1,0.1,0.6,0.1,0.1,4,1.3862943611198906,0.5,0.7932715264211228,0,0,0.7972972972972973
1,0,1,1,1,30,1,3,11,75,76,0.1,0.1,0.6,0.1,0.1,4,1.3862943611198906,0.5,0.7790306854199094,0,0,0.7866666666666666
1,1,0,0,0,4,0,3,12,76,76,0.1,0.1,0.6,0.1,0.1,4,1.3862943611198906,0.5,0.13677287283273973,1,0,0.7763157894736842
0,1,1,0,0,7,0,3,13,77,76,0.1,0.1,0.6,0.1,0.1,4,1.3862943611198906,0.5,0.6469609139289623,1,0,0.7662337662337663
1,0,1,0,0,6,1,3,14,78,76,0.1,0.1,0.6,0.1,0.1,4,1.3862943611198906,0.5,0.7743076145899775,1,1,0.7692307692307693
0,0,0,0,0,1,0,3,15,79,76,0.1,0.1,0.6,0.1,0.1,4,1.3862943611198906,0.5,0.094738787364411145,0,1,0.7721518987341772
0,0,1,0,1,21,0,3,16,80,76,0.1,0.1,0.6,0.1,0.1,4,1.3862943611198906,0.5,0.6384661416250164,1,0,0.7625
1,1,0,1,0,12,0,3,17,81,76,0.1,0.1,0.6,0.1,0.1,4,1.3862943611198906,0.5,0.13543119387205138,0,1,0.7654320987654321
1,1,0,1,1,28,0,3,18,82,76,0.1,0.1,0.6,0.1,0.1,4,1.3862943611198906,0.5,0.1379056318546264,1,0,0.7560975609756098
1,1,1,1,0,16,1,3,19,83,76,0.1,0.1,0.6,0.1,0.1,4,1.3862943611198906,0.5,0.788377920492897,1,1,0.7590361445783133
1,0,0,1,1,26,0,3,20,84,76,0.1,0.1,0.6,0.1,0.1,4,1.3862943611198906,0.5,0.13671559503946376,0,1,0.7619047619047619
0,0,0,1,0,9,0,3,21,85,76,0.1,0.1,0.6,0.1,0.1,4,1.3862943611198906,0.5,0.09186551751147923,0,1,0.7647058823529411
0,1,0,0,1,19,0,3,22,86,76,0.1,0.1,0.6,0.1,0.1,4,1.3862943611198906,0.5,0.09422034432926725,0,1,0.7674418604651163
0,0,1,1,0,13,0,3,23,87,76,0.1,0.1,0.6,0.1,0.1,4,1.3862943611198906,0.5,0.643994931664007,0,1,0.7701149425287356
0,1,1,1,1,31,0,3,24,88,76,0.1,0.1,0.6,0.1,0.1,4,1.3862943611198906,0.5,0.6550311797065105,0,1,0.7727272727272727
1,0,0,0,1,18,0,3,25,89,76,0.1,0.1,0.6,0.1,0.1,4,1.3862943611198906,0.5,0.13771951852587988,0,1,0.7752808988764045
1,0,1,1,0,14,1,3,26,90,76,0.1,0.1,0.6,0.1,0.1,4,1.3862943611198906,0.5,0.781664436395702,1,1,0.7777777777777778
0,1,1,1,0,15,0,3,27,91,76,0.1,0.1,0.6,0.1,0.1,4,1.3862943611198906,0.5,0.6473026182317522,0,1,0.7802197802197802
1,0,0,1,0,10,0,3,28,92,76,0.1,0.1,0.6,0.1,0.1,4,1.3862943611198906,0.5,0.1404408233882233,1,0,0.7717391304347826
0,1,1,0,1,23,0,3,29,93,76,0.1,0.1,0.6,0.1,0.1,4,1.3862943611198906,0.5,0.6406925742408882,1,0,0.7634408602150538
1,0,0,0,0,2,0,3,30,94,76,0.1,0.1,0.6,0.1,0.1,4,1.3862943611198906,0.5,0.13905571298132197,0,1,0.7659574468085106
0,0,0,0,1,17,0,3,31,95,76,0.1,0.1,0.6,0.1,0.1,4,1.3862943611198906,0.5,0.09351367810159397,0,1,0.7684210526315789
1,0,1,0,1,22,1,3,32,96,76,0.1,0.1,0.6,0.1,0.1,4,1.3862943611198906,0.5,0.7795689090873282,0,0,0.7604166666666666
1,1,0,0,1,20,0,1,1,1,77,0.1,0.1,0.6,0.1,0.1,4,1.3862943611198906,0.5,0.5,0,1,1
1,1,1,1,1,32,1,1,2,2,77,0.1,0.1,0.6,0.1,0.1,4,1.3862943611198906,0.5,0.5,0,0,0.5
0,1,0,1,0,11,0,1,3,3,77,0.1,0.1,0.6,0.1,0.1,4,1.3862943611198906,0.5,0.11920292202211759,0,1,0.6666666666666666
1,0,1,0,0,6,1,1,4,4,77,0.1,0.1,0.6,0.1,0.1,4,1.3862943611198906,0.5,0.89845110942683315,1,1,0.75
0,0,0,0,1,17,0,1,5,5,77,0.1,0.1,0.6,0.1,0.1,4,1.3862943611198906,0.5,0.08317269649392238,1,0,0.6
1,0,0,1,0,10,0,1,6,6,77,0.1,0.1,0.6,0.1,0.1,4,1.3862943611198906,0.5,0.12653555651825465,0,1,0.6666666666666666
0,0,1,1,1,29,0,1,7,7,77,0.1,0.1,0.6,0.1,0.1,4,1.3862943611198906,0.5,0.89845110942683315,1,0,0.5714285714285714
0,0,0,0,0,1,0,1,8,8,77,0.1,0.1,0.6,0.1,0.1,4,1.3862943611198906,0.5,0.0938064640149639,0,1,0.625
1,0,0,0,1,18,0,1,9,9,77,0.1,0.1,0.6,0.1,0.1,4,1.3862943611198906,0.5,0.10934786411409739,0,1,0.6666666666666666
1,1,0,1,0,12,0,1,10,10,77,0.1,0.1,0.6,0.1,0.1,4,1.3862943611198906,0.5,0.11941326906496477,0,1,0.7
1,1,0,1,1,28,0,1,11,11,77,0.1,0.1,0.6,0.1,0.1,4,1.3862943611198906,0.5,0.12745256193608798,0,1,0.7272727272727273
1,1,0,0,0,4,0,1,12,12,77,0.1,0.1,0.6,0.1,0.1,4,1.3862943611198906,0.5,0.10474079282225779,0,1,0.75
0,0,1,0,0,5,0,1,13,13,77,0.1,0.1,0.6,0.1,0.1,4,1.3862943611198906,0.5,0.839000258554165,0,1,0.7692307692307693
0,0,1,1,0,13,0,1,14,14,77,0.1,0.1,0.6,0.1,0.1,4,1.3862943611198906,0.5,0.707705820666531,0,1,0.7857142857142857
0,1,0,1,1,27,0,1,15,15,77,0.1,0.1,0.6,0.1,0.1,4,1.3862943611198906,0.5,0.10557004783461084,0,1,0.8
0,1,1,0,0,7,0,1,16,16,77,0.1,0.1,0.6,0.1,0.1,4,1.3862943611198906,0.5,0.7252300486802061,1,0,0.75
1,1,1,0,1,24,1,1,17,17,77,0.1,0.1,0.6,0.1,0.1,4,1.3862943611198906,0.5,0.8190930189903506,1,1,0.7647058823529411
1,0,0,1,1,26,0,1,18,18,77,0.1,0.1,0.6,0.1,0.1,4,1.3862943611198906,0.5,0.12025922825843394,0,1,0.7777777777777778
0,1,0,0,1,19,0,1,19,19,77,0.1,0.1,0.6,0.1,0.1,4,1.3862943611198906,0.5,0.10967952177887659,0,1,0.7894736842105263
0,1,0,0,0,3,0,1,20,20,77,0.1,0.1,0.6,0.1,0.1,4,1.3862943611198906,0.5,0.09093108386672288,0,1,0.8
1,1,1,0,0,8,1,1,21,21,77,0.1,0.1,0.6,0.1,0.1,4,1.3862943611198906,0.5,0.8202728518286457,1,1,0.8095238095238095
0,1,1,1,0,15,0,1,22,22,77,0.1,0.1,0.6,0.1,0.1,4,1.3862943611198906,0.5,0.6937204492107825,0,1,0.8181818181818182
0,1,1,1,1,31,0,1,23,23,77,0.1,0.1,0.6,0.1,0.1,4,1.3862943611198906,0.5,0.7001894943620934,1,0,0.782608695652174
0,0,1,0,1,21,0,1,24,24,77,0.1,0.1,0.6,0.1,0.1,4,1.3862943611198906,0.5,0.6673753170133635,1,0,0.75
1,0,0,0,0,2,0,1,25,25,77,0.1,0.1,0.6,0.1,0.1,4,1.3862943611198906,0.5,0.14863820145122766,0,1,0.76
0,0,0,1,1,25,0,1,26,26,77,0.1,0.1,0.6,0.1,0.1,4,1.3862943611198906,0.5,0.08417965186076186,0,1,0.7692307692307693
1,0,1,1,1,30,1,1,27,27,77,0.1,0.1,0.6,0.1,0.1,4,1.3862943611198906,0.5,0.746769839467367,1,1,0.7777777777777778
0,0,0,1,0,9,0,1,28,28,77,0.1,0.1,0.6,0.1,0.1,4,1.3862943611198906,0.5,0.08649137353950175,0,1,0.7857142857142857
1,0,1,1,0,14,1,1,29,29,77,0.1,0.1,0.6,0.1,0.1,4,1.3862943611198906,0.5,0.7630951120339059,1,1,0.7931034482758621
1,1,1,1,0,16,1,1,30,30,77,0.1,0.1,0.6,0.1,0.1,4,1.3862943611198906,0.5,0.7848949152162308,0,0,0.7666666666666667
0,1,1,0,1,23,0,1,31,31,77,0.1,0.1,0.6,0.1,0.1,4,1.3862943611198906,0.5,0.6680588031959263,1,0,0.7419354838709677
1,0,1,0,1,22,1,1,32,32,77,0.1,0.1,0.6,0.1,0.1,4,1.3862943611198906,0.5,0.7661681512081773,1,1,0.75
0,1,1,1,1,31,0,2,1,33,77,0.1,0.1,0.6,0.1,0.1,4,1.3862943611198906,0.5,0.6358791053650902,1,0,0.7272727272727273
1,0,1,1,1,30,1,2,2,34,77,0.1,0.1,0.6,0.1,0.1,4,1.3862943611198906,0.5,0.7728897168541855,1,1,0.7352941176470589
0,1,0,1,0,11,0,2,3,35,77,0.1,0.1,0.6,0.1,0.1,4,1.3862943611198906,0.5,0.09452590897356714,1,0,0.7142857142857143
1,1,1,0,0,8,1,2,4,36,77,0.1,0.1,0.6,0.1,0.1,4,1.3862943611198906,0.5,0.7745491715324889,1,1,0.7222222222222222
1,0,0,1,0,10,0,2,5,37,77,0.1,0.1,0.6,0.1,0.1,4,1.3862943611198906,0.5,0.1376026228768422,1,0,0.7027027027027027
1,1,0,0,0,4,0,2,6,38,77,0.1,0.1,0.6,0.1,0.1,4,1.3862943611198906,0.5,0.13968211518311002,0,1,0.7105263157894737
0,1,0,0,1,19,0,2,7,39,77,0.1,0.1,0.6,0.1,0.1,4,1.3862943611198906,0.5,0.09506362897170462,0,1,0.717948717948718
1,0,0,0,0,2,0,2,8,40,77,0.1,0.1,0.6,0.1,0.1,4,1.3862943611198906,0.5,0.13165910131509864,0,1,0.725
0,1,1,0,0,7,0,2,9,41,77,0.1,0.1,0.6,0.1,0.1,4,1.3862943611198906,0.5,0.6640034064983457,1,0,0.7073170731707317
1,0,1,0,1,22,1,2,10,42,77,0.1,0.1,0.6,0.1,0.1,4,1.3862943611198906,0.5,0.7945229638731383,1,1,0.7142857142857143
0,0,0,1,0,9,0,2,11,43,77,0.1,0.1,0.6,0.1,0.1,4,1.3862943611198906,0.5,0.09086661904561431,0,1,0.7209302325581395
1,1,1,0,1,24,1,2,12,44,77,0.1,0.1,0.6,0.1,0.1,4,1.3862943611198906,0.5,0.7907975939702023,1,1,0.7272727272727273
1,1,1,1,1,32,1,2,13,45,77,0.1,0.1,0.6,0.1,0.1,4,1.3862943611198906,0.5,0.7856685017429025,1,1,0.7333333333333333
0,0,1,1,1,29,0,2,14,46,77,0.1,0.1,0.6,0.1,0.1,4,1.3862943611198906,0.5,0.6607552401896818,1,0,0.717391304347826
0,1,0,0,0,3,0,2,15,47,77,0.1,0.1,0.6,0.1,0.1,4,1.3862943611198906,0.5,0.09125015180220321,0,1,0.723404255319149
0,0,1,1,0,13,0,2,16,48,77,0.1,0.1,0.6,0.1,0.1,4,1.3862943611198906,0.5,0.6268577934805986,1,0,0.7083333333333334
1,1,0,0,1,20,0,2,17,49,77,0.1,0.1,0.6,0.1,0.1,4,1.3862943611198906,0.5,0.15000980461697,0,1,0.7142857142857143
0,0,1,0,0,5,0,2,18,50,77,0.1,0.1,0.6,0.1,0.1,4,1.3862943611198906,0.5,0.6305889517559873,0,1,0.72
0,1,1,0,1,23,0,2,19,51,77,0.1,0.1,0.6,0.1,0.1,4,1.3862943611198906,0.5,0.6518728775535954,0,1,0.7254901960784313
1,1,1,1,0,16,1,2,20,52,77,0.1,0.1,0.6,0.1,0.1,4,1.3862943611198906,0.5,0.7653178486408178,1,1,0.7307692307692307
0,0,0,1,1,25,0,2,21,53,77,0.1,0.1,0.6,0.1,0.1,4,1.3862943611198906,0.5,0.10407841727193735,0,1,0.7358490566037735
1,1,0,1,1,28,0,2,22,54,77,0.1,0.1,0.6,0.1,0.1,4,1.3862943611198906,0.5,0.1517781539741912,0,1,0.7407407407407407
1,0,0,0,1,18,0,2,23,55,77,0.1,0.1,0.6,0.1,0.1,4,1.3862943611198906,0.5,0.14372845514068297,0,1,0.7454545454545455
0,0,1,0,1,21,0,2,24,56,77,0.1,0.1,0.6,0.1,0.1,4,1.3862943611198906,0.5,0.6368454463925293,0,1,0.75
1,0,1,0,0,6,1,2,25,57,77,0.1,0.1,0.6,0.1,0.1,4,1.3862943611198906,0.5,0.7622739884481109,0,0,0.7368421052631579
1,0,0,1,1,26,0,2,26,58,77,0.1,0.1,0.6,0.1,0.1,4,1.3862943611198906,0.5,0.14034734794310572,0,1,0.7413793103448276
0,1,1,1,0,15,0,2,27,59,77,0.1,0.1,0.6,0.1,0.1,4,1.3862943611198906,0.5,0.6352743732512821,0,1,0.7457627118644068
1,0,1,1,0,14,1,2,28,60,77,0.1,0.1,0.6,0.1,0.1,4,1.3862943611198906,0.5,0.76484851752087,1,1,0.75
1,1,0,1,0,12,0,2,29,61,77,0.1,0.1,0.6,0.1,0.1,4,1.3862943611198906,0.5,0.14085654560247193,0,1,0.7540983606557377
0,0,0,0,0,1,0,2,30,62,77,0.1,0.1,0.6,0.1,0.1,4,1.3862943611198906,0.5,0.09940403276392486,0,1,0.7580645161290323
0,1,0,1,1,27,0,2,31,63,77,0.1,0.1,0.6,0.1,0.1,4,1.3862943611198906,0.5,0.09819840559861447,0,1,0.7619047619047619
0,0,0,0,1,17,0,2,32,64,77,0.1,0.1,0.6,0.1,0.1,4,1.3862943611198906,0.5,0.09748528049376488,0,1,0.765625
0,0,1,1,1,29,0,3,1,65,77,0.1,0.1,0.6,0.1,0.1,4,1.3862943611198906,0.5,0.6358791053650902,0,1,0.7692307692307693
0,0,0,0,1,17,0,3,2,66,77,0.1,0.1,0.6,0.1,0.1,4,1.3862943611198906,0.5,0.0953175632680806,0,1,0.7727272727272727
0,1,1,0,1,23,0,3,3,67,77,0.1,0.1,0.6,0.1,0.1,4,1.3862943611198906,0.5,0.634578080796352,1,0,0.7611940298507462
0,1,1,1,0,15,0,3,4,68,77,0.1,0.1,0.6,0.1,0.1,4,1.3862943611198906,0.5,0.630739410504241,1,0,0.75
1,0,0,1,0,10,0,3,5,69,77,0.1,0.1,0.6,0.1,0.1,4,1.3862943611198906,0.5,0.142500989901713,0,1,0.7536231884057971
0,0,1,0,1,21,0,3,6,70,77,0.1,0.1,0.6,0.1,0.1,4,1.3862943611198906,0.5,0.6235801769560274,1,0,0.7428571428571429
0,0,0,1,1,25,0,3,7,71,77,0.1,0.1,0.6,0.1,0.1,4,1.3862943611198906,0.5,0.09720245403478785,0,1,0.7464788732394366
0,0,0,0,0,1,0,3,8,72,77,0.1,0.1,0.6,0.1,0.1,4,1.3862943611198906,0.5,0.09686237165022553,0,1,0.75
0,1,0,1,1,27,0,3,9,73,77,0.1,0.1,0.6,0.1,0.1,4,1.3862943611198906,0.5,0.09751531287702132,1,0,0.7397260273972602
1,1,1,1,1,32,1,3,10,74,77,0.1,0.1,0.6,0.1,0.1,4,1.3862943611198906,0.5,0.7775902585097328,1,1,0.7432432432432432
1,0,1,1,1,30,1,3,11,75,77,0.1,0.1,0.6,0.1,0.1,4,1.3862943611198906,0.5,0.7770284658974775,1,1,0.7466666666666667
1,0,1,0,0,6,1,3,12,76,77,0.1,0.1,0.6,0.1,0.1,4,1.3862943611198906,0.5,0.7757135992110423,1,1,0.75
1,0,0,0,0,2,0,3,13,77,77,0.1,0.1,0.6,0.1,0.1,4,1.3862943611198906,0.5,0.13972590903780796,0,1,0.7532467532467533
1,1,1,1,0,16,1,3,14,78,77,0.1,0.1,0.6,0.1,0.1,4,1.3862943611198906,0.5,0.7804739616300613,1,1,0.7564102564102564
0,1,1,1,1,31,0,3,15,79,77,0.1,0.1,0.6,0.1,0.1,4,1.3862943611198906,0.5,0.6334099500864202,0,1,0.759493670886076
1,1,1,0,0,8,1,3,16,80,77,0.1,0.1,0.6,0.1,0.1,4,1.3862943611198906,0.5,0.7784994403384662,1,1,0.7625
0,1,0,1,0,11,0,3,17,81,77,0.1,0.1,0.6,0.1,0.1,4,1.3862943611198906,0.5,0.10008158856486483,0,1,0.7654320987654321
1,1,0,0,1,20,0,3,18,82,77,0.1,0.1,0.6,0.1,0.1,4,1.3862943611198906,0.5,0.14150285058889525,0,1,0.7682926829268293
1,0,1,0,1,22,1,3,19,83,77,0.1,0.1,0.6,0.1,0.1,4,1.3862943611198906,0.5,0.7736099863129509,0,0,0.7590361445783133
1,1,1,0,1,24,1,3,20,84,77,0.1,0.1,0.6,0.1,0.1,4,1.3862943611198906,0.5,0.7759077711996216,1,1,0.7619047619047619
1,1,0,1,1,28,0,3,21,85,77,0.1,0.1,0.6,0.1,0.1,4,1.3862943611198906,0.5,0.1409736057894987,0,1,0.7647058823529411
0,0,1,1,0,13,0,3,22,86,77,0.1,0.1,0.6,0.1,0.1,4,1.3862943611198906,0.5,0.631542257667568,1,0,0.7558139534883721
1,0,1,1,0,14,1,3,23,87,77,0.1,0.1,0.6,0.1,0.1,4,1.3862943611198906,0.5,0.7731928710801499,1,1,0.7586206896551724
0,1,0,0,0,3,0,3,24,88,77,0.1,0.1,0.6,0.1,0.1,4,1.3862943611198906,0.5,0.09720645329304484,0,1,0.7613636363636364
0,0,0,1,0,9,0,3,25,89,77,0.1,0.1,0.6,0.1,0.1,4,1.3862943611198906,0.5,0.0945268862024297,0,1,0.7640449438202247
1,0,0,1,1,26,0,3,26,90,77,0.1,0.1,0.6,0.1,0.1,4,1.3862943611198906,0.5,0.13811932016829687,0,1,0.7666666666666667
1,0,0,0,1,18,0,3,27,91,77,0.1,0.1,0.6,0.1,0.1,4,1.3862943611198906,0.5,0.13719579399397355,0,1,0.7692307692307693
1,1,0,0,0,4,0,3,28,92,77,0.1,0.1,0.6,0.1,0.1,4,1.3862943611198906,0.5,0.1387311921204269,0,1,0.7717391304347826
0,1,1,0,0,7,0,3,29,93,77,0.1,0.1,0.6,0.1,0.1,4,1.3862943611198906,0.5,0.649528889045747,1,0,0.7634408602150538
1,1,0,1,0,12,0,3,30,94,77,0.1,0.1,0.6,0.1,0.1,4,1.3862943611198906,0.5,0.13749367363559278,0,1,0.7659574468085106
0,1,0,0,1,19,0,3,31,95,77,0.1,0.1,0.6,0.1,0.1,4,1.3862943611198906,0.5,0.09515387801962144,0,1,0.7684210526315789
0,0,1,0,0,5,0,3,32,96,77,0.1,0.1,0.6,0.1,0.1,4,1.3862943611198906,0.5,0.6474080958510444,1,0,0.7604166666666666
0,1,1,0,0,7,0,1,1,1,78,0.1,0.1,0.6,0.1,0.1,4,1.3862943611198906,0.5,0.5,0,1,1
0,0,0,1,0,9,0,1,2,2,78,0.1,0.1,0.6,0.1,0.1,4,1.3862943611198906,0.5,0.5,1,0,0.5
1,0,1,1,0,14,1,1,3,3,78,0.1,0.1,0.6,0.1,0.1,4,1.3862943611198906,0.5,0.5,1,1,0.6666666666666666
0,0,0,0,1,17,0,1,4,4,78,0.1,0.1,0.6,0.1,0.1,4,1.3862943611198906,0.5,0.10031865484000668,1,0,0.5
1,1,1,0,0,8,1,1,5,5,78,0.1,0.1,0.6,0.1,0.1,4,1.3862943611198906,0.5,0.6502733023085341,1,1,0.6
0,1,0,0,1,19,0,1,6,6,78,0.1,0.1,0.6,0.1,0.1,4,1.3862943611198906,0.5,0.07905568410014568,0,1,0.6666666666666666
0,0,1,0,1,21,0,1,7,7,78,0.1,0.1,0.6,0.1,0.1,4,1.3862943611198906,0.5,0.6525018614594239,1,0,0.5714285714285714
0,1,1,1,1,31,0,1,8,8,78,0.1,0.1,0.6,0.1,0.1,4,1.3862943611198906,0.5,0.5912809838741937,1,0,0.5
1,1,0,0,0,4,0,1,9,9,78,0.1,0.1,0.6,0.1,0.1,4,1.3862943611198906,0.5,0.2525849066753328,0,1,0.5555555555555556
1,0,1,0,0,6,1,1,10,10,78,0.1,0.1,0.6,0.1,0.1,4,1.3862943611198906,0.5,0.7869647530205213,1,1,0.6
1,0,0,1,0,10,0,1,11,11,78,0.1,0.1,0.6,0.1,0.1,4,1.3862943611198906,0.5,0.20835871732890823,1,0,0.5454545454545454
1,0,1,1,1,30,1,1,12,12,78,0.1,0.1,0.6,0.1,0.1,4,1.3862943611198906,0.5,0.7449034300327421,1,1,0.5833333333333334
1,1,1,0,1,24,1,1,13,13,78,0.1,0.1,0.6,0.1,0.1,4,1.3862943611198906,0.5,0.706211312566513,1,1,0.6153846153846154
0,0,1,1,1,29,0,1,14,14,78,0.1,0.1,0.6,0.1,0.1,4,1.3862943611198906,0.5,0.622936154386613,1,0,0.5714285714285714
1,0,0,0,0,2,0,1,15,15,78,0.1,0.1,0.6,0.1,0.1,4,1.3862943611198906,0.5,0.16547302538483563,0,1,0.6
0,1,1,0,1,23,0,1,16,16,78,0.1,0.1,0.6,0.1,0.1,4,1.3862943611198906,0.5,0.5853685868629407,0,1,0.625
1,1,0,0,1,20,0,1,17,17,78,0.1,0.1,0.6,0.1,0.1,4,1.3862943611198906,0.5,0.16247491606780348,0,1,0.6470588235294118
0,1,1,1,0,15,0,1,18,18,78,0.1,0.1,0.6,0.1,0.1,4,1.3862943611198906,0.5,0.6065650410503687,1,0,0.6111111111111112
1,0,0,0,1,18,0,1,19,19,78,0.1,0.1,0.6,0.1,0.1,4,1.3862943611198906,0.5,0.15044365654802186,0,1,0.631578947368421
0,0,1,0,0,5,0,1,20,20,78,0.1,0.1,0.6,0.1,0.1,4,1.3862943611198906,0.5,0.6438822571965261,1,0,0.6
1,1,1,1,1,32,1,1,21,21,78,0.1,0.1,0.6,0.1,0.1,4,1.3862943611198906,0.5,0.7089812624400982,0,0,0.5714285714285714
0,0,0,0,0,1,0,1,22,22,78,0.1,0.1,0.6,0.1,0.1,4,1.3862943611198906,0.5,0.10744114705156682,0,1,0.5909090909090909
1,0,0,1,1,26,0,1,23,23,78,0.1,0.1,0.6,0.1,0.1,4,1.3862943611198906,0.5,0.16661229374115666,1,0,0.5652173913043478
0,1,0,1,0,11,0,1,24,24,78,0.1,0.1,0.6,0.1,0.1,4,1.3862943611198906,0.5,0.1201935223773607,1,0,0.5416666666666666
0,0,1,1,0,13,0,1,25,25,78,0.1,0.1,0.6,0.1,0.1,4,1.3862943611198906,0.5,0.6314303627347378,0,1,0.56
0,0,0,1,1,25,0,1,26,26,78,0.1,0.1,0.6,0.1,0.1,4,1.3862943611198906,0.5,0.11056255500854154,0,1,0.5769230769230769
1,1,0,1,1,28,0,1,27,27,78,0.1,0.1,0.6,0.1,0.1,4,1.3862943611198906,0.5,0.16480983307915328,0,1,0.5925925925925926
0,1,0,0,0,3,0,1,28,28,78,0.1,0.1,0.6,0.1,0.1,4,1.3862943611198906,0.5,0.1067101951293173,0,1,0.6071428571428571
1,1,0,1,0,12,0,1,29,29,78,0.1,0.1,0.6,0.1,0.1,4,1.3862943611198906,0.5,0.14444149367466977,0,1,0.6206896551724138
1,1,1,1,0,16,1,1,30,30,78,0.1,0.1,0.6,0.1,0.1,4,1.3862943611198906,0.5,0.7726290783823623,1,1,0.6333333333333333
1,0,1,0,1,22,1,1,31,31,78,0.1,0.1,0.6,0.1,0.1,4,1.3862943611198906,0.5,0.7597664710186932,1,1,0.6451612903225806
0,1,0,1,1,27,0,1,32,32,78,0.1,0.1,0.6,0.1,0.1,4,1.3862943611198906,0.5,0.1015690720631095,0,1,0.65625
0,1,0,0,0,3,0,2,1,33,78,0.1,0.1,0.6,0.1,0.1,4,1.3862943611198906,0.5,0.09386836845444797,0,1,0.6666666666666666
0,0,1,1,0,13,0,2,2,34,78,0.1,0.1,0.6,0.1,0.1,4,1.3862943611198906,0.5,0.6435434591581165,1,0,0.6470588235294118
1,0,0,1,0,10,0,2,3,35,78,0.1,0.1,0.6,0.1,0.1,4,1.3862943611198906,0.5,0.1401536043609768,0,1,0.6571428571428571
0,0,1,0,0,5,0,2,4,36,78,0.1,0.1,0.6,0.1,0.1,4,1.3862943611198906,0.5,0.6320249028472668,0,1,0.6666666666666666
1,1,1,0,1,24,1,2,5,37,78,0.1,0.1,0.6,0.1,0.1,4,1.3862943611198906,0.5,0.7875053155717858,0,0,0.6486486486486487
0,1,1,0,0,7,0,2,6,38,78,0.1,0.1,0.6,0.1,0.1,4,1.3862943611198906,0.5,0.6273222225621182,1,0,0.631578947368421
0,1,1,0,1,23,0,2,7,39,78,0.1,0.1,0.6,0.1,0.1,4,1.3862943611198906,0.5,0.6403541727630676,1,0,0.6153846153846154
1,0,1,1,1,30,1,2,8,40,78,0.1,0.1,0.6,0.1,0.1,4,1.3862943611198906,0.5,0.7673869969665847,1,1,0.625
0,0,1,1,1,29,0,2,9,41,78,0.1,0.1,0.6,0.1,0.1,4,1.3862943611198906,0.5,0.6271375001890601,1,0,0.6097560975609756
1,0,0,0,1,18,0,2,10,42,78,0.1,0.1,0.6,0.1,0.1,4,1.3862943611198906,0.5,0.15797787677929023,0,1,0.6190476190476191
1,0,1,0,0,6,1,2,11,43,78,0.1,0.1,0.6,0.1,0.1,4,1.3862943611198906,0.5,0.7426636831042649,1,1,0.627906976744186
1,1,0,1,1,28,0,2,12,44,78,0.1,0.1,0.6,0.1,0.1,4,1.3862943611198906,0.5,0.15003756135229143,1,0,0.6136363636363636
0,0,0,0,1,17,0,2,13,45,78,0.1,0.1,0.6,0.1,0.1,4,1.3862943611198906,0.5,0.10666464022408292,0,1,0.6222222222222222
1,0,1,0,1,22,1,2,14,46,78,0.1,0.1,0.6,0.1,0.1,4,1.3862943611198906,0.5,0.7734216752970262,1,1,0.6304347826086957
1,0,0,1,1,26,0,2,15,47,78,0.1,0.1,0.6,0.1,0.1,4,1.3862943611198906,0.5,0.14559686552248555,0,1,0.6382978723404256
1,1,0,0,1,20,0,2,16,48,78,0.1,0.1,0.6,0.1,0.1,4,1.3862943611198906,0.5,0.1455201178730506,1,0,0.625
0,0,0,0,0,1,0,2,17,49,78,0.1,0.1,0.6,0.1,0.1,4,1.3862943611198906,0.5,0.10252784287283233,0,1,0.6326530612244898
0,1,1,1,1,31,0,2,18,50,78,0.1,0.1,0.6,0.1,0.1,4,1.3862943611198906,0.5,0.6295010201359412,0,1,0.64
0,0,0,1,1,25,0,2,19,51,78,0.1,0.1,0.6,0.1,0.1,4,1.3862943611198906,0.5,0.10190680086957918,1,0,0.6274509803921569
0,1,0,1,1,27,0,2,20,52,78,0.1,0.1,0.6,0.1,0.1,4,1.3862943611198906,0.5,0.09596579345516418,0,1,0.6346153846153846
0,0,1,0,1,21,0,2,21,53,78,0.1,0.1,0.6,0.1,0.1,4,1.3862943611198906,0.5,0.650328574098322,1,0,0.6226415094339622
0,1,0,1,0,11,0,2,22,54,78,0.1,0.1,0.6,0.1,0.1,4,1.3862943611198906,0.5,0.09301569807656776,0,1,0.6296296296296297
1,1,1,0,0,8,1,2,23,55,78,0.1,0.1,0.6,0.1,0.1,4,1.3862943611198906,0.5,0.7732271528456516,1,1,0.6363636363636364
0,1,0,0,1,19,0,2,24,56,78,0.1,0.1,0.6,0.1,0.1,4,1.3862943611198906,0.5,0.09966509555291207,1,0,0.625
0,0,0,1,0,9,0,2,25,57,78,0.1,0.1,0.6,0.1,0.1,4,1.3862943611198906,0.5,0.09283620490107028,0,1,0.631578947368421
1,0,0,0,0,2,0,2,26,58,78,0.1,0.1,0.6,0.1,0.1,4,1.3862943611198906,0.5,0.14777714915101847,0,1,0.6379310344827587
1,0,1,1,0,14,1,2,27,59,78,0.1,0.1,0.6,0.1,0.1,4,1.3862943611198906,0.5,0.7780825052554269,0,0,0.6271186440677966
0,1,1,1,0,15,0,2,28,60,78,0.1,0.1,0.6,0.1,0.1,4,1.3862943611198906,0.5,0.631188632257872,1,0,0.6166666666666667
1,1,1,1,1,32,1,2,29,61,78,0.1,0.1,0.6,0.1,0.1,4,1.3862943611198906,0.5,0.7688165168678899,1,1,0.6229508196721312
1,1,1,1,0,16,1,2,30,62,78,0.1,0.1,0.6,0.1,0.1,4,1.3862943611198906,0.5,0.7726393024358357,1,1,0.6290322580645161
1,1,0,1,0,12,0,2,31,63,78,0.1,0.1,0.6,0.1,0.1,4,1.3862943611198906,0.5,0.1438791244838011,0,1,0.6349206349206349
1,1,0,0,0,4,0,2,32,64,78,0.1,0.1,0.6,0.1,0.1,4,1.3862943611198906,0.5,0.14097286017957056,0,1,0.640625
0,1,0,1,0,11,0,3,1,65,78,0.1,0.1,0.6,0.1,0.1,4,1.3862943611198906,0.5,0.09386836845444797,0,1,0.6461538461538462
1,0,0,0,1,18,0,3,2,66,78,0.1,0.1,0.6,0.1,0.1,4,1.3862943611198906,0.5,0.1368174709315443,0,1,0.6515151515151515
1,1,0,0,1,20,0,3,3,67,78,0.1,0.1,0.6,0.1,0.1,4,1.3862943611198906,0.5,0.1337953269633063,0,1,0.6567164179104478
0,0,1,0,1,21,0,3,4,68,78,0.1,0.1,0.6,0.1,0.1,4,1.3862943611198906,0.5,0.6470755131695924,1,0,0.6470588235294118
1,0,1,0,0,6,1,3,5,69,78,0.1,0.1,0.6,0.1,0.1,4,1.3862943611198906,0.5,0.7861849194875294,1,1,0.6521739130434783
0,0,1,1,1,29,0,3,6,70,78,0.1,0.1,0.6,0.1,0.1,4,1.3862943611198906,0.5,0.6350492535126455,1,0,0.6428571428571429
0,1,1,1,1,31,0,3,7,71,78,0.1,0.1,0.6,0.1,0.1,4,1.3862943611198906,0.5,0.626620312881541,1,0,0.6338028169014085
0,0,0,1,0,9,0,3,8,72,78,0.1,0.1,0.6,0.1,0.1,4,1.3862943611198906,0.5,0.09816403842064843,0,1,0.6388888888888888
1,1,1,1,1,32,1,3,9,73,78,0.1,0.1,0.6,0.1,0.1,4,1.3862943611198906,0.5,0.7709097704686263,1,1,0.6438356164383562
1,1,1,1,0,16,1,3,10,74,78,0.1,0.1,0.6,0.1,0.1,4,1.3862943611198906,0.5,0.7841307354406456,1,1,0.6486486486486487
1,0,1,1,1,30,1,3,11,75,78,0.1,0.1,0.6,0.1,0.1,4,1.3862943611198906,0.5,0.7703205262690435,1,1,0.6533333333333333
0,1,1,0,0,7,0,3,12,76,78,0.1,0.1,0.6,0.1,0.1,4,1.3862943611198906,0.5,0.6347944055703942,1,0,0.6447368421052632
0,1,0,0,0,3,0,3,13,77,78,0.1,0.1,0.6,0.1,0.1,4,1.3862943611198906,0.5,0.09512361784780586,0,1,0.6493506493506493
0,0,1,1,0,13,0,3,14,78,78,0.1,0.1,0.6,0.1,0.1,4,1.3862943611198906,0.5,0.6340620463098838,0,1,0.6538461538461539
1,1,0,0,0,4,0,3,15,79,78,0.1,0.1,0.6,0.1,0.1,4,1.3862943611198906,0.5,0.13747126890516093,0,1,0.6582278481012658
0,1,0,0,1,19,0,3,16,80,78,0.1,0.1,0.6,0.1,0.1,4,1.3862943611198906,0.5,0.09378692566292017,1,0,0.65
1,1,1,0,0,8,1,3,17,81,78,0.1,0.1,0.6,0.1,0.1,4,1.3862943611198906,0.5,0.7774887162777014,0,0,0.6419753086419753
0,1,1,0,1,23,0,3,18,82,78,0.1,0.1,0.6,0.1,0.1,4,1.3862943611198906,0.5,0.624044932508272,0,1,0.6463414634146342
1,0,0,1,0,10,0,3,19,83,78,0.1,0.1,0.6,0.1,0.1,4,1.3862943611198906,0.5,0.14398964040640186,1,0,0.6385542168674698
1,1,0,1,1,28,0,3,20,84,78,0.1,0.1,0.6,0.1,0.1,4,1.3862943611198906,0.5,0.14326940921455217,0,1,0.6428571428571429
0,0,0,0,0,1,0,3,21,85,78,0.1,0.1,0.6,0.1,0.1,4,1.3862943611198906,0.5,0.09661207939511952,0,1,0.6470588235294118
0,0,0,0,1,17,0,3,22,86,78,0.1,0.1,0.6,0.1,0.1,4,1.3862943611198906,0.5,0.0934974393151899,1,0,0.6395348837209303
0,0,0,1,1,25,0,3,23,87,78,0.1,0.1,0.6,0.1,0.1,4,1.3862943611198906,0.5,0.09604462268679803,0,1,0.6436781609195402
1,0,0,1,1,26,0,3,24,88,78,0.1,0.1,0.6,0.1,0.1,4,1.3862943611198906,0.5,0.1375141138767374,0,1,0.6477272727272727
1,1,1,0,1,24,1,3,25,89,78,0.1,0.1,0.6,0.1,0.1,4,1.3862943611198906,0.5,0.7806586416245953,0,0,0.6404494382022472
0,1,0,1,1,27,0,3,26,90,78,0.1,0.1,0.6,0.1,0.1,4,1.3862943611198906,0.5,0.0957448974562706,1,0,0.6333333333333333
0,0,1,0,0,5,0,3,27,91,78,0.1,0.1,0.6,0.1,0.1,4,1.3862943611198906,0.5,0.6426630154350932,0,1,0.6373626373626373
1,0,1,0,1,22,1,3,28,92,78,0.1,0.1,0.6,0.1,0.1,4,1.3862943611198906,0.5,0.7782307052727822,1,1,0.6413043478260869
1,1,0,1,0,12,0,3,29,93,78,0.1,0.1,0.6,0.1,0.1,4,1.3862943611198906,0.5,0.13765942099476716,0,1,0.6451612903225806
1,0,1,1,0,14,1,3,30,94,78,0.1,0.1,0.6,0.1,0.1,4,1.3862943611198906,0.5,0.7825179029556141,1,1,0.648936170212766
0,1,1,1,0,15,0,3,31,95,78,0.1,0.1,0.6,0.1,0.1,4,1.3862943611198906,0.5,0.6445784981571906,1,0,0.6421052631578947
1,0,0,0,0,2,0,3,32,96,78,0.1,0.1,0.6,0.1,0.1,4,1.3862943611198906,0.5,0.13919987583737573,0,1,0.6458333333333334
0,0,0,1,1,25,0,1,1,1,79,0.1,0.1,0.6,0.1,0.1,4,1.3862943611198906,0.5,0.5,1,0,0
1,0,1,1,1,30,1,1,2,2,79,0.1,0.1,0.6,0.1,0.1,4,1.3862943611198906,0.5,0.5,1,1,0.5
0,0,1,1,1,29,0,1,3,3,79,0.1,0.1,0.6,0.1,0.1,4,1.3862943611198906,0.5,0.8807970779778823,1,0,0.3333333333333333
0,1,1,0,1,23,0,1,4,4,79,0.1,0.1,0.6,0.1,0.1,4,1.3862943611198906,0.5,0.5513955851255116,1,0,0.25
0,1,0,1,0,11,0,1,5,5,79,0.1,0.1,0.6,0.1,0.1,4,1.3862943611198906,0.5,0.13375960339319276,0,1,0.4
0,0,0,0,0,1,0,1,6,6,79,0.1,0.1,0.6,0.1,0.1,4,1.3862943611198906,0.5,0.10031865484000668,0,1,0.5
1,0,0,0,0,2,0,1,7,7,79,0.1,0.1,0.6,0.1,0.1,4,1.3862943611198906,0.5,0.1331082949090004,0,1,0.5714285714285714
0,1,1,0,0,7,0,1,8,8,79,0.1,0.1,0.6,0.1,0.1,4,1.3862943611198906,0.5,0.5105704313109262,0,1,0.625
1,0,1,0,1,22,1,1,9,9,79,0.1,0.1,0.6,0.1,0.1,4,1.3862943611198906,0.5,0.7752254893606486,0,0,0.5555555555555556
1,1,1,0,1,24,1,1,10,10,79,0.1,0.1,0.6,0.1,0.1,4,1.3862943611198906,0.5,0.717415192705704,1,1,0.6
0,1,1,1,1,31,0,1,11,11,79,0.1,0.1,0.6,0.1,0.1,4,1.3862943611198906,0.5,0.5885481475892042,1,0,0.5454545454545454
1,0,0,0,1,18,0,1,12,12,79,0.1,0.1,0.6,0.1,0.1,4,1.3862943611198906,0.5,0.22894075742281508,1,0,0.5
0,1,0,0,1,19,0,1,13,13,79,0.1,0.1,0.6,0.1,0.1,4,1.3862943611198906,0.5,0.14121469695373656,0,1,0.5384615384615384
0,0,0,1,0,9,0,1,14,14,79,0.1,0.1,0.6,0.1,0.1,4,1.3862943611198906,0.5,0.08181174008022649,0,1,0.5714285714285714
0,0,0,0,1,17,0,1,15,15,79,0.1,0.1,0.6,0.1,0.1,4,1.3862943611198906,0.5,0.11330304098292197,0,1,0.6
1,1,0,1,1,28,0,1,16,16,79,0.1,0.1,0.6,0.1,0.1,4,1.3862943611198906,0.5,0.17451165162644947,0,1,0.625
1,1,0,1,0,12,0,1,17,17,79,0.1,0.1,0.6,0.1,0.1,4,1.3862943611198906,0.5,0.11088278331953545,0,1,0.6470588235294118
0,0,1,0,1,21,0,1,18,18,79,0.1,0.1,0.6,0.1,0.1,4,1.3862943611198906,0.5,0.7285730171773105,1,0,0.6111111111111112
0,1,1,1,0,15,0,1,19,19,79,0.1,0.1,0.6,0.1,0.1,4,1.3862943611198906,0.5,0.5736478732187167,1,0,0.5789473684210527
1,1,0,0,1,20,0,1,20,20,79,0.1,0.1,0.6,0.1,0.1,4,1.3862943611198906,0.5,0.17904998357319749,1,0,0.55
1,0,1,1,0,14,1,1,21,21,79,0.1,0.1,0.6,0.1,0.1,4,1.3862943611198906,0.5,0.765725968785902,1,1,0.5714285714285714
1,0,0,1,0,10,0,1,22,22,79,0.1,0.1,0.6,0.1,0.1,4,1.3862943611198906,0.5,0.15110087955960366,0,1,0.5909090909090909
1,1,1,1,0,16,1,1,23,23,79,0.1,0.1,0.6,0.1,0.1,4,1.3862943611198906,0.5,0.7439633188043346,1,1,0.6086956521739131
0,1,0,0,0,3,0,1,24,24,79,0.1,0.1,0.6,0.1,0.1,4,1.3862943611198906,0.5,0.08772543714162719,0,1,0.625
0,0,1,0,0,5,0,1,25,25,79,0.1,0.1,0.6,0.1,0.1,4,1.3862943611198906,0.5,0.6554186817929126,1,0,0.6
1,0,0,1,1,26,0,1,26,26,79,0.1,0.1,0.6,0.1,0.1,4,1.3862943611198906,0.5,0.15774727632365196,0,1,0.6153846153846154
1,1,0,0,0,4,0,1,27,27,79,0.1,0.1,0.6,0.1,0.1,4,1.3862943611198906,0.5,0.12559969814579797,1,0,0.5925925925925926
1,1,1,0,0,8,1,1,28,28,79,0.1,0.1,0.6,0.1,0.1,4,1.3862943611198906,0.5,0.7614774344029301,0,0,0.5714285714285714
0,1,0,1,1,27,0,1,29,29,79,0.1,0.1,0.6,0.1,0.1,4,1.3862943611198906,0.5,0.09462509233136741,0,1,0.5862068965517241
0,0,1,1,0,13,0,1,30,30,79,0.1,0.1,0.6,0.1,0.1,4,1.3862943611198906,0.5,0.6757018001444283,0,1,0.6
1,1,1,1,1,32,1,1,31,31,79,0.1,0.1,0.6,0.1,0.1,4,1.3862943611198906,0.5,0.7781772843545858,1,1,0.6129032258064516
1,0,1,0,0,6,1,1,32,32,79,0.1,0.1,0.6,0.1,0.1,4,1.3862943611198906,0.5,0.7661681512081773,1,1,0.625
0,1,0,1,1,27,0,2,1,33,79,0.1,0.1,0.6,0.1,0.1,4,1.3862943611198906,0.5,0.09386836845444797,0,1,0.6363636363636364
0,1,1,1,0,15,0,2,2,34,79,0.1,0.1,0.6,0.1,0.1,4,1.3862943611198906,0.5,0.6426940462817696,1,0,0.6176470588235294
0,0,0,0,0,1,0,2,3,35,79,0.1,0.1,0.6,0.1,0.1,4,1.3862943611198906,0.5,0.09725781072068346,0,1,0.6285714285714286
1,0,0,1,0,10,0,2,4,36,79,0.1,0.1,0.6,0.1,0.1,4,1.3862943611198906,0.5,0.13872178191122553,0,1,0.6388888888888888
1,0,1,0,1,22,1,2,5,37,79,0.1,0.1,0.6,0.1,0.1,4,1.3862943611198906,0.5,0.7975336719066647,1,1,0.6486486486486487
0,0,1,1,1,29,0,2,6,38,79,0.1,0.1,0.6,0.1,0.1,4,1.3862943611198906,0.5,0.6510577280995666,1,0,0.631578947368421
1,0,1,1,0,14,1,2,7,39,79,0.1,0.1,0.6,0.1,0.1,4,1.3862943611198906,0.5,0.7710957187662026,1,1,0.6410256410256411
0,1,0,0,1,19,0,2,8,40,79,0.1,0.1,0.6,0.1,0.1,4,1.3862943611198906,0.5,0.0936666798237759,0,1,0.65
0,0,0,1,0,9,0,2,9,41,79,0.1,0.1,0.6,0.1,0.1,4,1.3862943611198906,0.5,0.0966316774952799,0,1,0.6585365853658537
0,0,0,0,1,17,0,2,10,42,79,0.1,0.1,0.6,0.1,0.1,4,1.3862943611198906,0.5,0.09607925662931324,0,1,0.6666666666666666
1,1,0,0,1,20,0,2,11,43,79,0.1,0.1,0.6,0.1,0.1,4,1.3862943611198906,0.5,0.13477699386977618,0,1,0.6744186046511628
1,1,0,1,0,12,0,2,12,44,79,0.1,0.1,0.6,0.1,0.1,4,1.3862943611198906,0.5,0.1331291059227815,0,1,0.6818181818181818
1,1,0,1,1,28,0,2,13,45,79,0.1,0.1,0.6,0.1,0.1,4,1.3862943611198906,0.5,0.1262814992270212,1,0,0.6666666666666666
1,1,1,1,0,16,1,2,14,46,79,0.1,0.1,0.6,0.1,0.1,4,1.3862943611198906,0.5,0.7909684269314691,0,0,0.6521739130434783
0,0,0,1,1,25,0,2,15,47,79,0.1,0.1,0.6,0.1,0.1,4,1.3862943611198906,0.5,0.08916367314623895,0,1,0.6595744680851063
0,0,1,0,0,5,0,2,16,48,79,0.1,0.1,0.6,0.1,0.1,4,1.3862943611198906,0.5,0.6786632393672777,0,1,0.6666666666666666
1,0,1,1,1,30,1,2,17,49,79,0.1,0.1,0.6,0.1,0.1,4,1.3862943611198906,0.5,0.7964883514359704,1,1,0.673469387755102
0,0,1,0,1,21,0,2,18,50,79,0.1,0.1,0.6,0.1,0.1,4,1.3862943611198906,0.5,0.6618741771098048,1,0,0.66
1,1,0,0,0,4,0,2,19,51,79,0.1,0.1,0.6,0.1,0.1,4,1.3862943611198906,0.5,0.13106048436057385,0,1,0.6666666666666666
1,0,0,0,1,18,0,2,20,52,79,0.1,0.1,0.6,0.1,0.1,4,1.3862943611198906,0.5,0.13684638501947644,0,1,0.6730769230769231
1,1,1,0,0,8,1,2,21,53,79,0.1,0.1,0.6,0.1,0.1,4,1.3862943611198906,0.5,0.7910979295785455,1,1,0.6792452830188679
0,1,1,0,0,7,0,2,22,54,79,0.1,0.1,0.6,0.1,0.1,4,1.3862943611198906,0.5,0.6613508204158851,1,0,0.6666666666666666
1,0,0,1,1,26,0,2,23,55,79,0.1,0.1,0.6,0.1,0.1,4,1.3862943611198906,0.5,0.1361314860885381,0,1,0.6727272727272727
1,1,1,1,1,32,1,2,24,56,79,0.1,0.1,0.6,0.1,0.1,4,1.3862943611198906,0.5,0.7944305371824238,1,1,0.6785714285714286
0,1,1,0,1,23,0,2,25,57,79,0.1,0.1,0.6,0.1,0.1,4,1.3862943611198906,0.5,0.6470956779661446,0,1,0.6842105263157895
0,0,1,1,0,13,0,2,26,58,79,0.1,0.1,0.6,0.1,0.1,4,1.3862943611198906,0.5,0.6528289661333488,1,0,0.6724137931034483
1,0,0,0,0,2,0,2,27,59,79,0.1,0.1,0.6,0.1,0.1,4,1.3862943611198906,0.5,0.13510712567210878,0,1,0.6779661016949152
0,1,0,1,0,11,0,2,28,60,79,0.1,0.1,0.6,0.1,0.1,4,1.3862943611198906,0.5,0.10081235757818863,0,1,0.6833333333333333
1,0,1,0,0,6,1,2,29,61,79,0.1,0.1,0.6,0.1,0.1,4,1.3862943611198906,0.5,0.7771201279552309,1,1,0.6885245901639344
1,1,1,0,1,24,1,2,30,62,79,0.1,0.1,0.6,0.1,0.1,4,1.3862943611198906,0.5,0.7806425092193792,1,1,0.6935483870967742
0,1,1,1,1,31,0,2,31,63,79,0.1,0.1,0.6,0.1,0.1,4,1.3862943611198906,0.5,0.6495279736629322,1,0,0.6825396825396826
0,1,0,0,0,3,0,2,32,64,79,0.1,0.1,0.6,0.1,0.1,4,1.3862943611198906,0.5,0.09748528049376488,0,1,0.6875
0,1,0,1,0,11,0,3,1,65,79,0.1,0.1,0.6,0.1,0.1,4,1.3862943611198906,0.5,0.09386836845444797,0,1,0.6923076923076923
0,0,0,1,1,25,0,3,2,66,79,0.1,0.1,0.6,0.1,0.1,4,1.3862943611198906,0.5,0.09332639056606534,0,1,0.696969696969697
1,0,0,0,1,18,0,3,3,67,79,0.1,0.1,0.6,0.1,0.1,4,1.3862943611198906,0.5,0.1360010582942212,0,1,0.7014925373134329
0,1,0,0,0,3,0,3,4,68,79,0.1,0.1,0.6,0.1,0.1,4,1.3862943611198906,0.5,0.0926795335900407,0,1,0.7058823529411765
0,0,1,0,1,21,0,3,5,69,79,0.1,0.1,0.6,0.1,0.1,4,1.3862943611198906,0.5,0.6502285296254495,1,0,0.6956521739130435
1,0,1,1,1,30,1,3,6,70,79,0.1,0.1,0.6,0.1,0.1,4,1.3862943611198906,0.5,0.7885959168002877,0,0,0.6857142857142857
0,0,0,1,0,9,0,3,7,71,79,0.1,0.1,0.6,0.1,0.1,4,1.3862943611198906,0.5,0.09266736556929835,0,1,0.6901408450704225
0,1,0,1,1,27,0,3,8,72,79,0.1,0.1,0.6,0.1,0.1,4,1.3862943611198906,0.5,0.09222707741946018,0,1,0.6944444444444444
1,1,0,1,0,12,0,3,9,73,79,0.1,0.1,0.6,0.1,0.1,4,1.3862943611198906,0.5,0.1324972456527663,1,0,0.684931506849315
1,1,1,0,0,8,1,3,10,74,79,0.1,0.1,0.6,0.1,0.1,4,1.3862943611198906,0.5,0.7937174531582435,1,1,0.6891891891891891
1,1,1,1,1,32,1,3,11,75,79,0.1,0.1,0.6,0.1,0.1,4,1.3862943611198906,0.5,0.7972575383582442,1,1,0.6933333333333334
1,0,1,1,0,14,1,3,12,76,79,0.1,0.1,0.6,0.1,0.1,4,1.3862943611198906,0.5,0.7953226479839696,1,1,0.6973684210526315
0,0,0,0,0,1,0,3,13,77,79,0.1,0.1,0.6,0.1,0.1,4,1.3862943611198906,0.5,0.08950561380650862,0,1,0.7012987012987013
1,0,1,0,0,6,1,3,14,78,79,0.1,0.1,0.6,0.1,0.1,4,1.3862943611198906,0.5,0.7942288773720316,1,1,0.7051282051282052
1,0,0,0,0,2,0,3,15,79,79,0.1,0.1,0.6,0.1,0.1,4,1.3862943611198906,0.5,0.1344863934498401,0,1,0.7088607594936709
1,0,1,0,1,22,1,3,16,80,79,0.1,0.1,0.6,0.1,0.1,4,1.3862943611198906,0.5,0.7923747882434512,1,1,0.7125
1,0,0,1,0,10,0,3,17,81,79,0.1,0.1,0.6,0.1,0.1,4,1.3862943611198906,0.5,0.13136702669810202,0,1,0.7160493827160493
0,0,0,0,1,17,0,3,18,82,79,0.1,0.1,0.6,0.1,0.1,4,1.3862943611198906,0.5,0.09129434391457121,0,1,0.7195121951219512
1,1,0,0,1,20,0,3,19,83,79,0.1,0.1,0.6,0.1,0.1,4,1.3862943611198906,0.5,0.13137428527193315,0,1,0.7228915662650602
0,1,0,0,1,19,0,3,20,84,79,0.1,0.1,0.6,0.1,0.1,4,1.3862943611198906,0.5,0.08741275783410715,0,1,0.7261904761904762
0,1,1,1,1,31,0,3,21,85,79,0.1,0.1,0.6,0.1,0.1,4,1.3862943611198906,0.5,0.670027685841232,1,0,0.7176470588235294
0,0,1,1,0,13,0,3,22,86,79,0.1,0.1,0.6,0.1,0.1,4,1.3862943611198906,0.5,0.671032281526121,1,0,0.7093023255813954
1,1,0,0,0,4,0,3,23,87,79,0.1,0.1,0.6,0.1,0.1,4,1.3862943611198906,0.5,0.13037445581185858,0,1,0.7126436781609196
0,1,1,0,1,23,0,3,24,88,79,0.1,0.1,0.6,0.1,0.1,4,1.3862943611198906,0.5,0.6560297221890702,1,0,0.7045454545454546
1,1,0,1,1,28,0,3,25,89,79,0.1,0.1,0.6,0.1,0.1,4,1.3862943611198906,0.5,0.13310287604150234,0,1,0.7078651685393258
0,1,1,0,0,7,0,3,26,90,79,0.1,0.1,0.6,0.1,0.1,4,1.3862943611198906,0.5,0.6575422794053981,1,0,0.7
0,1,1,1,0,15,0,3,27,91,79,0.1,0.1,0.6,0.1,0.1,4,1.3862943611198906,0.5,0.6468791082381136,0,1,0.7032967032967034
1,0,0,1,1,26,0,3,28,92,79,0.1,0.1,0.6,0.1,0.1,4,1.3862943611198906,0.5,0.1386979873989863,0,1,0.7065217391304348
0,0,1,0,0,5,0,3,29,93,79,0.1,0.1,0.6,0.1,0.1,4,1.3862943611198906,0.5,0.6557168221334253,1,0,0.6989247311827957
1,1,1,0,1,24,1,3,30,94,79,0.1,0.1,0.6,0.1,0.1,4,1.3862943611198906,0.5,0.783292225962788,0,0,0.6914893617021277
0,0,1,1,1,29,0,3,31,95,79,0.1,0.1,0.6,0.1,0.1,4,1.3862943611198906,0.5,0.6496628270254746,1,0,0.6842105263157895
1,1,1,1,0,16,1,3,32,96,79,0.1,0.1,0.6,0.1,0.1,4,1.3862943611198906,0.5,0.7795689090873282,1,1,0.6875
0,1,0,0,1,19,0,1,1,1,80,0.1,0.1,0.6,0.1,0.1,4,1.3862943611198906,0.5,0.5,1,0,0
1,0,0,0,0,2,0,1,2,2,80,0.1,0.1,0.6,0.1,0.1,4,1.3862943611198906,0.5,0.5,0,1,0.5
0,0,0,1,0,9,0,1,3,3,80,0.1,0.1,0.6,0.1,0.1,4,1.3862943611198906,0.5,0.5,0,1,0.6666666666666666
0,1,0,1,1,27,0,1,4,4,80,0.1,0.1,0.6,0.1,0.1,4,1.3862943611198906,0.5,0.5,1,0,0.5
1,1,1,1,1,32,1,1,5,5,80,0.1,0.1,0.6,0.1,0.1,4,1.3862943611198906,0.5,0.5,0,0,0.4
1,0,0,1,1,26,0,1,6,6,80,0.1,0.1,0.6,0.1,0.1,4,1.3862943611198906,0.5,0.1285338753383022,0,1,0.5
1,1,0,0,0,4,0,1,7,7,80,0.1,0.1,0.6,0.1,0.1,4,1.3862943611198906,0.5,0.09151644152283427,0,1,0.5714285714285714
0,0,0,1,1,25,0,1,8,8,80,0.1,0.1,0.6,0.1,0.1,4,1.3862943611198906,0.5,0.07623965176568538,0,1,0.625
0,0,1,1,1,29,0,1,9,9,80,0.1,0.1,0.6,0.1,0.1,4,1.3862943611198906,0.5,0.8974137396466573,1,0,0.5555555555555556
1,1,1,1,0,16,1,1,10,10,80,0.1,0.1,0.6,0.1,0.1,4,1.3862943611198906,0.5,0.9024444492177571,1,1,0.6
0,1,1,1,0,15,0,1,11,11,80,0.1,0.1,0.6,0.1,0.1,4,1.3862943611198906,0.5,0.8569049795348007,1,0,0.5454545454545454
0,1,1,0,1,23,0,1,12,12,80,0.1,0.1,0.6,0.1,0.1,4,1.3862943611198906,0.5,0.7356410254116548,1,0,0.5
0,0,1,0,0,5,0,1,13,13,80,0.1,0.1,0.6,0.1,0.1,4,1.3862943611198906,0.5,0.6043865541322088,1,0,0.46153846153846156
1,0,1,1,0,14,1,1,14,14,80,0.1,0.1,0.6,0.1,0.1,4,1.3862943611198906,0.5,0.768074027468677,1,1,0.5
1,1,1,0,1,24,1,1,15,15,80,0.1,0.1,0.6,0.1,0.1,4,1.3862943611198906,0.5,0.7365482571794569,1,1,0.5333333333333333
1,1,0,1,0,12,0,1,16,16,80,0.1,0.1,0.6,0.1,0.1,4,1.3862943611198906,0.5,0.17806492979361244,0,1,0.5625
1,0,1,0,1,22,1,1,17,17,80,0.1,0.1,0.6,0.1,0.1,4,1.3862943611198906,0.5,0.7494400626600478,0,0,0.5294117647058824
1,1,0,0,1,20,0,1,18,18,80,0.1,0.1,0.6,0.1,0.1,4,1.3862943611198906,0.5,0.15100761488075612,0,1,0.5555555555555556
1,0,0,0,1,18,0,1,19,19,80,0.1,0.1,0.6,0.1,0.1,4,1.3862943611198906,0.5,0.13326049910232224,1,0,0.5263157894736842
0,1,1,0,0,7,0,1,20,20,80,0.1,0.1,0.6,0.1,0.1,4,1.3862943611198906,0.5,0.6505594012972257,0,1,0.55
1,1,1,0,0,8,1,1,21,21,80,0.1,0.1,0.6,0.1,0.1,4,1.3862943611198906,0.5,0.7509401441552014,1,1,0.5714285714285714
0,1,0,1,0,11,0,1,22,22,80,0.1,0.1,0.6,0.1,0.1,4,1.3862943611198906,0.5,0.10768952494662079,0,1,0.5909090909090909
0,0,0,0,0,1,0,1,23,23,80,0.1,0.1,0.6,0.1,0.1,4,1.3862943611198906,0.5,0.09320002115150298,0,1,0.6086956521739131
1,1,0,1,1,28,0,1,24,24,80,0.1,0.1,0.6,0.1,0.1,4,1.3862943611198906,0.5,0.13844482657149101,1,0,0.5833333333333334
0,1,1,1,1,31,0,1,25,25,80,0.1,0.1,0.6,0.1,0.1,4,1.3862943611198906,0.5,0.6883227459601776,0,1,0.6
0,0,1,0,1,21,0,1,26,26,80,0.1,0.1,0.6,0.1,0.1,4,1.3862943611198906,0.5,0.6521644891841335,1,0,0.5769230769230769
1,0,1,1,1,30,1,1,27,27,80,0.1,0.1,0.6,0.1,0.1,4,1.3862943611198906,0.5,0.7664818887229581,1,1,0.5925925925925926
1,0,0,1,0,10,0,1,28,28,80,0.1,0.1,0.6,0.1,0.1,4,1.3862943611198906,0.5,0.13902977609812123,0,1,0.6071428571428571
0,0,0,0,1,17,0,1,29,29,80,0.1,0.1,0.6,0.1,0.1,4,1.3862943611198906,0.5,0.09777256910469338,0,1,0.6206896551724138
0,0,1,1,0,13,0,1,30,30,80,0.1,0.1,0.6,0.1,0.1,4,1.3862943611198906,0.5,0.6602360087492223,0,1,0.6333333333333333
1,0,1,0,0,6,1,1,31,31,80,0.1,0.1,0.6,0.1,0.1,4,1.3862943611198906,0.5,0.7604120534070168,0,0,0.6129032258064516
0,1,0,0,0,3,0,1,32,32,80,0.1,0.1,0.6,0.1,0.1,4,1.3862943611198906,0.5,0.1015690720631095,1,0,0.59375
1,0,0,1,0,10,0,2,1,33,80,0.1,0.1,0.6,0.1,0.1,4,1.3862943611198906,0.5,0.13585386003366548,0,1,0.6060606060606061
0,1,0,1,1,27,0,2,2,34,80,0.1,0.1,0.6,0.1,0.1,4,1.3862943611198906,0.5,0.09427559171436026,1,0,0.5882352941176471
1,0,0,0,1,18,0,2,3,35,80,0.1,0.1,0.6,0.1,0.1,4,1.3862943611198906,0.5,0.13481084552030007,0,1,0.6
1,1,1,0,0,8,1,2,4,36,80,0.1,0.1,0.6,0.1,0.1,4,1.3862943611198906,0.5,0.7997241230149251,1,1,0.6111111111111112
0,1,0,1,0,11,0,2,5,37,80,0.1,0.1,0.6,0.1,0.1,4,1.3862943611198906,0.5,0.09260715775037325,0,1,0.6216216216216216
1,1,0,1,1,28,0,2,6,38,80,0.1,0.1,0.6,0.1,0.1,4,1.3862943611198906,0.5,0.12509577598060723,0,1,0.631578947368421
0,0,1,0,1,21,0,2,7,39,80,0.1,0.1,0.6,0.1,0.1,4,1.3862943611198906,0.5,0.6653883576285448,0,1,0.6410256410256411
0,0,0,0,1,17,0,2,8,40,80,0.1,0.1,0.6,0.1,0.1,4,1.3862943611198906,0.5,0.09119944862060976,1,0,0.625
0,1,1,1,0,15,0,2,9,41,80,0.1,0.1,0.6,0.1,0.1,4,1.3862943611198906,0.5,0.6742461523136408,0,1,0.6341463414634146
0,0,1,1,1,29,0,2,10,42,80,0.1,0.1,0.6,0.1,0.1,4,1.3862943611198906,0.5,0.6358962104136656,0,1,0.6428571428571429
0,0,0,1,0,9,0,2,11,43,80,0.1,0.1,0.6,0.1,0.1,4,1.3862943611198906,0.5,0.09224764562161625,1,0,0.627906976744186
0,1,1,1,1,31,0,2,12,44,80,0.1,0.1,0.6,0.1,0.1,4,1.3862943611198906,0.5,0.6329036592716775,1,0,0.6136363636363636
0,1,0,0,1,19,0,2,13,45,80,0.1,0.1,0.6,0.1,0.1,4,1.3862943611198906,0.5,0.0980061669606026,0,1,0.6222222222222222
1,1,0,1,0,12,0,2,14,46,80,0.1,0.1,0.6,0.1,0.1,4,1.3862943611198906,0.5,0.1395308423276135,0,1,0.6304347826086957
1,0,1,1,0,14,1,2,15,47,80,0.1,0.1,0.6,0.1,0.1,4,1.3862943611198906,0.5,0.7854274815738591,1,1,0.6382978723404256
1,0,1,0,0,6,1,2,16,48,80,0.1,0.1,0.6,0.1,0.1,4,1.3862943611198906,0.5,0.8035608960755997,0,0,0.625
1,0,0,0,0,2,0,2,17,49,80,0.1,0.1,0.6,0.1,0.1,4,1.3862943611198906,0.5,0.15138380891142944,0,1,0.6326530612244898
0,0,0,1,1,25,0,2,18,50,80,0.1,0.1,0.6,0.1,0.1,4,1.3862943611198906,0.5,0.08751251003534923,0,1,0.64
0,1,1,0,0,7,0,2,19,51,80,0.1,0.1,0.6,0.1,0.1,4,1.3862943611198906,0.5,0.677464053952767,1,0,0.6274509803921569
0,1,1,0,1,23,0,2,20,52,80,0.1,0.1,0.6,0.1,0.1,4,1.3862943611198906,0.5,0.628763788480381,0,1,0.6346153846153846
0,0,1,1,0,13,0,2,21,53,80,0.1,0.1,0.6,0.1,0.1,4,1.3862943611198906,0.5,0.6562137771824683,0,1,0.6415094339622641
1,1,1,1,0,16,1,2,22,54,80,0.1,0.1,0.6,0.1,0.1,4,1.3862943611198906,0.5,0.7750422951178457,1,1,0.6481481481481481
1,0,1,1,1,30,1,2,23,55,80,0.1,0.1,0.6,0.1,0.1,4,1.3862943611198906,0.5,0.7616080174282321,0,0,0.6363636363636364
1,1,0,0,1,20,0,2,24,56,80,0.1,0.1,0.6,0.1,0.1,4,1.3862943611198906,0.5,0.1338535755023167,1,0,0.625
1,1,0,0,0,4,0,2,25,57,80,0.1,0.1,0.6,0.1,0.1,4,1.3862943611198906,0.5,0.1453792001808214,1,0,0.6140350877192983
0,0,1,0,0,5,0,2,26,58,80,0.1,0.1,0.6,0.1,0.1,4,1.3862943611198906,0.5,0.6522858168174499,1,0,0.603448275862069
1,1,1,1,1,32,1,2,27,59,80,0.1,0.1,0.6,0.1,0.1,4,1.3862943611198906,0.5,0.7674348984660476,0,0,0.5932203389830508
0,1,0,0,0,3,0,2,28,60,80,0.1,0.1,0.6,0.1,0.1,4,1.3862943611198906,0.5,0.09928750808673943,0,1,0.6
0,0,0,0,0,1,0,2,29,61,80,0.1,0.1,0.6,0.1,0.1,4,1.3862943611198906,0.5,0.09781819995907878,0,1,0.6065573770491803
1,1,1,0,1,24,1,2,30,62,80,0.1,0.1,0.6,0.1,0.1,4,1.3862943611198906,0.5,0.7712060125356757,1,1,0.6129032258064516
1,0,0,1,1,26,0,2,31,63,80,0.1,0.1,0.6,0.1,0.1,4,1.3862943611198906,0.5,0.13975425215040177,1,0,0.6031746031746031
1,0,1,0,1,22,1,2,32,64,80,0.1,0.1,0.6,0.1,0.1,4,1.3862943611198906,0.5,0.7765813123332236,1,1,0.609375
0,0,1,1,0,13,0,3,1,65,80,0.1,0.1,0.6,0.1,0.1,4,1.3862943611198906,0.5,0.6358791053650902,1,0,0.6
1,1,0,1,0,12,0,3,2,66,80,0.1,0.1,0.6,0.1,0.1,4,1.3862943611198906,0.5,0.1379923309573287,0,1,0.6060606060606061
0,1,0,0,1,19,0,3,3,67,80,0.1,0.1,0.6,0.1,0.1,4,1.3862943611198906,0.5,0.09567024691926194,0,1,0.6119402985074627
0,0,0,1,1,25,0,3,4,68,80,0.1,0.1,0.6,0.1,0.1,4,1.3862943611198906,0.5,0.09492636372895415,0,1,0.6176470588235294
1,0,1,0,0,6,1,3,5,69,80,0.1,0.1,0.6,0.1,0.1,4,1.3862943611198906,0.5,0.786868803237917,1,1,0.6231884057971014
1,1,0,0,1,20,0,3,6,70,80,0.1,0.1,0.6,0.1,0.1,4,1.3862943611198906,0.5,0.1336457813172671,1,0,0.6142857142857143
0,0,1,1,1,29,0,3,7,71,80,0.1,0.1,0.6,0.1,0.1,4,1.3862943611198906,0.5,0.6379084461342344,1,0,0.6056338028169014
1,0,1,1,1,30,1,3,8,72,80,0.1,0.1,0.6,0.1,0.1,4,1.3862943611198906,0.5,0.7761704556684768,1,1,0.6111111111111112
1,0,0,1,0,10,0,3,9,73,80,0.1,0.1,0.6,0.1,0.1,4,1.3862943611198906,0.5,0.1397573714563615,0,1,0.6164383561643836
1,0,0,1,1,26,0,3,10,74,80,0.1,0.1,0.6,0.1,0.1,4,1.3862943611198906,0.5,0.13717834323236036,0,1,0.6216216216216216
0,0,1,0,1,21,0,3,11,75,80,0.1,0.1,0.6,0.1,0.1,4,1.3862943611198906,0.5,0.6475476298165871,1,0,0.6133333333333333
0,1,1,0,0,7,0,3,12,76,80,0.1,0.1,0.6,0.1,0.1,4,1.3862943611198906,0.5,0.6426502112949757,1,0,0.6052631578947368
1,1,1,1,0,16,1,3,13,77,80,0.1,0.1,0.6,0.1,0.1,4,1.3862943611198906,0.5,0.7788560141477242,1,1,0.6103896103896104
1,1,1,0,0,8,1,3,14,78,80,0.1,0.1,0.6,0.1,0.1,4,1.3862943611198906,0.5,0.7810034826883786,1,1,0.6153846153846154
1,0,0,0,0,2,0,3,15,79,80,0.1,0.1,0.6,0.1,0.1,4,1.3862943611198906,0.5,0.14196353788677463,0,1,0.620253164556962
1,1,0,1,1,28,0,3,16,80,80,0.1,0.1,0.6,0.1,0.1,4,1.3862943611198906,0.5,0.1329438916557978,0,1,0.625
0,1,0,1,1,27,0,3,17,81,80,0.1,0.1,0.6,0.1,0.1,4,1.3862943611198906,0.5,0.0923586799852289,0,1,0.6296296296296297
0,0,0,1,0,9,0,3,18,82,80,0.1,0.1,0.6,0.1,0.1,4,1.3862943611198906,0.5,0.09594219831937667,0,1,0.6341463414634146
1,0,0,0,1,18,0,3,19,83,80,0.1,0.1,0.6,0.1,0.1,4,1.3862943611198906,0.5,0.13254608123544817,0,1,0.6385542168674698
0,1,0,1,0,11,0,3,20,84,80,0.1,0.1,0.6,0.1,0.1,4,1.3862943611198906,0.5,0.0957125732857509,0,1,0.6428571428571429
0,0,0,0,0,1,0,3,21,85,80,0.1,0.1,0.6,0.1,0.1,4,1.3862943611198906,0.5,0.09662335693189415,0,1,0.6470588235294118
0,1,1,1,0,15,0,3,22,86,80,0.1,0.1,0.6,0.1,0.1,4,1.3862943611198906,0.5,0.6590274009388212,0,1,0.6511627906976745
1,1,0,0,0,4,0,3,23,87,80,0.1,0.1,0.6,0.1,0.1,4,1.3862943611198906,0.5,0.13932759840108555,0,1,0.6551724137931034
1,1,1,0,1,24,1,3,24,88,80,0.1,0.1,0.6,0.1,0.1,4,1.3862943611198906,0.5,0.7918060362286543,1,1,0.6590909090909091
0,1,1,0,1,23,0,3,25,89,80,0.1,0.1,0.6,0.1,0.1,4,1.3862943611198906,0.5,0.6556727909206602,0,1,0.6629213483146067
1,1,1,1,1,32,1,3,26,90,80,0.1,0.1,0.6,0.1,0.1,4,1.3862943611198906,0.5,0.7874014972253038,0,0,0.6555555555555556
0,0,1,0,0,5,0,3,27,91,80,0.1,0.1,0.6,0.1,0.1,4,1.3862943611198906,0.5,0.6408599710487207,1,0,0.6483516483516484
0,0,0,0,1,17,0,3,28,92,80,0.1,0.1,0.6,0.1,0.1,4,1.3862943611198906,0.5,0.09365078820242508,0,1,0.6521739130434783
1,0,1,1,0,14,1,3,29,93,80,0.1,0.1,0.6,0.1,0.1,4,1.3862943611198906,0.5,0.781292864974472,1,1,0.6559139784946236
1,0,1,0,1,22,1,3,30,94,80,0.1,0.1,0.6,0.1,0.1,4,1.3862943611198906,0.5,0.7797128814103856,1,1,0.6595744680851063
0,1,1,1,1,31,0,3,31,95,80,0.1,0.1,0.6,0.1,0.1,4,1.3862943611198906,0.5,0.64478283662921,1,0,0.6526315789473685
0,1,0,0,0,3,0,3,32,96,80,0.1,0.1,0.6,0.1,0.1,4,1.3862943611198906,0.5,0.09623187806369808,0,1,0.65625
0,1,0,1,0,11,0,1,1,1,81,0.1,0.1,0.6,0.1,0.1,5,1.6094379124341003,0.5,0.5,1,0,0
1,1,1,1,0,16,1,1,2,2,81,0.1,0.1,0.6,0.1,0.1,5,1.6094379124341003,0.5,0.5,0,0,0
0,0,0,1,1,25,0,1,3,3,81,0.1,0.1,0.6,0.1,0.1,5,1.6094379124341003,0.5,0.029312230751356316,0,1,0.3333333333333333
1,1,1,0,0,8,1,1,4,4,81,0.1,0.1,0.6,0.1,0.1,5,1.6094379124341003,0.5,0.9797647328367441,1,1,0.5
0,1,1,1,0,15,0,1,5,5,81,0.1,0.1,0.6,0.1,0.1,5,1.6094379124341003,0.5,0.9346744646926117,1,0,0.4
0,0,1,1,1,29,0,1,6,6,81,0.1,0.1,0.6,0.1,0.1,5,1.6094379124341003,0.5,0.5522327581438452,1,0,0.3333333333333333
1,1,1,1,1,32,1,1,7,7,81,0.1,0.1,0.6,0.1,0.1,5,1.6094379124341003,0.5,0.7161593344866147,1,1,0.42857142857142855
0,0,1,0,0,5,0,1,8,8,81,0.1,0.1,0.6,0.1,0.1,5,1.6094379124341003,0.5,0.5563143536942156,1,0,0.375
0,1,1,0,1,23,0,1,9,9,81,0.1,0.1,0.6,0.1,0.1,5,1.6094379124341003,0.5,0.5836027958387161,0,1,0.4444444444444444
0,1,1,0,0,7,0,1,10,10,81,0.1,0.1,0.6,0.1,0.1,5,1.6094379124341003,0.5,0.5347225307476567,0,1,0.5
0,1,0,1,1,27,0,1,11,11,81,0.1,0.1,0.6,0.1,0.1,5,1.6094379124341003,0.5,0.0944969487025569,0,1,0.5454545454545454
0,1,1,1,1,31,0,1,12,12,81,0.1,0.1,0.6,0.1,0.1,5,1.6094379124341003,0.5,0.5588581465533022,1,0,0.5
1,0,0,0,1,18,0,1,13,13,81,0.1,0.1,0.6,0.1,0.1,5,1.6094379124341003,0.5,0.15021032503623477,1,0,0.46153846153846156
0,0,0,0,0,1,0,1,14,14,81,0.1,0.1,0.6,0.1,0.1,5,1.6094379124341003,0.5,0.07565310926562288,0,1,0.5
1,0,1,0,1,22,1,1,15,15,81,0.1,0.1,0.6,0.1,0.1,5,1.6094379124341003,0.5,0.6627039344360013,1,1,0.5333333333333333
0,0,0,0,1,17,0,1,16,16,81,0.1,0.1,0.6,0.1,0.1,5,1.6094379124341003,0.5,0.05999089135234949,0,1,0.5625
1,0,1,1,0,14,1,1,17,17,81,0.1,0.1,0.6,0.1,0.1,5,1.6094379124341003,0.5,0.74234446184215,0,0,0.5294117647058824
1,0,1,1,1,30,1,1,18,18,81,0.1,0.1,0.6,0.1,0.1,5,1.6094379124341003,0.5,0.7529381233187146,1,1,0.5555555555555556
0,1,0,0,0,3,0,1,19,19,81,0.1,0.1,0.6,0.1,0.1,5,1.6094379124341003,0.5,0.06460733572693662,0,1,0.5789473684210527
0,1,0,0,1,19,0,1,20,20,81,0.1,0.1,0.6,0.1,0.1,5,1.6094379124341003,0.5,0.04996924762781833,0,1,0.6
1,1,0,1,0,12,0,1,21,21,81,0.1,0.1,0.6,0.1,0.1,5,1.6094379124341003,0.5,0.13821998795546417,0,1,0.6190476190476191
1,1,0,0,0,4,0,1,22,22,81,0.1,0.1,0.6,0.1,0.1,5,1.6094379124341003,0.5,0.09777044002545143,0,1,0.6363636363636364
1,1,1,0,1,24,1,1,23,23,81,0.1,0.1,0.6,0.1,0.1,5,1.6094379124341003,0.5,0.7703442975729161,1,1,0.6521739130434783
1,0,0,1,1,26,0,1,24,24,81,0.1,0.1,0.6,0.1,0.1,5,1.6094379124341003,0.5,0.11130570834883571,1,0,0.625
0,0,0,1,0,9,0,1,25,25,81,0.1,0.1,0.6,0.1,0.1,5,1.6094379124341003,0.5,0.05492629389353186,0,1,0.64
1,0,0,0,0,2,0,1,26,26,81,0.1,0.1,0.6,0.1,0.1,5,1.6094379124341003,0.5,0.08129182581904344,0,1,0.6538461538461539
0,0,1,1,0,13,0,1,27,27,81,0.1,0.1,0.6,0.1,0.1,5,1.6094379124341003,0.5,0.6555470806041244,1,0,0.6296296296296297
1,1,0,0,1,20,0,1,28,28,81,0.1,0.1,0.6,0.1,0.1,5,1.6094379124341003,0.5,0.09815321201735779,0,1,0.6428571428571429
1,0,1,0,0,6,1,1,29,29,81,0.1,0.1,0.6,0.1,0.1,5,1.6094379124341003,0.5,0.7947739907276488,1,1,0.6551724137931034
0,0,1,0,1,21,0,1,30,30,81,0.1,0.1,0.6,0.1,0.1,5,1.6094379124341003,0.5,0.656393123097164,0,1,0.6666666666666666
1,1,0,1,1,28,0,1,31,31,81,0.1,0.1,0.6,0.1,0.1,5,1.6094379124341003,0.5,0.09483292781784666,0,1,0.6774193548387096
1,0,0,1,0,10,0,1,32,32,81,0.1,0.1,0.6,0.1,0.1,5,1.6094379124341003,0.5,0.09302573950397297,0,1,0.6875
0,1,1,0,1,23,0,2,1,33,81,0.1,0.1,0.6,0.1,0.1,5,1.6094379124341003,0.5,0.6275371670597742,1,0,0.6666666666666666
1,1,1,1,1,32,1,2,2,34,81,0.1,0.1,0.6,0.1,0.1,5,1.6094379124341003,0.5,0.8012330383825261,1,1,0.6764705882352942
1,0,0,0,1,18,0,2,3,35,81,0.1,0.1,0.6,0.1,0.1,5,1.6094379124341003,0.5,0.08403557944204972,0,1,0.6857142857142857
0,1,0,0,0,3,0,2,4,36,81,0.1,0.1,0.6,0.1,0.1,5,1.6094379124341003,0.5,0.052404170550638327,0,1,0.6944444444444444
1,0,1,0,0,6,1,2,5,37,81,0.1,0.1,0.6,0.1,0.1,5,1.6094379124341003,0.5,0.8078357826656576,0,0,0.6756756756756757
0,0,0,1,1,25,0,2,6,38,81,0.1,0.1,0.6,0.1,0.1,5,1.6094379124341003,0.5,0.052886189738593034,0,1,0.6842105263157895
1,1,0,0,0,4,0,2,7,39,81,0.1,0.1,0.6,0.1,0.1,5,1.6094379124341003,0.5,0.08273335280952626,0,1,0.6923076923076923
1,0,0,1,0,10,0,2,8,40,81,0.1,0.1,0.6,0.1,0.1,5,1.6094379124341003,0.5,0.0834544415707576,0,1,0.7
1,1,0,1,1,28,0,2,9,41,81,0.1,0.1,0.6,0.1,0.1,5,1.6094379124341003,0.5,0.08622268989550284,0,1,0.7073170731707317
1,0,1,1,1,30,1,2,10,42,81,0.1,0.1,0.6,0.1,0.1,5,1.6094379124341003,0.5,0.8318735463283883,0,0,0.6904761904761905
0,1,0,1,1,27,0,2,11,43,81,0.1,0.1,0.6,0.1,0.1,5,1.6094379124341003,0.5,0.0526644716562013,0,1,0.6976744186046512
0,1,1,0,0,7,0,2,12,44,81,0.1,0.1,0.6,0.1,0.1,5,1.6094379124341003,0.5,0.6433438150890535,1,0,0.6818181818181818
1,0,0,0,0,2,0,2,13,45,81,0.1,0.1,0.6,0.1,0.1,5,1.6094379124341003,0.5,0.0820675150019758,0,1,0.6888888888888889
0,0,0,0,1,17,0,2,14,46,81,0.1,0.1,0.6,0.1,0.1,5,1.6094379124341003,0.5,0.0512195214827512,0,1,0.6956521739130435
0,0,0,1,0,9,0,2,15,47,81,0.1,0.1,0.6,0.1,0.1,5,1.6094379124341003,0.5,0.050946636277866574,0,1,0.7021276595744681
1,1,0,0,1,20,0,2,16,48,81,0.1,0.1,0.6,0.1,0.1,5,1.6094379124341003,0.5,0.0770830732103913,0,1,0.7083333333333334
1,1,1,0,0,8,1,2,17,49,81,0.1,0.1,0.6,0.1,0.1,5,1.6094379124341003,0.5,0.8158826697122163,0,0,0.6938775510204082
0,1,0,1,0,11,0,2,18,50,81,0.1,0.1,0.6,0.1,0.1,5,1.6094379124341003,0.5,0.04900998778527817,0,1,0.7
0,0,1,1,1,29,0,2,19,51,81,0.1,0.1,0.6,0.1,0.1,5,1.6094379124341003,0.5,0.6959717994904111,0,1,0.7058823529411765
1,0,1,1,0,14,1,2,20,52,81,0.1,0.1,0.6,0.1,0.1,5,1.6094379124341003,0.5,0.8383691980963746,1,1,0.7115384615384616
1,1,0,1,0,12,0,2,21,53,81,0.1,0.1,0.6,0.1,0.1,5,1.6094379124341003,0.5,0.07897188440740613,0,1,0.71698113207547165
1,0,0,1,1,26,0,2,22,54,81,0.1,0.1,0.6,0.1,0.1,5,1.6094379124341003,0.5,0.08118982262379953,0,1,0.7222222222222222
1,1,1,1,0,16,1,2,23,55,81,0.1,0.1,0.6,0.1,0.1,5,1.6094379124341003,0.5,0.8418679884442033,0,0,0.7090909090909091
0,1,1,1,1,31,0,2,24,56,81,0.1,0.1,0.6,0.1,0.1,5,1.6094379124341003,0.5,0.6718473569864643,0,1,0.7142857142857143
0,0,0,0,0,1,0,2,25,57,81,0.1,0.1,0.6,0.1,0.1,5,1.6094379124341003,0.5,0.051386007614692975,0,1,0.7192982456140351
1,0,1,0,1,22,1,2,26,58,81,0.1,0.1,0.6,0.1,0.1,5,1.6094379124341003,0.5,0.8254731261856606,1,1,0.7241379310344828
0,0,1,1,0,13,0,2,27,59,81,0.1,0.1,0.6,0.1,0.1,5,1.6094379124341003,0.5,0.6879605501456553,1,0,0.711864406779661
0,1,1,1,0,15,0,2,28,60,81,0.1,0.1,0.6,0.1,0.1,5,1.6094379124341003,0.5,0.6574368374792888,1,0,0.7
1,1,1,0,1,24,1,2,29,61,81,0.1,0.1,0.6,0.1,0.1,5,1.6094379124341003,0.5,0.8118046440372854,1,1,0.7049180327868853
0,0,1,0,1,21,0,2,30,62,81,0.1,0.1,0.6,0.1,0.1,5,1.6094379124341003,0.5,0.6590221703524187,1,0,0.6935483870967742
0,0,1,0,0,5,0,2,31,63,81,0.1,0.1,0.6,0.1,0.1,5,1.6094379124341003,0.5,0.6456123783058455,0,1,0.6984126984126984
0,1,0,0,1,19,0,2,32,64,81,0.1,0.1,0.6,0.1,0.1,5,1.6094379124341003,0.5,0.05460656874209477,0,1,0.703125
0,0,1,0,0,5,0,3,1,65,81,0.1,0.1,0.6,0.1,0.1,5,1.6094379124341003,0.5,0.6275371670597742,1,0,0.6923076923076923
0,0,1,1,0,13,0,3,2,66,81,0.1,0.1,0.6,0.1,0.1,5,1.6094379124341003,0.5,0.6169816286332592,1,0,0.6818181818181818
1,0,1,1,1,30,1,3,3,67,81,0.1,0.1,0.6,0.1,0.1,5,1.6094379124341003,0.5,0.8048349663907199,1,1,0.6865671641791045
0,1,1,1,1,31,0,3,4,68,81,0.1,0.1,0.6,0.1,0.1,5,1.6094379124341003,0.5,0.6244659964192075,1,0,0.6764705882352942
1,1,0,0,1,20,0,3,5,69,81,0.1,0.1,0.6,0.1,0.1,5,1.6094379124341003,0.5,0.08680052062029361,0,1,0.6811594202898551
1,1,1,1,1,32,1,3,6,70,81,0.1,0.1,0.6,0.1,0.1,5,1.6094379124341003,0.5,0.8027611914648156,1,1,0.6857142857142857
1,1,0,1,0,12,0,3,7,71,81,0.1,0.1,0.6,0.1,0.1,5,1.6094379124341003,0.5,0.08699479946051185,0,1,0.6901408450704225
0,1,1,0,0,7,0,3,8,72,81,0.1,0.1,0.6,0.1,0.1,5,1.6094379124341003,0.5,0.6055422407996255,1,0,0.6805555555555556
0,1,0,1,1,27,0,3,9,73,81,0.1,0.1,0.6,0.1,0.1,5,1.6094379124341003,0.5,0.05798692093475906,0,1,0.684931506849315
1,1,1,1,0,16,1,3,10,74,81,0.1,0.1,0.6,0.1,0.1,5,1.6094379124341003,0.5,0.7993855512477708,1,1,0.6891891891891891
0,0,0,0,1,17,0,3,11,75,81,0.1,0.1,0.6,0.1,0.1,5,1.6094379124341003,0.5,0.05344799115208779,0,1,0.6933333333333334
0,0,1,0,1,21,0,3,12,76,81,0.1,0.1,0.6,0.1,0.1,5,1.6094379124341003,0.5,0.6119235741783281,1,0,0.6842105263157895
1,1,0,1,1,28,0,3,13,77,81,0.1,0.1,0.6,0.1,0.1,5,1.6094379124341003,0.5,0.09093885615121028,0,1,0.6883116883116883
1,1,0,0,0,4,0,3,14,78,81,0.1,0.1,0.6,0.1,0.1,5,1.6094379124341003,0.5,0.08422788737814477,0,1,0.6923076923076923
1,0,0,1,0,10,0,3,15,79,81,0.1,0.1,0.6,0.1,0.1,5,1.6094379124341003,0.5,0.0887857267638889,0,1,0.6962025316455697
0,0,0,1,1,25,0,3,16,80,81,0.1,0.1,0.6,0.1,0.1,5,1.6094379124341003,0.5,0.05638246614572841,0,1,0.7
1,0,0,0,0,2,0,3,17,81,81,0.1,0.1,0.6,0.1,0.1,5,1.6094379124341003,0.5,0.08196484546465227,0,1,0.7037037037037037
0,1,0,0,1,19,0,3,18,82,81,0.1,0.1,0.6,0.1,0.1,5,1.6094379124341003,0.5,0.051853687276839665,0,1,0.7073170731707317
0,0,0,0,0,1,0,3,19,83,81,0.1,0.1,0.6,0.1,0.1,5,1.6094379124341003,0.5,0.0506130693949207,0,1,0.7108433734939759
1,1,1,0,1,24,1,3,20,84,81,0.1,0.1,0.6,0.1,0.1,5,1.6094379124341003,0.5,0.8142819307196979,1,1,0.7142857142857143
0,1,0,1,0,11,0,3,21,85,81,0.1,0.1,0.6,0.1,0.1,5,1.6094379124341003,0.5,0.05416586546606652,0,1,0.7176470588235294
1,0,0,1,1,26,0,3,22,86,81,0.1,0.1,0.6,0.1,0.1,5,1.6094379124341003,0.5,0.08639542708293543,0,1,0.7209302325581395
0,1,0,0,0,3,0,3,23,87,81,0.1,0.1,0.6,0.1,0.1,5,1.6094379124341003,0.5,0.050442341216241665,0,1,0.7241379310344828
1,0,0,0,1,18,0,3,24,88,81,0.1,0.1,0.6,0.1,0.1,5,1.6094379124341003,0.5,0.08105203517140014,0,1,0.7272727272727273
1,0,1,0,1,22,1,3,25,89,81,0.1,0.1,0.6,0.1,0.1,5,1.6094379124341003,0.5,0.8176220212272634,1,1,0.7303370786516854
0,0,0,1,0,9,0,3,26,90,81,0.1,0.1,0.6,0.1,0.1,5,1.6094379124341003,0.5,0.04978181933150739,0,1,0.7333333333333333
0,0,1,1,1,29,0,3,27,91,81,0.1,0.1,0.6,0.1,0.1,5,1.6094379124341003,0.5,0.656956439215059,0,1,0.7362637362637363
1,0,1,1,0,14,1,3,28,92,81,0.1,0.1,0.6,0.1,0.1,5,1.6094379124341003,0.5,0.8127526273970316,1,1,0.7391304347826086
1,1,1,0,0,8,1,3,29,93,81,0.1,0.1,0.6,0.1,0.1,5,1.6094379124341003,0.5,0.8153853373826473,0,0,0.7311827956989247
0,1,1,1,0,15,0,3,30,94,81,0.1,0.1,0.6,0.1,0.1,5,1.6094379124341003,0.5,0.648720752117812,0,1,0.7340425531914894
0,1,1,0,1,23,0,3,31,95,81,0.1,0.1,0.6,0.1,0.1,5,1.6094379124341003,0.5,0.6451007251248293,1,0,0.7263157894736842
1,0,1,0,0,6,1,3,32,96,81,0.1,0.1,0.6,0.1,0.1,5,1.6094379124341003,0.5,0.8074447316304967,1,1,0.7291666666666666
0,1,1,1,1,31,0,1,1,1,82,0.1,0.1,0.6,0.1,0.1,5,1.6094379124341003,0.5,0.5,1,0,0
0,1,1,1,0,15,0,1,2,2,82,0.1,0.1,0.6,0.1,0.1,5,1.6094379124341003,0.5,0.5,0,1,0.5
1,0,0,1,1,26,0,1,3,3,82,0.1,0.1,0.6,0.1,0.1,5,1.6094379124341003,0.5,0.5,0,1,0.6666666666666666
0,0,0,1,1,25,0,1,4,4,82,0.1,0.1,0.6,0.1,0.1,5,1.6094379124341003,0.5,0.5,1,0,0.5
1,0,1,0,1,22,1,1,5,5,82,0.1,0.1,0.6,0.1,0.1,5,1.6094379124341003,0.5,0.5,0,0,0.4
0,0,0,0,0,1,0,1,6,6,82,0.1,0.1,0.6,0.1,0.1,5,1.6094379124341003,0.5,0.10561178366104461,1,0,0.3333333333333333
0,0,1,0,0,5,0,1,7,7,82,0.1,0.1,0.6,0.1,0.1,5,1.6094379124341003,0.5,0.7329389697340296,1,0,0.2857142857142857
1,0,1,1,1,30,1,1,8,8,82,0.1,0.1,0.6,0.1,0.1,5,1.6094379124341003,0.5,0.8008032325560743,1,1,0.375
0,1,0,0,0,3,0,1,9,9,82,0.1,0.1,0.6,0.1,0.1,5,1.6094379124341003,0.5,0.048795589369267436,0,1,0.4444444444444444
0,0,1,1,1,29,0,1,10,10,82,0.1,0.1,0.6,0.1,0.1,5,1.6094379124341003,0.5,0.7014276787646289,1,0,0.4
0,0,0,0,1,17,0,1,11,11,82,0.1,0.1,0.6,0.1,0.1,5,1.6094379124341003,0.5,0.08691396569796314,0,1,0.45454545454545453
1,0,0,0,1,18,0,1,12,12,82,0.1,0.1,0.6,0.1,0.1,5,1.6094379124341003,0.5,0.13916478201793694,0,1,0.5
1,0,0,1,0,10,0,1,13,13,82,0.1,0.1,0.6,0.1,0.1,5,1.6094379124341003,0.5,0.09840168728894357,0,1,0.5384615384615384
1,1,1,1,0,16,1,1,14,14,82,0.1,0.1,0.6,0.1,0.1,5,1.6094379124341003,0.5,0.6802999854249724,0,0,0.5
0,1,0,0,1,19,0,1,15,15,82,0.1,0.1,0.6,0.1,0.1,5,1.6094379124341003,0.5,0.05109204383480656,0,1,0.5333333333333333
0,0,1,0,1,21,0,1,16,16,82,0.1,0.1,0.6,0.1,0.1,5,1.6094379124341003,0.5,0.6870032197972241,1,0,0.5
0,1,0,1,1,27,0,1,17,17,82,0.1,0.1,0.6,0.1,0.1,5,1.6094379124341003,0.5,0.062076551356354336,0,1,0.5294117647058824
1,0,1,1,0,14,1,1,18,18,82,0.1,0.1,0.6,0.1,0.1,5,1.6094379124341003,0.5,0.8105056309679101,1,1,0.5555555555555556
1,1,1,0,1,24,1,1,19,19,82,0.1,0.1,0.6,0.1,0.1,5,1.6094379124341003,0.5,0.777037187410583,1,1,0.5789473684210527
1,1,0,0,0,4,0,1,20,20,82,0.1,0.1,0.6,0.1,0.1,5,1.6094379124341003,0.5,0.09312984363675188,0,1,0.6
0,1,0,1,0,11,0,1,21,21,82,0.1,0.1,0.6,0.1,0.1,5,1.6094379124341003,0.5,0.0581862993278678,0,1,0.6190476190476191
1,0,1,0,0,6,1,1,22,22,82,0.1,0.1,0.6,0.1,0.1,5,1.6094379124341003,0.5,0.8071029233986314,1,1,0.6363636363636364
0,1,1,0,1,23,0,1,23,23,82,0.1,0.1,0.6,0.1,0.1,5,1.6094379124341003,0.5,0.6489466648053136,0,1,0.6521739130434783
1,1,0,0,1,20,0,1,24,24,82,0.1,0.1,0.6,0.1,0.1,5,1.6094379124341003,0.5,0.08808411418929703,0,1,0.6666666666666666
0,0,1,1,0,13,0,1,25,25,82,0.1,0.1,0.6,0.1,0.1,5,1.6094379124341003,0.5,0.6732008880274254,0,1,0.68
1,1,0,1,0,12,0,1,26,26,82,0.1,0.1,0.6,0.1,0.1,5,1.6094379124341003,0.5,0.09460532779372391,0,1,0.6923076923076923
0,0,0,1,0,9,0,1,27,27,82,0.1,0.1,0.6,0.1,0.1,5,1.6094379124341003,0.5,0.06128604355176502,0,1,0.7037037037037037
1,1,0,1,1,28,0,1,28,28,82,0.1,0.1,0.6,0.1,0.1,5,1.6094379124341003,0.5,0.08020747238534384,0,1,0.7142857142857143
1,0,0,0,0,2,0,1,29,29,82,0.1,0.1,0.6,0.1,0.1,5,1.6094379124341003,0.5,0.09499656473702839,0,1,0.7241379310344828
1,1,1,1,1,32,1,1,30,30,82,0.1,0.1,0.6,0.1,0.1,5,1.6094379124341003,0.5,0.8023686168488499,1,1,0.7333333333333333
1,1,1,0,0,8,1,1,31,31,82,0.1,0.1,0.6,0.1,0.1,5,1.6094379124341003,0.5,0.8219113089909549,1,1,0.7419354838709677
0,1,1,0,0,7,0,1,32,32,82,0.1,0.1,0.6,0.1,0.1,5,1.6094379124341003,0.5,0.6752055893455557,0,1,0.75
1,0,0,1,1,26,0,2,1,33,82,0.1,0.1,0.6,0.1,0.1,5,1.6094379124341003,0.5,0.08362471542275568,0,1,0.7575757575757576
0,0,1,1,1,29,0,2,2,34,82,0.1,0.1,0.6,0.1,0.1,5,1.6094379124341003,0.5,0.6354724910648036,1,0,0.7352941176470589
1,0,1,0,0,6,1,2,3,35,82,0.1,0.1,0.6,0.1,0.1,5,1.6094379124341003,0.5,0.8135686447213485,1,1,0.7428571428571429
1,0,0,0,0,2,0,2,4,36,82,0.1,0.1,0.6,0.1,0.1,5,1.6094379124341003,0.5,0.09362891531564049,0,1,0.75
1,0,1,0,1,22,1,2,5,37,82,0.1,0.1,0.6,0.1,0.1,5,1.6094379124341003,0.5,0.813225208358226,0,0,0.7297297297297297
0,1,1,1,0,15,0,2,6,38,82,0.1,0.1,0.6,0.1,0.1,5,1.6094379124341003,0.5,0.614443618067214,0,1,0.7368421052631579
0,0,1,0,1,21,0,2,7,39,82,0.1,0.1,0.6,0.1,0.1,5,1.6094379124341003,0.5,0.6464090912811389,1,0,0.717948717948718
1,1,0,0,0,4,0,2,8,40,82,0.1,0.1,0.6,0.1,0.1,5,1.6094379124341003,0.5,0.08810552736717935,0,1,0.725
1,0,0,1,0,10,0,2,9,41,82,0.1,0.1,0.6,0.1,0.1,5,1.6094379124341003,0.5,0.08331648151418483,1,0,0.7073170731707317
1,1,0,1,1,28,0,2,10,42,82,0.1,0.1,0.6,0.1,0.1,5,1.6094379124341003,0.5,0.08007689394146116,1,0,0.6904761904761905
0,0,1,0,0,5,0,2,11,43,82,0.1,0.1,0.6,0.1,0.1,5,1.6094379124341003,0.5,0.654088336023574,1,0,0.6744186046511628
0,1,0,0,0,3,0,2,12,44,82,0.1,0.1,0.6,0.1,0.1,5,1.6094379124341003,0.5,0.056549499034229025,0,1,0.6818181818181818
1,1,0,1,0,12,0,2,13,45,82,0.1,0.1,0.6,0.1,0.1,5,1.6094379124341003,0.5,0.07586231764623773,0,1,0.6888888888888889
0,1,1,0,1,23,0,2,14,46,82,0.1,0.1,0.6,0.1,0.1,5,1.6094379124341003,0.5,0.6332770906062494,0,1,0.6956521739130435
0,0,0,1,0,9,0,2,15,47,82,0.1,0.1,0.6,0.1,0.1,5,1.6094379124341003,0.5,0.05528837493007064,0,1,0.7021276595744681
1,1,1,1,0,16,1,2,16,48,82,0.1,0.1,0.6,0.1,0.1,5,1.6094379124341003,0.5,0.7967501383341089,1,1,0.7083333333333334
1,1,1,0,1,24,1,2,17,49,82,0.1,0.1,0.6,0.1,0.1,5,1.6094379124341003,0.5,0.7990862653222843,1,1,0.7142857142857143
1,0,1,1,1,30,1,2,18,50,82,0.1,0.1,0.6,0.1,0.1,5,1.6094379124341003,0.5,0.7944073681892114,1,1,0.72
0,0,0,0,0,1,0,2,19,51,82,0.1,0.1,0.6,0.1,0.1,5,1.6094379124341003,0.5,0.05492604946090616,0,1,0.7254901960784313
0,1,0,0,1,19,0,2,20,52,82,0.1,0.1,0.6,0.1,0.1,5,1.6094379124341003,0.5,0.058498804546036315,0,1,0.7307692307692307
0,0,0,1,1,25,0,2,21,53,82,0.1,0.1,0.6,0.1,0.1,5,1.6094379124341003,0.5,0.05589342147010704,0,1,0.7358490566037735
0,0,0,0,1,17,0,2,22,54,82,0.1,0.1,0.6,0.1,0.1,5,1.6094379124341003,0.5,0.0566896787287497,0,1,0.7407407407407407
0,0,1,1,0,13,0,2,23,55,82,0.1,0.1,0.6,0.1,0.1,5,1.6094379124341003,0.5,0.6367980885158913,0,1,0.7454545454545455
0,1,0,1,0,11,0,2,24,56,82,0.1,0.1,0.6,0.1,0.1,5,1.6094379124341003,0.5,0.0511706688991296,0,1,0.75
1,1,0,0,1,20,0,2,25,57,82,0.1,0.1,0.6,0.1,0.1,5,1.6094379124341003,0.5,0.08897118533884993,0,1,0.7543859649122807
1,0,1,1,0,14,1,2,26,58,82,0.1,0.1,0.6,0.1,0.1,5,1.6094379124341003,0.5,0.8096549612347438,1,1,0.7586206896551724
1,1,1,1,1,32,1,2,27,59,82,0.1,0.1,0.6,0.1,0.1,5,1.6094379124341003,0.5,0.8188434402711993,1,1,0.7627118644067796
1,0,0,0,1,18,0,2,28,60,82,0.1,0.1,0.6,0.1,0.1,5,1.6094379124341003,0.5,0.08582612523798078,0,1,0.7666666666666667
0,1,1,1,1,31,0,2,29,61,82,0.1,0.1,0.6,0.1,0.1,5,1.6094379124341003,0.5,0.6566976546055554,0,1,0.7704918032786885
0,1,0,1,1,27,0,2,30,62,82,0.1,0.1,0.6,0.1,0.1,5,1.6094379124341003,0.5,0.054559903605376284,0,1,0.7741935483870968
0,1,1,0,0,7,0,2,31,63,82,0.1,0.1,0.6,0.1,0.1,5,1.6094379124341003,0.5,0.635305632889143,0,1,0.7777777777777778
1,1,1,0,0,8,1,2,32,64,82,0.1,0.1,0.6,0.1,0.1,5,1.6094379124341003,0.5,0.8038883790188018,1,1,0.78125
1,1,0,0,1,20,0,3,1,65,82,0.1,0.1,0.6,0.1,0.1,5,1.6094379124341003,0.5,0.08362471542275568,0,1,0.7846153846153846
1,0,0,1,1,26,0,3,2,66,82,0.1,0.1,0.6,0.1,0.1,5,1.6094379124341003,0.5,0.08315663239955168,0,1,0.7878787878787878
0,0,1,0,0,5,0,3,3,67,82,0.1,0.1,0.6,0.1,0.1,5,1.6094379124341003,0.5,0.6364548353857477,1,0,0.7761194029850746
0,0,0,0,1,17,0,3,4,68,82,0.1,0.1,0.6,0.1,0.1,5,1.6094379124341003,0.5,0.05217206397486895,0,1,0.7794117647058824
1,0,0,0,0,2,0,3,5,69,82,0.1,0.1,0.6,0.1,0.1,5,1.6094379124341003,0.5,0.08361034269946556,0,1,0.782608695652174
0,1,0,1,0,11,0,3,6,70,82,0.1,0.1,0.6,0.1,0.1,5,1.6094379124341003,0.5,0.05360078600538526,0,1,0.7857142857142857
1,1,1,1,1,32,1,3,7,71,82,0.1,0.1,0.6,0.1,0.1,5,1.6094379124341003,0.5,0.8251822439596036,1,1,0.7887323943661971
1,1,0,0,0,4,0,3,8,72,82,0.1,0.1,0.6,0.1,0.1,5,1.6094379124341003,0.5,0.0806240688896481,0,1,0.7916666666666666
1,0,1,1,1,30,1,3,9,73,82,0.1,0.1,0.6,0.1,0.1,5,1.6094379124341003,0.5,0.8265197292007666,1,1,0.7945205479452054
1,1,0,1,1,28,0,3,10,74,82,0.1,0.1,0.6,0.1,0.1,5,1.6094379124341003,0.5,0.08614904580797447,0,1,0.7972972972972973
0,1,0,0,1,19,0,3,11,75,82,0.1,0.1,0.6,0.1,0.1,5,1.6094379124341003,0.5,0.0500724116009831,0,1,0.8
1,0,1,0,1,22,1,3,12,76,82,0.1,0.1,0.6,0.1,0.1,5,1.6094379124341003,0.5,0.8245701987234465,1,1,0.8026315789473685
0,1,1,1,1,31,0,3,13,77,82,0.1,0.1,0.6,0.1,0.1,5,1.6094379124341003,0.5,0.6666302413910884,0,1,0.8051948051948052
1,0,0,0,1,18,0,3,14,78,82,0.1,0.1,0.6,0.1,0.1,5,1.6094379124341003,0.5,0.08287794734426311,0,1,0.8076923076923077
0,0,1,1,1,29,0,3,15,79,82,0.1,0.1,0.6,0.1,0.1,5,1.6094379124341003,0.5,0.6622145964021737,1,0,0.7974683544303798
0,0,0,1,1,25,0,3,16,80,82,0.1,0.1,0.6,0.1,0.1,5,1.6094379124341003,0.5,0.05534472961711557,0,1,0.8
0,0,0,1,0,9,0,3,17,81,82,0.1,0.1,0.6,0.1,0.1,5,1.6094379124341003,0.5,0.0516289164858202,0,1,0.8024691358024691
1,1,1,1,0,16,1,3,18,82,82,0.1,0.1,0.6,0.1,0.1,5,1.6094379124341003,0.5,0.821888218673232,1,1,0.8048780487804879
0,1,0,0,0,3,0,3,19,83,82,0.1,0.1,0.6,0.1,0.1,5,1.6094379124341003,0.5,0.04905150354748016,0,1,0.8072289156626506
0,1,1,0,0,7,0,3,20,84,82,0.1,0.1,0.6,0.1,0.1,5,1.6094379124341003,0.5,0.6440982828387866,1,0,0.7976190476190477
0,0,0,0,0,1,0,3,21,85,82,0.1,0.1,0.6,0.1,0.1,5,1.6094379124341003,0.5,0.04849232703585184,0,1,0.8
1,1,0,1,0,12,0,3,22,86,82,0.1,0.1,0.6,0.1,0.1,5,1.6094379124341003,0.5,0.08480242044966237,0,1,0.8023255813953488
0,1,1,1,0,15,0,3,23,87,82,0.1,0.1,0.6,0.1,0.1,5,1.6094379124341003,0.5,0.6523832193239616,1,0,0.7931034482758621
1,1,1,0,0,8,1,3,24,88,82,0.1,0.1,0.6,0.1,0.1,5,1.6094379124341003,0.5,0.811004489017358,1,1,0.7954545454545454
1,0,0,1,0,10,0,3,25,89,82,0.1,0.1,0.6,0.1,0.1,5,1.6094379124341003,0.5,0.08112500826896765,0,1,0.797752808988764
0,1,1,0,1,23,0,3,26,90,82,0.1,0.1,0.6,0.1,0.1,5,1.6094379124341003,0.5,0.6479859465917863,1,0,0.7888888888888889
1,0,1,1,0,14,1,3,27,91,82,0.1,0.1,0.6,0.1,0.1,5,1.6094379124341003,0.5,0.819099107367317,0,0,0.7802197802197802
0,0,1,0,1,21,0,3,28,92,82,0.1,0.1,0.6,0.1,0.1,5,1.6094379124341003,0.5,0.639320161539038,0,1,0.782608695652174
1,1,1,0,1,24,1,3,29,93,82,0.1,0.1,0.6,0.1,0.1,5,1.6094379124341003,0.5,0.8077165273993133,1,1,0.7849462365591398
0,0,1,1,0,13,0,3,30,94,82,0.1,0.1,0.6,0.1,0.1,5,1.6094379124341003,0.5,0.6375840641965215,0,1,0.7872340425531915
0,1,0,1,1,27,0,3,31,95,82,0.1,0.1,0.6,0.1,0.1,5,1.6094379124341003,0.5,0.05490100613844135,0,1,0.7894736842105263
1,0,1,0,0,6,1,3,32,96,82,0.1,0.1,0.6,0.1,0.1,5,1.6094379124341003,0.5,0.8074447316304967,1,1,0.7916666666666666
0,0,1,1,0,13,0,1,1,1,83,0.1,0.1,0.6,0.1,0.1,5,1.6094379124341003,0.5,0.5,0,1,1
1,0,1,0,1,22,1,1,2,2,83,0.1,0.1,0.6,0.1,0.1,5,1.6094379124341003,0.5,0.5,0,0,0.5
1,0,1,1,0,14,1,1,3,3,83,0.1,0.1,0.6,0.1,0.1,5,1.6094379124341003,0.5,0.37754066879814546,0,0,0.3333333333333333
1,1,1,1,0,16,1,1,4,4,83,0.1,0.1,0.6,0.1,0.1,5,1.6094379124341003,0.5,0.529992575596811,0,0,0.25
1,1,1,0,0,8,1,1,5,5,83,0.1,0.1,0.6,0.1,0.1,5,1.6094379124341003,0.5,0.6672480349965694,1,1,0.4
0,1,1,1,1,31,0,1,6,6,83,0.1,0.1,0.6,0.1,0.1,5,1.6094379124341003,0.5,0.41345464475930993,0,1,0.5
0,1,0,0,0,3,0,1,7,7,83,0.1,0.1,0.6,0.1,0.1,5,1.6094379124341003,0.5,0.4912095375132727,0,1,0.5714285714285714
1,0,0,0,0,2,0,1,8,8,83,0.1,0.1,0.6,0.1,0.1,5,1.6094379124341003,0.5,0.17209956812176005,0,1,0.625
0,0,0,0,0,1,0,1,9,9,83,0.1,0.1,0.6,0.1,0.1,5,1.6094379124341003,0.5,0.05002630411528547,0,1,0.6666666666666666
0,1,1,0,0,7,0,1,10,10,83,0.1,0.1,0.6,0.1,0.1,5,1.6094379124341003,0.5,0.6804245634282742,1,0,0.6
0,0,0,1,0,9,0,1,11,11,83,0.1,0.1,0.6,0.1,0.1,5,1.6094379124341003,0.5,0.06912706420531736,0,1,0.6363636363636364
1,0,0,1,0,10,0,1,12,12,83,0.1,0.1,0.6,0.1,0.1,5,1.6094379124341003,0.5,0.0990396533063873,0,1,0.6666666666666666
0,0,0,0,1,17,0,1,13,13,83,0.1,0.1,0.6,0.1,0.1,5,1.6094379124341003,0.5,0.05616125654038925,0,1,0.6923076923076923
1,1,1,1,1,32,1,1,14,14,83,0.1,0.1,0.6,0.1,0.1,5,1.6094379124341003,0.5,0.7741963277910441,1,1,0.7142857142857143
0,0,1,1,1,29,0,1,15,15,83,0.1,0.1,0.6,0.1,0.1,5,1.6094379124341003,0.5,0.6285280774011069,1,0,0.6666666666666666
0,1,1,0,1,23,0,1,16,16,83,0.1,0.1,0.6,0.1,0.1,5,1.6094379124341003,0.5,0.6046817435933916,1,0,0.625
0,1,0,1,1,27,0,1,17,17,83,0.1,0.1,0.6,0.1,0.1,5,1.6094379124341003,0.5,0.08948286254192003,0,1,0.6470588235294118
0,1,1,1,0,15,0,1,18,18,83,0.1,0.1,0.6,0.1,0.1,5,1.6094379124341003,0.5,0.6208590795675683,1,0,0.6111111111111112
1,0,0,1,1,26,0,1,19,19,83,0.1,0.1,0.6,0.1,0.1,5,1.6094379124341003,0.5,0.10970679001754703,0,1,0.631578947368421
1,0,1,1,1,30,1,1,20,20,83,0.1,0.1,0.6,0.1,0.1,5,1.6094379124341003,0.5,0.7631363712911299,1,1,0.65
0,0,0,1,1,25,0,1,21,21,83,0.1,0.1,0.6,0.1,0.1,5,1.6094379124341003,0.5,0.059982600394909935,0,1,0.6666666666666666
0,0,1,0,1,21,0,1,22,22,83,0.1,0.1,0.6,0.1,0.1,5,1.6094379124341003,0.5,0.6177093098191555,1,0,0.6363636363636364
0,0,1,0,0,5,0,1,23,23,83,0.1,0.1,0.6,0.1,0.1,5,1.6094379124341003,0.5,0.571042392087157,0,1,0.6521739130434783
1,1,0,0,1,20,0,1,24,24,83,0.1,0.1,0.6,0.1,0.1,5,1.6094379124341003,0.5,0.12398224900517488,0,1,0.6666666666666666
0,1,0,1,0,11,0,1,25,25,83,0.1,0.1,0.6,0.1,0.1,5,1.6094379124341003,0.5,0.0713374118526356,0,1,0.68
0,1,0,0,1,19,0,1,26,26,83,0.1,0.1,0.6,0.1,0.1,5,1.6094379124341003,0.5,0.05527641007793779,0,1,0.6923076923076923
1,0,1,0,0,6,1,1,27,27,83,0.1,0.1,0.6,0.1,0.1,5,1.6094379124341003,0.5,0.7706235981532024,1,1,0.7037037037037037
1,1,1,0,1,24,1,1,28,28,83,0.1,0.1,0.6,0.1,0.1,5,1.6094379124341003,0.5,0.7665577712721758,0,0,0.6785714285714286
1,1,0,1,1,28,0,1,29,29,83,0.1,0.1,0.6,0.1,0.1,5,1.6094379124341003,0.5,0.10404445435226321,0,1,0.6896551724137931
1,1,0,0,0,4,0,1,30,30,83,0.1,0.1,0.6,0.1,0.1,5,1.6094379124341003,0.5,0.10121360277631673,0,1,0.7
1,0,0,0,1,18,0,1,31,31,83,0.1,0.1,0.6,0.1,0.1,5,1.6094379124341003,0.5,0.09259398980799594,0,1,0.7096774193548387
1,1,0,1,0,12,0,1,32,32,83,0.1,0.1,0.6,0.1,0.1,5,1.6094379124341003,0.5,0.09302573950397298,0,1,0.71875
0,1,0,0,0,3,0,2,1,33,83,0.1,0.1,0.6,0.1,0.1,5,1.6094379124341003,0.5,0.0518585139335603,0,1,0.7272727272727273
1,1,0,0,1,20,0,2,2,34,83,0.1,0.1,0.6,0.1,0.1,5,1.6094379124341003,0.5,0.08271217625154466,0,1,0.7352941176470589
1,1,1,0,0,8,1,2,3,35,83,0.1,0.1,0.6,0.1,0.1,5,1.6094379124341003,0.5,0.8225597324886568,1,1,0.7428571428571429
0,0,0,0,1,17,0,2,4,36,83,0.1,0.1,0.6,0.1,0.1,5,1.6094379124341003,0.5,0.0492429100430498,1,0,0.7222222222222222
0,1,1,1,0,15,0,2,5,37,83,0.1,0.1,0.6,0.1,0.1,5,1.6094379124341003,0.5,0.656232746462101,1,0,0.7027027027027027
1,0,1,0,0,6,1,2,6,38,83,0.1,0.1,0.6,0.1,0.1,5,1.6094379124341003,0.5,0.8255514261522771,1,1,0.7105263157894737
0,0,1,1,1,29,0,2,7,39,83,0.1,0.1,0.6,0.1,0.1,5,1.6094379124341003,0.5,0.6215690604114102,1,0,0.6923076923076923
1,1,1,1,1,32,1,2,8,40,83,0.1,0.1,0.6,0.1,0.1,5,1.6094379124341003,0.5,0.7907848233134237,1,1,0.7
1,1,0,0,0,4,0,2,9,41,83,0.1,0.1,0.6,0.1,0.1,5,1.6094379124341003,0.5,0.08876187964893105,0,1,0.7073170731707317
0,1,0,0,1,19,0,2,10,42,83,0.1,0.1,0.6,0.1,0.1,5,1.6094379124341003,0.5,0.04932104254794078,0,1,0.7142857142857143
1,1,1,1,0,16,1,2,11,43,83,0.1,0.1,0.6,0.1,0.1,5,1.6094379124341003,0.5,0.8110250652117326,0,0,0.6976744186046512
1,0,0,0,0,2,0,2,12,44,83,0.1,0.1,0.6,0.1,0.1,5,1.6094379124341003,0.5,0.08536706113994837,0,1,0.7045454545454546
0,1,1,1,1,31,0,2,13,45,83,0.1,0.1,0.6,0.1,0.1,5,1.6094379124341003,0.5,0.6391069790732511,0,1,0.7111111111111111
1,0,0,0,1,18,0,2,14,46,83,0.1,0.1,0.6,0.1,0.1,5,1.6094379124341003,0.5,0.07531687734635785,0,1,0.717391304347826
1,0,1,1,0,14,1,2,15,47,83,0.1,0.1,0.6,0.1,0.1,5,1.6094379124341003,0.5,0.8152997026081579,1,1,0.723404255319149
0,0,1,0,0,5,0,2,16,48,83,0.1,0.1,0.6,0.1,0.1,5,1.6094379124341003,0.5,0.6634266487890086,0,1,0.7291666666666666
1,0,1,1,1,30,1,2,17,49,83,0.1,0.1,0.6,0.1,0.1,5,1.6094379124341003,0.5,0.7951907372296856,0,0,0.7142857142857143
1,0,1,0,1,22,1,2,18,50,83,0.1,0.1,0.6,0.1,0.1,5,1.6094379124341003,0.5,0.8019184464444693,1,1,0.72
0,0,1,1,0,13,0,2,19,51,83,0.1,0.1,0.6,0.1,0.1,5,1.6094379124341003,0.5,0.6281539928041364,1,0,0.7058823529411765
1,1,1,0,1,24,1,2,20,52,83,0.1,0.1,0.6,0.1,0.1,5,1.6094379124341003,0.5,0.8059368087574373,0,0,0.6923076923076923
0,1,1,0,0,7,0,2,21,53,83,0.1,0.1,0.6,0.1,0.1,5,1.6094379124341003,0.5,0.6237606552749307,0,1,0.6981132075471698
0,0,1,0,1,21,0,2,22,54,83,0.1,0.1,0.6,0.1,0.1,5,1.6094379124341003,0.5,0.6178541104221267,0,1,0.7037037037037037
0,0,0,1,1,25,0,2,23,55,83,0.1,0.1,0.6,0.1,0.1,5,1.6094379124341003,0.5,0.060703208464412656,0,1,0.7090909090909091
0,1,0,1,0,11,0,2,24,56,83,0.1,0.1,0.6,0.1,0.1,5,1.6094379124341003,0.5,0.0599537429438791,0,1,0.7142857142857143
1,1,0,1,0,12,0,2,25,57,83,0.1,0.1,0.6,0.1,0.1,5,1.6094379124341003,0.5,0.0933743606090587,0,1,0.7192982456140351
1,0,0,1,1,26,0,2,26,58,83,0.1,0.1,0.6,0.1,0.1,5,1.6094379124341003,0.5,0.09241736125344632,0,1,0.7241379310344828
1,0,0,1,0,10,0,2,27,59,83,0.1,0.1,0.6,0.1,0.1,5,1.6094379124341003,0.5,0.08968343316351483,0,1,0.7288135593220338
0,0,0,0,0,1,0,2,28,60,83,0.1,0.1,0.6,0.1,0.1,5,1.6094379124341003,0.5,0.05416466255197173,1,0,0.7166666666666667
0,1,0,1,1,27,0,2,29,61,83,0.1,0.1,0.6,0.1,0.1,5,1.6094379124341003,0.5,0.055449496033517294,0,1,0.7213114754098361
0,1,1,0,1,23,0,2,30,62,83,0.1,0.1,0.6,0.1,0.1,5,1.6094379124341003,0.5,0.6408901174539102,1,0,0.7096774193548387
0,0,0,1,0,9,0,2,31,63,83,0.1,0.1,0.6,0.1,0.1,5,1.6094379124341003,0.5,0.05440916199242754,0,1,0.7142857142857143
1,1,0,1,1,28,0,2,32,64,83,0.1,0.1,0.6,0.1,0.1,5,1.6094379124341003,0.5,0.08797545969318772,0,1,0.71875
1,0,1,0,1,22,1,3,1,65,83,0.1,0.1,0.6,0.1,0.1,5,1.6094379124341003,0.5,0.8137766723481689,1,1,0.7230769230769231
1,0,0,0,0,2,0,3,2,66,83,0.1,0.1,0.6,0.1,0.1,5,1.6094379124341003,0.5,0.08439148052954099,0,1,0.7272727272727273
1,0,1,1,1,30,1,3,3,67,83,0.1,0.1,0.6,0.1,0.1,5,1.6094379124341003,0.5,0.8178891180030214,1,1,0.7313432835820896
0,0,0,1,1,25,0,3,4,68,83,0.1,0.1,0.6,0.1,0.1,5,1.6094379124341003,0.5,0.05508686386412277,0,1,0.7352941176470589
1,0,0,0,1,18,0,3,5,69,83,0.1,0.1,0.6,0.1,0.1,5,1.6094379124341003,0.5,0.08601458921457221,0,1,0.7391304347826086
1,1,0,1,0,12,0,3,6,70,83,0.1,0.1,0.6,0.1,0.1,5,1.6094379124341003,0.5,0.08012467061240477,0,1,0.7428571428571429
1,0,0,1,0,10,0,3,7,71,83,0.1,0.1,0.6,0.1,0.1,5,1.6094379124341003,0.5,0.0790812210520407,0,1,0.7464788732394366
0,1,1,0,1,23,0,3,8,72,83,0.1,0.1,0.6,0.1,0.1,5,1.6094379124341003,0.5,0.6472042468364652,1,0,0.7361111111111112
1,1,0,0,0,4,0,3,9,73,83,0.1,0.1,0.6,0.1,0.1,5,1.6094379124341003,0.5,0.0780415526285889,0,1,0.7397260273972602
0,1,1,0,0,7,0,3,10,74,83,0.1,0.1,0.6,0.1,0.1,5,1.6094379124341003,0.5,0.6301616382236751,1,0,0.7297297297297297
0,0,0,1,0,9,0,3,11,75,83,0.1,0.1,0.6,0.1,0.1,5,1.6094379124341003,0.5,0.051121373596918956,0,1,0.7333333333333333
1,0,0,1,1,26,0,3,12,76,83,0.1,0.1,0.6,0.1,0.1,5,1.6094379124341003,0.5,0.08529456765323923,0,1,0.7368421052631579
0,1,1,1,0,15,0,3,13,77,83,0.1,0.1,0.6,0.1,0.1,5,1.6094379124341003,0.5,0.6328037205081521,0,1,0.7402597402597403
1,0,1,1,0,14,1,3,14,78,83,0.1,0.1,0.6,0.1,0.1,5,1.6094379124341003,0.5,0.8205065043403428,0,0,0.7307692307692307
0,0,1,0,1,21,0,3,15,79,83,0.1,0.1,0.6,0.1,0.1,5,1.6094379124341003,0.5,0.6525146754546407,0,1,0.7341772151898734
1,1,0,1,1,28,0,3,16,80,83,0.1,0.1,0.6,0.1,0.1,5,1.6094379124341003,0.5,0.08288017145725846,0,1,0.7375
1,1,0,0,1,20,0,3,17,81,83,0.1,0.1,0.6,0.1,0.1,5,1.6094379124341003,0.5,0.0812391175681776,0,1,0.7407407407407407
1,1,1,0,1,24,1,3,18,82,83,0.1,0.1,0.6,0.1,0.1,5,1.6094379124341003,0.5,0.8053944015024767,1,1,0.7439024390243902
0,0,1,0,0,5,0,3,19,83,83,0.1,0.1,0.6,0.1,0.1,5,1.6094379124341003,0.5,0.6347949884375946,0,1,0.7469879518072289
0,0,1,1,1,29,0,3,20,84,83,0.1,0.1,0.6,0.1,0.1,5,1.6094379124341003,0.5,0.6518761412405145,0,1,0.75
0,1,0,0,0,3,0,3,21,85,83,0.1,0.1,0.6,0.1,0.1,5,1.6094379124341003,0.5,0.053029627741538486,0,1,0.7529411764705882
1,1,1,1,0,16,1,3,22,86,83,0.1,0.1,0.6,0.1,0.1,5,1.6094379124341003,0.5,0.8057004358439721,1,1,0.7558139534883721
1,0,1,0,0,6,1,3,23,87,83,0.1,0.1,0.6,0.1,0.1,5,1.6094379124341003,0.5,0.8049166993717759,1,1,0.7586206896551724
1,1,1,1,1,32,1,3,24,88,83,0.1,0.1,0.6,0.1,0.1,5,1.6094379124341003,0.5,0.8109543080896511,1,1,0.7613636363636364
0,1,1,1,1,31,0,3,25,89,83,0.1,0.1,0.6,0.1,0.1,5,1.6094379124341003,0.5,0.6343560754635885,0,1,0.7640449438202247
0,1,0,1,0,11,0,3,26,90,83,0.1,0.1,0.6,0.1,0.1,5,1.6094379124341003,0.5,0.05387179715342958,0,1,0.7666666666666667
0,0,1,1,0,13,0,3,27,91,83,0.1,0.1,0.6,0.1,0.1,5,1.6094379124341003,0.5,0.633177571459661,1,0,0.7582417582417582
0,0,0,0,1,17,0,3,28,92,83,0.1,0.1,0.6,0.1,0.1,5,1.6094379124341003,0.5,0.056424955763695626,0,1,0.7608695652173914
0,1,0,1,1,27,0,3,29,93,83,0.1,0.1,0.6,0.1,0.1,5,1.6094379124341003,0.5,0.05504394187260685,0,1,0.7634408602150538
1,1,1,0,0,8,1,3,30,94,83,0.1,0.1,0.6,0.1,0.1,5,1.6094379124341003,0.5,0.8037058913540608,1,1,0.7659574468085106
0,0,0,0,0,1,0,3,31,95,83,0.1,0.1,0.6,0.1,0.1,5,1.6094379124341003,0.5,0.05388781101579979,0,1,0.7684210526315789
0,1,0,0,1,19,0,3,32,96,83,0.1,0.1,0.6,0.1,0.1,5,1.6094379124341003,0.5,0.053645636819778464,0,1,0.7708333333333334
0,1,1,0,1,23,0,1,1,1,84,0.1,0.1,0.6,0.1,0.1,5,1.6094379124341003,0.5,0.5,1,0,0
1,1,1,1,1,32,1,1,2,2,84,0.1,0.1,0.6,0.1,0.1,5,1.6094379124341003,0.5,0.5,1,1,0.5
1,0,1,0,0,6,1,1,3,3,84,0.1,0.1,0.6,0.1,0.1,5,1.6094379124341003,0.5,0.5,0,0,0.3333333333333333
0,0,1,0,1,21,0,1,4,4,84,0.1,0.1,0.6,0.1,0.1,5,1.6094379124341003,0.5,0.3275977648793132,0,1,0.5
1,1,1,0,1,24,1,1,5,5,84,0.1,0.1,0.6,0.1,0.1,5,1.6094379124341003,0.5,0.5,0,0,0.4
0,0,0,0,0,1,0,1,6,6,84,0.1,0.1,0.6,0.1,0.1,5,1.6094379124341003,0.5,0.3976723100325432,0,1,0.5
0,0,0,1,0,9,0,1,7,7,84,0.1,0.1,0.6,0.1,0.1,5,1.6094379124341003,0.5,0.05380392879451203,0,1,0.5714285714285714
1,0,0,1,0,10,0,1,8,8,84,0.1,0.1,0.6,0.1,0.1,5,1.6094379124341003,0.5,0.07417382547408044,0,1,0.625
0,1,0,0,1,19,0,1,9,9,84,0.1,0.1,0.6,0.1,0.1,5,1.6094379124341003,0.5,0.10971635285670943,0,1,0.6666666666666666
0,0,1,1,0,13,0,1,10,10,84,0.1,0.1,0.6,0.1,0.1,5,1.6094379124341003,0.5,0.6709913826158672,1,0,0.6
0,0,0,0,1,17,0,1,11,11,84,0.1,0.1,0.6,0.1,0.1,5,1.6094379124341003,0.5,0.05531627287325864,0,1,0.6363636363636364
0,1,0,0,0,3,0,1,12,12,84,0.1,0.1,0.6,0.1,0.1,5,1.6094379124341003,0.5,0.05380504998872106,0,1,0.6666666666666666
1,0,0,0,0,2,0,1,13,13,84,0.1,0.1,0.6,0.1,0.1,5,1.6094379124341003,0.5,0.08411251413793566,0,1,0.6923076923076923
1,0,1,0,1,22,1,1,14,14,84,0.1,0.1,0.6,0.1,0.1,5,1.6094379124341003,0.5,0.7978622783471471,1,1,0.7142857142857143
1,1,0,1,1,28,0,1,15,15,84,0.1,0.1,0.6,0.1,0.1,5,1.6094379124341003,0.5,0.1316487054407686,0,1,0.7333333333333333
0,0,1,0,0,5,0,1,16,16,84,0.1,0.1,0.6,0.1,0.1,5,1.6094379124341003,0.5,0.6712839129938444,1,0,0.6875
0,1,1,1,1,31,0,1,17,17,84,0.1,0.1,0.6,0.1,0.1,5,1.6094379124341003,0.5,0.7004880332736012,1,0,0.6470588235294118
1,1,1,1,0,16,1,1,18,18,84,0.1,0.1,0.6,0.1,0.1,5,1.6094379124341003,0.5,0.7768220014494678,1,1,0.6666666666666666
0,1,0,1,1,27,0,1,19,19,84,0.1,0.1,0.6,0.1,0.1,5,1.6094379124341003,0.5,0.06782027079293933,0,1,0.6842105263157895
0,1,1,0,0,7,0,1,20,20,84,0.1,0.1,0.6,0.1,0.1,5,1.6094379124341003,0.5,0.63242010037768,1,0,0.65
0,0,1,1,1,29,0,1,21,21,84,0.1,0.1,0.6,0.1,0.1,5,1.6094379124341003,0.5,0.5871096136972942,1,0,0.6190476190476191
0,1,0,1,0,11,0,1,22,22,84,0.1,0.1,0.6,0.1,0.1,5,1.6094379124341003,0.5,0.05985165117300657,1,0,0.5909090909090909
1,1,0,1,0,12,0,1,23,23,84,0.1,0.1,0.6,0.1,0.1,5,1.6094379124341003,0.5,0.09865195742177811,0,1,0.6086956521739131
1,0,1,1,0,14,1,1,24,24,84,0.1,0.1,0.6,0.1,0.1,5,1.6094379124341003,0.5,0.7664634350940814,1,1,0.625
1,1,0,0,1,20,0,1,25,25,84,0.1,0.1,0.6,0.1,0.1,5,1.6094379124341003,0.5,0.10658288144500074,0,1,0.64
1,0,0,0,1,18,0,1,26,26,84,0.1,0.1,0.6,0.1,0.1,5,1.6094379124341003,0.5,0.10128289338637923,0,1,0.6538461538461539
1,1,1,0,0,8,1,1,27,27,84,0.1,0.1,0.6,0.1,0.1,5,1.6094379124341003,0.5,0.8016453692676402,1,1,0.6666666666666666
0,1,1,1,0,15,0,1,28,28,84,0.1,0.1,0.6,0.1,0.1,5,1.6094379124341003,0.5,0.6562228510750183,1,0,0.6428571428571429
1,0,1,1,1,30,1,1,29,29,84,0.1,0.1,0.6,0.1,0.1,5,1.6094379124341003,0.5,0.7740424327588953,1,1,0.6551724137931034
1,0,0,1,1,26,0,1,30,30,84,0.1,0.1,0.6,0.1,0.1,5,1.6094379124341003,0.5,0.09854922623366102,0,1,0.6666666666666666
0,0,0,1,1,25,0,1,31,31,84,0.1,0.1,0.6,0.1,0.1,5,1.6094379124341003,0.5,0.056663404179438756,0,1,0.6774193548387096
1,1,0,0,0,4,0,1,32,32,84,0.1,0.1,0.6,0.1,0.1,5,1.6094379124341003,0.5,0.09302573950397297,0,1,0.6875
0,1,1,0,0,7,0,2,1,33,84,0.1,0.1,0.6,0.1,0.1,5,1.6094379124341003,0.5,0.6275371670597742,0,1,0.696969696969697
0,1,1,1,1,31,0,2,2,34,84,0.1,0.1,0.6,0.1,0.1,5,1.6094379124341003,0.5,0.6185823820754077,1,0,0.6764705882352942
0,1,0,0,1,19,0,2,3,35,84,0.1,0.1,0.6,0.1,0.1,5,1.6094379124341003,0.5,0.0554777341558822,0,1,0.6857142857142857
0,0,1,0,1,21,0,2,4,36,84,0.1,0.1,0.6,0.1,0.1,5,1.6094379124341003,0.5,0.6181136123664851,0,1,0.6944444444444444
0,0,0,0,1,17,0,2,5,37,84,0.1,0.1,0.6,0.1,0.1,5,1.6094379124341003,0.5,0.054786768211377894,0,1,0.7027027027027027
1,1,0,1,1,28,0,2,6,38,84,0.1,0.1,0.6,0.1,0.1,5,1.6094379124341003,0.5,0.0915025088364448,0,1,0.7105263157894737
0,0,0,1,0,9,0,2,7,39,84,0.1,0.1,0.6,0.1,0.1,5,1.6094379124341003,0.5,0.057216281472212506,0,1,0.717948717948718
1,0,0,0,0,2,0,2,8,40,84,0.1,0.1,0.6,0.1,0.1,5,1.6094379124341003,0.5,0.09078021897665728,0,1,0.725
1,1,1,1,1,32,1,2,9,41,84,0.1,0.1,0.6,0.1,0.1,5,1.6094379124341003,0.5,0.8056581849528366,1,1,0.7317073170731707
1,0,0,1,0,10,0,2,10,42,84,0.1,0.1,0.6,0.1,0.1,5,1.6094379124341003,0.5,0.08360408134733438,0,1,0.7380952380952381
0,0,1,0,0,5,0,2,11,43,84,0.1,0.1,0.6,0.1,0.1,5,1.6094379124341003,0.5,0.6163716143184943,0,1,0.7441860465116279
1,0,1,0,1,22,1,2,12,44,84,0.1,0.1,0.6,0.1,0.1,5,1.6094379124341003,0.5,0.7951430539055128,1,1,0.75
1,1,0,0,1,20,0,2,13,45,84,0.1,0.1,0.6,0.1,0.1,5,1.6094379124341003,0.5,0.09011812484666418,0,1,0.7555555555555555
1,0,1,1,1,30,1,2,14,46,84,0.1,0.1,0.6,0.1,0.1,5,1.6094379124341003,0.5,0.821151369650064,1,1,0.7608695652173914
1,0,1,1,0,14,1,2,15,47,84,0.1,0.1,0.6,0.1,0.1,5,1.6094379124341003,0.5,0.8120793079309444,1,1,0.7659574468085106
1,0,0,1,1,26,0,2,16,48,84,0.1,0.1,0.6,0.1,0.1,5,1.6094379124341003,0.5,0.09400777322443059,0,1,0.7708333333333334
0,1,0,1,1,27,0,2,17,49,84,0.1,0.1,0.6,0.1,0.1,5,1.6094379124341003,0.5,0.05547528818384394,0,1,0.7755102040816326
1,1,1,0,0,8,1,2,18,50,84,0.1,0.1,0.6,0.1,0.1,5,1.6094379124341003,0.5,0.7921843055738789,1,1,0.78
0,1,0,1,0,11,0,2,19,51,84,0.1,0.1,0.6,0.1,0.1,5,1.6094379124341003,0.5,0.05251935806383061,0,1,0.7843137254901961
0,0,0,1,1,25,0,2,20,52,84,0.1,0.1,0.6,0.1,0.1,5,1.6094379124341003,0.5,0.053164868751098056,0,1,0.7884615384615384
1,1,1,1,0,16,1,2,21,53,84,0.1,0.1,0.6,0.1,0.1,5,1.6094379124341003,0.5,0.8257176346238331,0,0,0.7735849056603774
1,1,1,0,1,24,1,2,22,54,84,0.1,0.1,0.6,0.1,0.1,5,1.6094379124341003,0.5,0.8143819818118413,1,1,0.7777777777777778
0,0,1,1,0,13,0,2,23,55,84,0.1,0.1,0.6,0.1,0.1,5,1.6094379124341003,0.5,0.6533601517706273,0,1,0.7818181818181819
0,0,1,1,1,29,0,2,24,56,84,0.1,0.1,0.6,0.1,0.1,5,1.6094379124341003,0.5,0.6417728586302611,1,0,0.7678571428571429
0,1,1,1,0,15,0,2,25,57,84,0.1,0.1,0.6,0.1,0.1,5,1.6094379124341003,0.5,0.637078850625845,0,1,0.7719298245614035
0,1,0,0,0,3,0,2,26,58,84,0.1,0.1,0.6,0.1,0.1,5,1.6094379124341003,0.5,0.05626248107433077,0,1,0.7758620689655172
1,0,0,0,1,18,0,2,27,59,84,0.1,0.1,0.6,0.1,0.1,5,1.6094379124341003,0.5,0.08642714935983785,0,1,0.7796610169491526
0,0,0,0,0,1,0,2,28,60,84,0.1,0.1,0.6,0.1,0.1,5,1.6094379124341003,0.5,0.050577824698524176,0,1,0.7833333333333333
1,1,0,0,0,4,0,2,29,61,84,0.1,0.1,0.6,0.1,0.1,5,1.6094379124341003,0.5,0.08766110006093139,0,1,0.7868852459016393
1,0,1,0,0,6,1,2,30,62,84,0.1,0.1,0.6,0.1,0.1,5,1.6094379124341003,0.5,0.8040107485876635,1,1,0.7903225806451613
0,1,1,0,1,23,0,2,31,63,84,0.1,0.1,0.6,0.1,0.1,5,1.6094379124341003,0.5,0.6454047200046618,0,1,0.7936507936507936
1,1,0,1,0,12,0,2,32,64,84,0.1,0.1,0.6,0.1,0.1,5,1.6094379124341003,0.5,0.08797545969318772,0,1,0.796875
1,0,0,1,1,26,0,3,1,65,84,0.1,0.1,0.6,0.1,0.1,5,1.6094379124341003,0.5,0.08362471542275568,0,1,0.8
0,1,1,0,0,7,0,3,2,66,84,0.1,0.1,0.6,0.1,0.1,5,1.6094379124341003,0.5,0.6321689316865412,1,0,0.7878787878787878
0,1,1,0,1,23,0,3,3,67,84,0.1,0.1,0.6,0.1,0.1,5,1.6094379124341003,0.5,0.621471327950571,1,0,0.7761194029850746
0,0,0,1,0,9,0,3,4,68,84,0.1,0.1,0.6,0.1,0.1,5,1.6094379124341003,0.5,0.05346022167371067,0,1,0.7794117647058824
1,0,1,1,1,30,1,3,5,69,84,0.1,0.1,0.6,0.1,0.1,5,1.6094379124341003,0.5,0.814954239517253,1,1,0.782608695652174
1,1,0,1,0,12,0,3,6,70,84,0.1,0.1,0.6,0.1,0.1,5,1.6094379124341003,0.5,0.08423827812800168,0,1,0.7857142857142857
0,0,0,0,0,1,0,3,7,71,84,0.1,0.1,0.6,0.1,0.1,5,1.6094379124341003,0.5,0.052092289964589346,0,1,0.7887323943661971
0,1,1,1,0,15,0,3,8,72,84,0.1,0.1,0.6,0.1,0.1,5,1.6094379124341003,0.5,0.6247942339452598,1,0,0.7777777777777778
1,1,1,0,1,24,1,3,9,73,84,0.1,0.1,0.6,0.1,0.1,5,1.6094379124341003,0.5,0.8013682523446332,1,1,0.7808219178082192
1,0,1,1,0,14,1,3,10,74,84,0.1,0.1,0.6,0.1,0.1,5,1.6094379124341003,0.5,0.810235489352384,1,1,0.7837837837837838
1,0,1,0,0,6,1,3,11,75,84,0.1,0.1,0.6,0.1,0.1,5,1.6094379124341003,0.5,0.8088238411524664,0,0,0.7733333333333333
1,1,1,1,0,16,1,3,12,76,84,0.1,0.1,0.6,0.1,0.1,5,1.6094379124341003,0.5,0.7974221075522443,1,1,0.7763157894736842
0,0,1,1,0,13,0,3,13,77,84,0.1,0.1,0.6,0.1,0.1,5,1.6094379124341003,0.5,0.6367999947915295,1,0,0.7662337662337663
0,0,0,0,1,17,0,3,14,78,84,0.1,0.1,0.6,0.1,0.1,5,1.6094379124341003,0.5,0.05335900132875169,0,1,0.7692307692307693
1,0,0,0,0,2,0,3,15,79,84,0.1,0.1,0.6,0.1,0.1,5,1.6094379124341003,0.5,0.086463606251135125,0,1,0.7721518987341772
1,0,1,0,1,22,1,3,16,80,84,0.1,0.1,0.6,0.1,0.1,5,1.6094379124341003,0.5,0.8135782309789255,1,1,0.775
0,1,1,1,1,31,0,3,17,81,84,0.1,0.1,0.6,0.1,0.1,5,1.6094379124341003,0.5,0.616855316359794,1,0,0.7654320987654321
0,0,1,1,1,29,0,3,18,82,84,0.1,0.1,0.6,0.1,0.1,5,1.6094379124341003,0.5,0.6264779284407587,0,1,0.7682926829268293
0,1,0,1,1,27,0,3,19,83,84,0.1,0.1,0.6,0.1,0.1,5,1.6094379124341003,0.5,0.05474821035543575,0,1,0.7710843373493976
1,1,1,0,0,8,1,3,20,84,84,0.1,0.1,0.6,0.1,0.1,5,1.6094379124341003,0.5,0.798631465291192,1,1,0.7738095238095238
1,0,0,0,1,18,0,3,21,85,84,0.1,0.1,0.6,0.1,0.1,5,1.6094379124341003,0.5,0.08806036958572604,0,1,0.7764705882352941
1,1,1,1,1,32,1,3,22,86,84,0.1,0.1,0.6,0.1,0.1,5,1.6094379124341003,0.5,0.7940354919431689,1,1,0.7790697674418605
1,0,0,1,0,10,0,3,23,87,84,0.1,0.1,0.6,0.1,0.1,5,1.6094379124341003,0.5,0.08475368745226254,0,1,0.7816091954022989
0,0,1,0,0,5,0,3,24,88,84,0.1,0.1,0.6,0.1,0.1,5,1.6094379124341003,0.5,0.6285047459276217,1,0,0.7727272727272727
0,1,0,0,1,19,0,3,25,89,84,0.1,0.1,0.6,0.1,0.1,5,1.6094379124341003,0.5,0.055990813867405176,0,1,0.7752808988764045
1,1,0,1,1,28,0,3,26,90,84,0.1,0.1,0.6,0.1,0.1,5,1.6094379124341003,0.5,0.08785154355581867,0,1,0.7777777777777778
0,1,0,1,0,11,0,3,27,91,84,0.1,0.1,0.6,0.1,0.1,5,1.6094379124341003,0.5,0.054197392302374886,0,1,0.7802197802197802
1,1,0,0,0,4,0,3,28,92,84,0.1,0.1,0.6,0.1,0.1,5,1.6094379124341003,0.5,0.08763309523385061,0,1,0.782608695652174
0,0,0,1,1,25,0,3,29,93,84,0.1,0.1,0.6,0.1,0.1,5,1.6094379124341003,0.5,0.0527108223241435,0,1,0.7849462365591398
1,1,0,0,1,20,0,3,30,94,84,0.1,0.1,0.6,0.1,0.1,5,1.6094379124341003,0.5,0.08579207095829348,0,1,0.7872340425531915
0,1,0,0,0,3,0,3,31,95,84,0.1,0.1,0.6,0.1,0.1,5,1.6094379124341003,0.5,0.052976934716357074,0,1,0.7894736842105263
0,0,1,0,1,21,0,3,32,96,84,0.1,0.1,0.6,0.1,0.1,5,1.6094379124341003,0.5,0.6422247826344614,0,1,0.7916666666666666
1,0,0,1,1,26,0,1,1,1,85,0.1,0.1,0.6,0.1,0.1,5,1.6094379124341003,0.5,0.5,0,1,1
1,1,0,0,1,20,0,1,2,2,85,0.1,0.1,0.6,0.1,0.1,5,1.6094379124341003,0.5,0.5,1,0,0.5
0,1,1,1,0,15,0,1,3,3,85,0.1,0.1,0.6,0.1,0.1,5,1.6094379124341003,0.5,0.5,1,0,0.3333333333333333
0,0,0,1,0,9,0,1,4,4,85,0.1,0.1,0.6,0.1,0.1,5,1.6094379124341003,0.5,0.5,0,1,0.5
0,1,0,1,0,11,0,1,5,5,85,0.1,0.1,0.6,0.1,0.1,5,1.6094379124341003,0.5,0.5,0,1,0.6
0,1,1,1,1,31,0,1,6,6,85,0.1,0.1,0.6,0.1,0.1,5,1.6094379124341003,0.5,0.5,1,0,0.5
0,0,0,0,0,1,0,1,7,7,85,0.1,0.1,0.6,0.1,0.1,5,1.6094379124341003,0.5,0.5,1,0,0.42857142857142855
0,0,1,1,1,29,0,1,8,8,85,0.1,0.1,0.6,0.1,0.1,5,1.6094379124341003,0.5,0.5,1,0,0.375
1,0,0,0,0,2,0,1,9,9,85,0.1,0.1,0.6,0.1,0.1,5,1.6094379124341003,0.5,0.5,0,1,0.4444444444444444
1,0,1,0,0,6,1,1,10,10,85,0.1,0.1,0.6,0.1,0.1,5,1.6094379124341003,0.5,0.5,0,0,0.4
0,0,0,0,1,17,0,1,11,11,85,0.1,0.1,0.6,0.1,0.1,5,1.6094379124341003,0.5,0.06526688746881813,0,1,0.45454545454545453
1,1,1,1,1,32,1,1,12,12,85,0.1,0.1,0.6,0.1,0.1,5,1.6094379124341003,0.5,0.6043012279557842,0,0,0.4166666666666667
0,1,1,0,1,23,0,1,13,13,85,0.1,0.1,0.6,0.1,0.1,5,1.6094379124341003,0.5,0.6674016513298063,1,0,0.38461538461538464
1,0,1,1,1,30,1,1,14,14,85,0.1,0.1,0.6,0.1,0.1,5,1.6094379124341003,0.5,0.7738780848302301,1,1,0.42857142857142855
1,0,0,0,1,18,0,1,15,15,85,0.1,0.1,0.6,0.1,0.1,5,1.6094379124341003,0.5,0.08256348051452642,0,1,0.4666666666666667
1,1,1,1,0,16,1,1,16,16,85,0.1,0.1,0.6,0.1,0.1,5,1.6094379124341003,0.5,0.775638334168771,0,0,0.4375
0,0,1,0,1,21,0,1,17,17,85,0.1,0.1,0.6,0.1,0.1,5,1.6094379124341003,0.5,0.621565649478102,1,0,0.4117647058823529
0,1,1,0,0,7,0,1,18,18,85,0.1,0.1,0.6,0.1,0.1,5,1.6094379124341003,0.5,0.6048333972114206,1,0,0.3888888888888889
0,0,0,1,1,25,0,1,19,19,85,0.1,0.1,0.6,0.1,0.1,5,1.6094379124341003,0.5,0.06557892367356623,0,1,0.42105263157894735
0,0,1,1,0,13,0,1,20,20,85,0.1,0.1,0.6,0.1,0.1,5,1.6094379124341003,0.5,0.6437802994626086,0,1,0.45
1,1,0,1,0,12,0,1,21,21,85,0.1,0.1,0.6,0.1,0.1,5,1.6094379124341003,0.5,0.13468596085217743,0,1,0.47619047619047616
1,1,0,0,0,4,0,1,22,22,85,0.1,0.1,0.6,0.1,0.1,5,1.6094379124341003,0.5,0.09053125219583054,0,1,0.5
0,0,1,0,0,5,0,1,23,23,85,0.1,0.1,0.6,0.1,0.1,5,1.6094379124341003,0.5,0.6117426707718834,0,1,0.5217391304347826
1,0,1,0,1,22,1,1,24,24,85,0.1,0.1,0.6,0.1,0.1,5,1.6094379124341003,0.5,0.7557593463355411,0,0,0.5
0,1,0,0,1,19,0,1,25,25,85,0.1,0.1,0.6,0.1,0.1,5,1.6094379124341003,0.5,0.060182482816078436,0,1,0.52
0,1,0,1,1,27,0,1,26,26,85,0.1,0.1,0.6,0.1,0.1,5,1.6094379124341003,0.5,0.06762076123915678,0,1,0.5384615384615384
1,0,1,1,0,14,1,1,27,27,85,0.1,0.1,0.6,0.1,0.1,5,1.6094379124341003,0.5,0.7950097630675034,1,1,0.5555555555555556
1,0,0,1,0,10,0,1,28,28,85,0.1,0.1,0.6,0.1,0.1,5,1.6094379124341003,0.5,0.10654129565789096,0,1,0.5714285714285714
0,1,0,0,0,3,0,1,29,29,85,0.1,0.1,0.6,0.1,0.1,5,1.6094379124341003,0.5,0.0474569542118141,1,0,0.5517241379310345
1,1,1,0,0,8,1,1,30,30,85,0.1,0.1,0.6,0.1,0.1,5,1.6094379124341003,0.5,0.774898920316533,1,1,0.5666666666666667
1,1,1,0,1,24,1,1,31,31,85,0.1,0.1,0.6,0.1,0.1,5,1.6094379124341003,0.5,0.7859008911376458,1,1,0.5806451612903226
1,1,0,1,1,28,0,1,32,32,85,0.1,0.1,0.6,0.1,0.1,5,1.6094379124341003,0.5,0.09302573950397297,0,1,0.59375
0,1,0,0,1,19,0,2,1,33,85,0.1,0.1,0.6,0.1,0.1,5,1.6094379124341003,0.5,0.0518585139335603,0,1,0.6060606060606061
1,0,0,1,1,26,0,2,2,34,85,0.1,0.1,0.6,0.1,0.1,5,1.6094379124341003,0.5,0.08427625076425029,0,1,0.6176470588235294
0,0,1,0,1,21,0,2,3,35,85,0.1,0.1,0.6,0.1,0.1,5,1.6094379124341003,0.5,0.6435791884400517,1,0,0.6
1,0,1,1,0,14,1,2,4,36,85,0.1,0.1,0.6,0.1,0.1,5,1.6094379124341003,0.5,0.8183332839876939,1,1,0.6111111111111112
1,1,1,1,1,32,1,2,5,37,85,0.1,0.1,0.6,0.1,0.1,5,1.6094379124341003,0.5,0.8128443288322021,1,1,0.6216216216216216
0,0,1,0,0,5,0,2,6,38,85,0.1,0.1,0.6,0.1,0.1,5,1.6094379124341003,0.5,0.6144148558554419,1,0,0.6052631578947368
0,0,0,1,1,25,0,2,7,39,85,0.1,0.1,0.6,0.1,0.1,5,1.6094379124341003,0.5,0.05431041467089481,0,1,0.6153846153846154
1,1,0,1,1,28,0,2,8,40,85,0.1,0.1,0.6,0.1,0.1,5,1.6094379124341003,0.5,0.08902840668205785,0,1,0.625
0,0,0,0,1,17,0,2,9,41,85,0.1,0.1,0.6,0.1,0.1,5,1.6094379124341003,0.5,0.04810532641787722,0,1,0.6341463414634146
0,1,1,1,0,15,0,2,10,42,85,0.1,0.1,0.6,0.1,0.1,5,1.6094379124341003,0.5,0.6619516624841262,0,1,0.6428571428571429
1,0,1,0,0,6,1,2,11,43,85,0.1,0.1,0.6,0.1,0.1,5,1.6094379124341003,0.5,0.7946810965738157,1,1,0.6511627906976745
0,0,1,1,0,13,0,2,12,44,85,0.1,0.1,0.6,0.1,0.1,5,1.6094379124341003,0.5,0.6372395772186068,0,1,0.6590909090909091
1,0,0,0,1,18,0,2,13,45,85,0.1,0.1,0.6,0.1,0.1,5,1.6094379124341003,0.5,0.08206682274751961,0,1,0.6666666666666666
0,1,0,1,1,27,0,2,14,46,85,0.1,0.1,0.6,0.1,0.1,5,1.6094379124341003,0.5,0.05219598904081001,0,1,0.6739130434782609
0,1,1,0,1,23,0,2,15,47,85,0.1,0.1,0.6,0.1,0.1,5,1.6094379124341003,0.5,0.6237962805449812,1,0,0.6595744680851063
1,0,1,0,1,22,1,2,16,48,85,0.1,0.1,0.6,0.1,0.1,5,1.6094379124341003,0.5,0.7917900293239564,1,1,0.6666666666666666
1,1,0,0,0,4,0,2,17,49,85,0.1,0.1,0.6,0.1,0.1,5,1.6094379124341003,0.5,0.0906771660535334,0,1,0.673469387755102
0,0,0,1,0,9,0,2,18,50,85,0.1,0.1,0.6,0.1,0.1,5,1.6094379124341003,0.5,0.05914833495727331,1,0,0.66
1,1,0,1,0,12,0,2,19,51,85,0.1,0.1,0.6,0.1,0.1,5,1.6094379124341003,0.5,0.08588268548430915,0,1,0.6666666666666666
0,0,1,1,1,29,0,2,20,52,85,0.1,0.1,0.6,0.1,0.1,5,1.6094379124341003,0.5,0.6395071585903954,1,0,0.6538461538461539
0,0,0,0,0,1,0,2,21,53,85,0.1,0.1,0.6,0.1,0.1,5,1.6094379124341003,0.5,0.05924035082592796,0,1,0.660377358490566
0,1,1,1,1,31,0,2,22,54,85,0.1,0.1,0.6,0.1,0.1,5,1.6094379124341003,0.5,0.6277206811376311,0,1,0.6666666666666666
1,0,0,0,0,2,0,2,23,55,85,0.1,0.1,0.6,0.1,0.1,5,1.6094379124341003,0.5,0.09451373733097278,0,1,0.6727272727272727
1,1,1,0,0,8,1,2,24,56,85,0.1,0.1,0.6,0.1,0.1,5,1.6094379124341003,0.5,0.8079137209442645,1,1,0.6785714285714286
1,0,1,1,1,30,1,2,25,57,85,0.1,0.1,0.6,0.1,0.1,5,1.6094379124341003,0.5,0.7979608455043093,1,1,0.6842105263157895
1,1,0,0,1,20,0,2,26,58,85,0.1,0.1,0.6,0.1,0.1,5,1.6094379124341003,0.5,0.08273268461282592,0,1,0.6896551724137931
0,1,0,1,0,11,0,2,27,59,85,0.1,0.1,0.6,0.1,0.1,5,1.6094379124341003,0.5,0.053052176119806366,0,1,0.6949152542372882
1,1,1,1,0,16,1,2,28,60,85,0.1,0.1,0.6,0.1,0.1,5,1.6094379124341003,0.5,0.8083651469261667,1,1,0.7
0,1,1,0,0,7,0,2,29,61,85,0.1,0.1,0.6,0.1,0.1,5,1.6094379124341003,0.5,0.6391769126491986,0,1,0.7049180327868853
0,1,0,0,0,3,0,2,30,62,85,0.1,0.1,0.6,0.1,0.1,5,1.6094379124341003,0.5,0.05382488459721448,0,1,0.7096774193548387
1,1,1,0,1,24,1,2,31,63,85,0.1,0.1,0.6,0.1,0.1,5,1.6094379124341003,0.5,0.8008597119199549,1,1,0.7142857142857143
1,0,0,1,0,10,0,2,32,64,85,0.1,0.1,0.6,0.1,0.1,5,1.6094379124341003,0.5,0.08797545969318772,0,1,0.71875
0,0,1,0,1,21,0,3,1,65,85,0.1,0.1,0.6,0.1,0.1,5,1.6094379124341003,0.5,0.6275371670597742,0,1,0.7230769230769231
1,0,1,1,1,30,1,3,2,66,85,0.1,0.1,0.6,0.1,0.1,5,1.6094379124341003,0.5,0.8073281744720453,1,1,0.7272727272727273
0,0,0,0,0,1,0,3,3,67,85,0.1,0.1,0.6,0.1,0.1,5,1.6094379124341003,0.5,0.05191776929914514,0,1,0.7313432835820896
0,0,0,1,1,25,0,3,4,68,85,0.1,0.1,0.6,0.1,0.1,5,1.6094379124341003,0.5,0.055174268738643145,0,1,0.7352941176470589
0,1,0,1,1,27,0,3,5,69,85,0.1,0.1,0.6,0.1,0.1,5,1.6094379124341003,0.5,0.052386316710012884,0,1,0.7391304347826086
1,1,0,0,1,20,0,3,6,70,85,0.1,0.1,0.6,0.1,0.1,5,1.6094379124341003,0.5,0.08387788908445859,0,1,0.7428571428571429
1,1,1,1,0,16,1,3,7,71,85,0.1,0.1,0.6,0.1,0.1,5,1.6094379124341003,0.5,0.8209903218455228,1,1,0.7464788732394366
0,0,0,0,1,17,0,3,8,72,85,0.1,0.1,0.6,0.1,0.1,5,1.6094379124341003,0.5,0.04902431344127816,0,1,0.75
1,0,0,1,0,10,0,3,9,73,85,0.1,0.1,0.6,0.1,0.1,5,1.6094379124341003,0.5,0.08652548109498757,1,0,0.7397260273972602
1,1,0,1,1,28,0,3,10,74,85,0.1,0.1,0.6,0.1,0.1,5,1.6094379124341003,0.5,0.08340850791431652,1,0,0.7297297297297297
1,0,0,0,0,2,0,3,11,75,85,0.1,0.1,0.6,0.1,0.1,5,1.6094379124341003,0.5,0.07981966288117531,0,1,0.7333333333333333
0,1,0,1,0,11,0,3,12,76,85,0.1,0.1,0.6,0.1,0.1,5,1.6094379124341003,0.5,0.053037662754201555,0,1,0.7368421052631579
0,0,1,1,1,29,0,3,13,77,85,0.1,0.1,0.6,0.1,0.1,5,1.6094379124341003,0.5,0.6590344941601857,1,0,0.7272727272727273
0,1,0,0,1,19,0,3,14,78,85,0.1,0.1,0.6,0.1,0.1,5,1.6094379124341003,0.5,0.048760645832795844,0,1,0.7307692307692307
1,0,0,0,1,18,0,3,15,79,85,0.1,0.1,0.6,0.1,0.1,5,1.6094379124341003,0.5,0.07904435216811273,0,1,0.7341772151898734
0,1,1,1,0,15,0,3,16,80,85,0.1,0.1,0.6,0.1,0.1,5,1.6094379124341003,0.5,0.670490456976979,1,0,0.725
0,1,1,0,0,7,0,3,17,81,85,0.1,0.1,0.6,0.1,0.1,5,1.6094379124341003,0.5,0.647795632209757,1,0,0.7160493827160493
1,0,1,0,0,6,1,3,18,82,85,0.1,0.1,0.6,0.1,0.1,5,1.6094379124341003,0.5,0.8164667083723459,1,1,0.7195121951219512
1,0,0,1,1,26,0,3,19,83,85,0.1,0.1,0.6,0.1,0.1,5,1.6094379124341003,0.5,0.08335252985275296,0,1,0.7228915662650602
0,0,1,0,0,5,0,3,20,84,85,0.1,0.1,0.6,0.1,0.1,5,1.6094379124341003,0.5,0.6476518861243407,1,0,0.7142857142857143
0,0,1,1,0,13,0,3,21,85,85,0.1,0.1,0.6,0.1,0.1,5,1.6094379124341003,0.5,0.6411212006523613,1,0,0.7058823529411765
1,1,0,0,0,4,0,3,22,86,85,0.1,0.1,0.6,0.1,0.1,5,1.6094379124341003,0.5,0.08594877496238712,0,1,0.7093023255813954
1,1,1,0,1,24,1,3,23,87,85,0.1,0.1,0.6,0.1,0.1,5,1.6094379124341003,0.5,0.8149899169578045,0,0,0.7011494252873564
1,1,0,1,0,12,0,3,24,88,85,0.1,0.1,0.6,0.1,0.1,5,1.6094379124341003,0.5,0.08529902270293084,0,1,0.7045454545454546
1,0,1,1,0,14,1,3,25,89,85,0.1,0.1,0.6,0.1,0.1,5,1.6094379124341003,0.5,0.8119274646008285,1,1,0.7078651685393258
0,0,0,1,0,9,0,3,26,90,85,0.1,0.1,0.6,0.1,0.1,5,1.6094379124341003,0.5,0.05456301548375145,0,1,0.7111111111111111
1,1,1,1,1,32,1,3,27,91,85,0.1,0.1,0.6,0.1,0.1,5,1.6094379124341003,0.5,0.823180789122517,1,1,0.7142857142857143
1,0,1,0,1,22,1,3,28,92,85,0.1,0.1,0.6,0.1,0.1,5,1.6094379124341003,0.5,0.813939350561286,0,0,0.7065217391304348
0,1,1,1,1,31,0,3,29,93,85,0.1,0.1,0.6,0.1,0.1,5,1.6094379124341003,0.5,0.6503456065666663,1,0,0.6989247311827957
1,1,1,0,0,8,1,3,30,94,85,0.1,0.1,0.6,0.1,0.1,5,1.6094379124341003,0.5,0.8104685088071407,1,1,0.7021276595744681
0,1,1,0,1,23,0,3,31,95,85,0.1,0.1,0.6,0.1,0.1,5,1.6094379124341003,0.5,0.6395197643686423,1,0,0.6947368421052632
0,1,0,0,0,3,0,3,32,96,85,0.1,0.1,0.6,0.1,0.1,5,1.6094379124341003,0.5,0.053645636819778464,0,1,0.6979166666666666
1,1,0,1,0,12,0,1,1,1,86,0.1,0.1,0.6,0.1,0.1,15,2.7080502011022096,0.5,0.5,1,0,0
1,0,0,0,0,2,0,1,2,2,86,0.1,0.1,0.6,0.1,0.1,15,2.7080502011022096,0.5,0.5,0,1,0.5
0,0,1,0,0,5,0,1,3,3,86,0.1,0.1,0.6,0.1,0.1,15,2.7080502011022096,0.5,0.5,0,1,0.6666666666666666
0,0,0,1,1,25,0,1,4,4,86,0.1,0.1,0.6,0.1,0.1,15,2.7080502011022096,0.5,0.5,0,1,0.75
1,0,1,0,0,6,1,1,5,5,86,0.1,0.1,0.6,0.1,0.1,15,2.7080502011022096,0.5,0.5,1,1,0.8
0,1,0,0,0,3,0,1,6,6,86,0.1,0.1,0.6,0.1,0.1,15,2.7080502011022096,0.5,2.2194242731170735e-4,0,1,0.8333333333333334
1,0,1,0,1,22,1,1,7,7,86,0.1,0.1,0.6,0.1,0.1,15,2.7080502011022096,0.5,0.9572504590594634,1,1,0.8571428571428571
0,1,1,1,1,31,0,1,8,8,86,0.1,0.1,0.6,0.1,0.1,15,2.7080502011022096,0.5,0.752892327170698,1,0,0.75
1,0,1,1,1,30,1,1,9,9,86,0.1,0.1,0.6,0.1,0.1,15,2.7080502011022096,0.5,0.9307297542883206,0,0,0.6666666666666666
1,0,0,1,1,26,0,1,10,10,86,0.1,0.1,0.6,0.1,0.1,15,2.7080502011022096,0.5,9.652115253231298e-4,0,1,0.7
1,1,0,1,1,28,0,1,11,11,86,0.1,0.1,0.6,0.1,0.1,15,2.7080502011022096,0.5,1.5777596027401777e-4,0,1,0.7272727272727273
1,1,1,0,1,24,1,1,12,12,86,0.1,0.1,0.6,0.1,0.1,15,2.7080502011022096,0.5,0.9338579235251718,1,1,0.75
0,0,0,0,1,17,0,1,13,13,86,0.1,0.1,0.6,0.1,0.1,15,2.7080502011022096,0.5,2.3805553120119033e-4,0,1,0.7692307692307693
1,0,0,1,0,10,0,1,14,14,86,0.1,0.1,0.6,0.1,0.1,15,2.7080502011022096,0.5,1.779573490266143e-4,0,1,0.7857142857142857
0,1,1,0,1,23,0,1,15,15,86,0.1,0.1,0.6,0.1,0.1,15,2.7080502011022096,0.5,0.7299350020202471,1,0,0.7333333333333333
1,1,1,0,0,8,1,1,16,16,86,0.1,0.1,0.6,0.1,0.1,15,2.7080502011022096,0.5,0.9264138568189901,1,1,0.75
0,0,1,0,1,21,0,1,17,17,86,0.1,0.1,0.6,0.1,0.1,15,2.7080502011022096,0.5,0.6297255592537683,0,1,0.7647058823529411
1,0,1,1,0,14,1,1,18,18,86,0.1,0.1,0.6,0.1,0.1,15,2.7080502011022096,0.5,0.9470692249247563,1,1,0.7777777777777778
0,0,1,1,1,29,0,1,19,19,86,0.1,0.1,0.6,0.1,0.1,15,2.7080502011022096,0.5,0.5599488134336519,0,1,0.7894736842105263
0,0,1,1,0,13,0,1,20,20,86,0.1,0.1,0.6,0.1,0.1,15,2.7080502011022096,0.5,0.5746990638287518,1,0,0.75
0,1,1,1,0,15,0,1,21,21,86,0.1,0.1,0.6,0.1,0.1,15,2.7080502011022096,0.5,0.3423520733641726,1,0,0.7142857142857143
1,0,0,0,1,18,0,1,22,22,86,0.1,0.1,0.6,0.1,0.1,15,2.7080502011022096,0.5,6.485170954162379e-4,0,1,0.7272727272727273
1,1,1,1,0,16,1,1,23,23,86,0.1,0.1,0.6,0.1,0.1,15,2.7080502011022096,0.5,0.8185270335657561,1,1,0.7391304347826086
1,1,1,1,1,32,1,1,24,24,86,0.1,0.1,0.6,0.1,0.1,15,2.7080502011022096,0.5,0.8267863347464665,1,1,0.75
0,0,0,0,0,1,0,1,25,25,86,0.1,0.1,0.6,0.1,0.1,15,2.7080502011022096,0.5,1.1943825947311551e-4,0,1,0.76
1,1,0,0,1,20,0,1,26,26,86,0.1,0.1,0.6,0.1,0.1,15,2.7080502011022096,0.5,6.58220241379257e-4,0,1,0.7692307692307693
0,1,0,1,0,11,0,1,27,27,86,0.1,0.1,0.6,0.1,0.1,15,2.7080502011022096,0.5,1.6368318080036114e-4,0,1,0.7777777777777778
0,1,1,0,0,7,0,1,28,28,86,0.1,0.1,0.6,0.1,0.1,15,2.7080502011022096,0.5,0.5387926505783914,1,0,0.75
1,1,0,0,0,4,0,1,29,29,86,0.1,0.1,0.6,0.1,0.1,15,2.7080502011022096,0.5,4.838639979914575e-4,0,1,0.7586206896551724
0,0,0,1,0,9,0,1,30,30,86,0.1,0.1,0.6,0.1,0.1,15,2.7080502011022096,0.5,1.1231820874936159e-4,0,1,0.7666666666666667
0,1,0,1,1,27,0,1,31,31,86,0.1,0.1,0.6,0.1,0.1,15,2.7080502011022096,0.5,1.3646614210574714e-4,0,1,0.7741935483870968
0,1,0,0,1,19,0,1,32,32,86,0.1,0.1,0.6,0.1,0.1,15,2.7080502011022096,0.5,1.1696550980493927e-4,0,1,0.78125
0,1,0,0,1,19,0,2,1,33,86,0.1,0.1,0.6,0.1,0.1,15,2.7080502011022096,0.5,6.752792032724222e-5,0,1,0.7878787878787878
1,0,0,0,1,18,0,2,2,34,86,0.1,0.1,0.6,0.1,0.1,15,2.7080502011022096,0.5,3.08339143660337e-4,0,1,0.7941176470588235
1,1,1,0,0,8,1,2,3,35,86,0.1,0.1,0.6,0.1,0.1,15,2.7080502011022096,0.5,0.9357128365546178,1,1,0.8
1,0,1,0,0,6,1,2,4,36,86,0.1,0.1,0.6,0.1,0.1,15,2.7080502011022096,0.5,0.9355462571215413,1,1,0.8055555555555556
1,1,0,1,1,28,0,2,5,37,86,0.1,0.1,0.6,0.1,0.1,15,2.7080502011022096,0.5,2.5944297260584566e-4,0,1,0.8108108108108109
1,1,1,1,1,32,1,2,6,38,86,0.1,0.1,0.6,0.1,0.1,15,2.7080502011022096,0.5,0.925874613397112,1,1,0.8157894736842105
0,1,0,1,0,11,0,2,7,39,86,0.1,0.1,0.6,0.1,0.1,15,2.7080502011022096,0.5,6.716538855674116e-5,0,1,0.8205128205128205
0,0,1,1,1,29,0,2,8,40,86,0.1,0.1,0.6,0.1,0.1,15,2.7080502011022096,0.5,0.3961419441989898,0,1,0.825
1,1,1,1,0,16,1,2,9,41,86,0.1,0.1,0.6,0.1,0.1,15,2.7080502011022096,0.5,0.9359339657323223,1,1,0.8292682926829268
0,0,1,0,0,5,0,2,10,42,86,0.1,0.1,0.6,0.1,0.1,15,2.7080502011022096,0.5,0.47178491587145827,0,1,0.8333333333333334
1,0,0,1,0,10,0,2,11,43,86,0.1,0.1,0.6,0.1,0.1,15,2.7080502011022096,0.5,3.065761284389801e-4,0,1,0.8372093023255814
0,1,1,1,1,31,0,2,12,44,86,0.1,0.1,0.6,0.1,0.1,15,2.7080502011022096,0.5,0.46507768873850736,0,1,0.8409090909090909
0,0,0,0,0,1,0,2,13,45,86,0.1,0.1,0.6,0.1,0.1,15,2.7080502011022096,0.5,9.369659134118762e-5,0,1,0.8444444444444444
1,0,0,0,0,2,0,2,14,46,86,0.1,0.1,0.6,0.1,0.1,15,2.7080502011022096,0.5,3.5920370305655617e-4,0,1,0.8478260869565217
1,0,0,1,1,26,0,2,15,47,86,0.1,0.1,0.6,0.1,0.1,15,2.7080502011022096,0.5,2.529004027809e-4,0,1,0.851063829787234
0,1,1,0,1,23,0,2,16,48,86,0.1,0.1,0.6,0.1,0.1,15,2.7080502011022096,0.5,0.41796640518762695,0,1,0.8541666666666666
1,1,0,1,0,12,0,2,17,49,86,0.1,0.1,0.6,0.1,0.1,15,2.7080502011022096,0.5,4.048171203394551e-4,0,1,0.8571428571428571
0,1,1,1,0,15,0,2,18,50,86,0.1,0.1,0.6,0.1,0.1,15,2.7080502011022096,0.5,0.5095042613392569,0,1,0.86
1,1,0,0,1,20,0,2,19,51,86,0.1,0.1,0.6,0.1,0.1,15,2.7080502011022096,0.5,3.0033653292523173e-4,0,1,0.8627450980392157
0,1,0,0,0,3,0,2,20,52,86,0.1,0.1,0.6,0.1,0.1,15,2.7080502011022096,0.5,9.622223836798059e-5,0,1,0.8653846153846154
0,0,0,1,1,25,0,2,21,53,86,0.1,0.1,0.6,0.1,0.1,15,2.7080502011022096,0.5,7.080100546982051e-5,0,1,0.8679245283018868
0,0,1,1,0,13,0,2,22,54,86,0.1,0.1,0.6,0.1,0.1,15,2.7080502011022096,0.5,0.41428686603739606,1,0,0.8518518518518519
0,1,1,0,0,7,0,2,23,55,86,0.1,0.1,0.6,0.1,0.1,15,2.7080502011022096,0.5,0.4987466609448414,0,1,0.8545454545454545
1,1,1,0,1,24,1,2,24,56,86,0.1,0.1,0.6,0.1,0.1,15,2.7080502011022096,0.5,0.9173167386227248,1,1,0.8571428571428571
1,1,0,0,0,4,0,2,25,57,86,0.1,0.1,0.6,0.1,0.1,15,2.7080502011022096,0.5,4.2058581900440863e-4,0,1,0.8596491228070176
1,0,1,1,0,14,1,2,26,58,86,0.1,0.1,0.6,0.1,0.1,15,2.7080502011022096,0.5,0.9092785756179924,1,1,0.8620689655172413
0,0,0,1,0,9,0,2,27,59,86,0.1,0.1,0.6,0.1,0.1,15,2.7080502011022096,0.5,8.678204303833355e-5,0,1,0.864406779661017
0,0,0,0,1,17,0,2,28,60,86,0.1,0.1,0.6,0.1,0.1,15,2.7080502011022096,0.5,6.292914190056989e-5,0,1,0.8666666666666667
1,0,1,1,1,30,1,2,29,61,86,0.1,0.1,0.6,0.1,0.1,15,2.7080502011022096,0.5,0.912535331409467,1,1,0.8688524590163934
1,0,1,0,1,22,1,2,30,62,86,0.1,0.1,0.6,0.1,0.1,15,2.7080502011022096,0.5,0.9321163916794558,1,1,0.8709677419354839
0,0,1,0,1,21,0,2,31,63,86,0.1,0.1,0.6,0.1,0.1,15,2.7080502011022096,0.5,0.4687938525191356,1,0,0.8571428571428571
0,1,0,1,1,27,0,2,32,64,86,0.1,0.1,0.6,0.1,0.1,15,2.7080502011022096,0.5,8.513756903252312e-5,0,1,0.859375
1,0,1,1,1,30,1,3,1,65,86,0.1,0.1,0.6,0.1,0.1,15,2.7080502011022096,0.5,0.9307286274354414,1,1,0.8615384615384616
0,1,0,1,0,11,0,3,2,66,86,0.1,0.1,0.6,0.1,0.1,15,2.7080502011022096,0.5,6.442050531883668e-5,0,1,0.8636363636363636
0,0,0,0,0,1,0,3,3,67,86,0.1,0.1,0.6,0.1,0.1,15,2.7080502011022096,0.5,6.503924340377218e-5,0,1,0.8656716417910447
0,1,1,1,1,31,0,3,4,68,86,0.1,0.1,0.6,0.1,0.1,15,2.7080502011022096,0.5,0.4104352494898821,0,1,0.8676470588235294
0,0,1,0,1,21,0,3,5,69,86,0.1,0.1,0.6,0.1,0.1,15,2.7080502011022096,0.5,0.41195872726041505,1,0,0.855072463768116
0,1,0,0,0,3,0,3,6,70,86,0.1,0.1,0.6,0.1,0.1,15,2.7080502011022096,0.5,6.280092675106851e-5,0,1,0.8571428571428571
0,1,1,0,0,7,0,3,7,71,86,0.1,0.1,0.6,0.1,0.1,15,2.7080502011022096,0.5,0.4044566748239459,1,0,0.8450704225352113
1,0,0,1,0,10,0,3,8,72,86,0.1,0.1,0.6,0.1,0.1,15,2.7080502011022096,0.5,3.3171312166990156e-4,0,1,0.8472222222222222
1,1,0,0,0,4,0,3,9,73,86,0.1,0.1,0.6,0.1,0.1,15,2.7080502011022096,0.5,3.0216897050671716e-4,0,1,0.8493150684931506
1,1,1,0,1,24,1,3,10,74,86,0.1,0.1,0.6,0.1,0.1,15,2.7080502011022096,0.5,0.9266996741270095,1,1,0.8513513513513513
0,0,1,1,0,13,0,3,11,75,86,0.1,0.1,0.6,0.1,0.1,15,2.7080502011022096,0.5,0.41504442609695796,0,1,0.8533333333333334
1,0,0,0,0,2,0,3,12,76,86,0.1,0.1,0.6,0.1,0.1,15,2.7080502011022096,0.5,2.8207954569438396e-4,0,1,0.8552631578947368
1,0,0,0,1,18,0,3,13,77,86,0.1,0.1,0.6,0.1,0.1,15,2.7080502011022096,0.5,3.3567138315020124e-4,0,1,0.8571428571428571
0,1,0,0,1,19,0,3,14,78,86,0.1,0.1,0.6,0.1,0.1,15,2.7080502011022096,0.5,8.651744160869361e-5,0,1,0.8589743589743589
0,1,1,0,1,23,0,3,15,79,86,0.1,0.1,0.6,0.1,0.1,15,2.7080502011022096,0.5,0.44657052610848313,0,1,0.8607594936708861
1,0,1,1,0,14,1,3,16,80,86,0.1,0.1,0.6,0.1,0.1,15,2.7080502011022096,0.5,0.9245918509140688,0,0,0.85
0,0,0,1,0,9,0,3,17,81,86,0.1,0.1,0.6,0.1,0.1,15,2.7080502011022096,0.5,8.194845327841337e-5,0,1,0.8518518518518519
1,0,1,0,0,6,1,3,18,82,86,0.1,0.1,0.6,0.1,0.1,15,2.7080502011022096,0.5,0.9298533002373974,1,1,0.8536585365853658
1,1,0,1,1,28,0,3,19,83,86,0.1,0.1,0.6,0.1,0.1,15,2.7080502011022096,0.5,3.347038757938656e-4,0,1,0.8554216867469879
1,1,1,1,1,32,1,3,20,84,86,0.1,0.1,0.6,0.1,0.1,15,2.7080502011022096,0.5,0.9211500803930573,1,1,0.8571428571428571
1,0,0,1,1,26,0,3,21,85,86,0.1,0.1,0.6,0.1,0.1,15,2.7080502011022096,0.5,3.640274628686435e-4,0,1,0.8588235294117647
0,1,0,1,1,27,0,3,22,86,86,0.1,0.1,0.6,0.1,0.1,15,2.7080502011022096,0.5,8.115376133871611e-5,0,1,0.8604651162790697
1,1,1,1,0,16,1,3,23,87,86,0.1,0.1,0.6,0.1,0.1,15,2.7080502011022096,0.5,0.9307325867267128,1,1,0.8620689655172413
0,0,1,0,0,5,0,3,24,88,86,0.1,0.1,0.6,0.1,0.1,15,2.7080502011022096,0.5,0.4309192270445057,1,0,0.8522727272727273
1,1,1,0,0,8,1,3,25,89,86,0.1,0.1,0.6,0.1,0.1,15,2.7080502011022096,0.5,0.9190357408911922,1,1,0.8539325842696629
0,0,0,0,1,17,0,3,26,90,86,0.1,0.1,0.6,0.1,0.1,15,2.7080502011022096,0.5,6.521156301216819e-5,0,1,0.8555555555555555
0,0,1,1,1,29,0,3,27,91,86,0.1,0.1,0.6,0.1,0.1,15,2.7080502011022096,0.5,0.43531180665981006,0,1,0.8571428571428571
1,1,0,1,0,12,0,3,28,92,86,0.1,0.1,0.6,0.1,0.1,15,2.7080502011022096,0.5,3.5343041261558407e-4,0,1,0.8586956521739131
1,0,1,0,1,22,1,3,29,93,86,0.1,0.1,0.6,0.1,0.1,15,2.7080502011022096,0.5,0.916743031693941,1,1,0.8602150537634409
0,1,1,1,0,15,0,3,30,94,86,0.1,0.1,0.6,0.1,0.1,15,2.7080502011022096,0.5,0.43953789559214573,0,1,0.8617021276595744
1,1,0,0,1,20,0,3,31,95,86,0.1,0.1,0.6,0.1,0.1,15,2.7080502011022096,0.5,3.4632407272621374e-4,0,1,0.8631578947368421
0,0,0,1,1,25,0,3,32,96,86,0.1,0.1,0.6,0.1,0.1,15,2.7080502011022096,0.5,7.824068600856778e-5,0,1,0.8645833333333334
1,1,1,1,1,32,1,1,1,1,87,0.1,0.1,0.6,0.1,0.1,15,2.7080502011022096,0.5,0.5,0,0,0
0,0,0,1,1,25,0,1,2,2,87,0.1,0.1,0.6,0.1,0.1,15,2.7080502011022096,0.5,0.5,0,1,0.5
0,1,1,1,0,15,0,1,3,3,87,0.1,0.1,0.6,0.1,0.1,15,2.7080502011022096,0.5,0.9998766054240138,1,0,0.3333333333333333
0,0,1,0,0,5,0,1,4,4,87,0.1,0.1,0.6,0.1,0.1,15,2.7080502011022096,0.5,0.09054683903682129,0,1,0.5
0,1,0,0,1,19,0,1,5,5,87,0.1,0.1,0.6,0.1,0.1,15,2.7080502011022096,0.5,3.700011034416013e-4,0,1,0.6
0,1,0,1,0,11,0,1,6,6,87,0.1,0.1,0.6,0.1,0.1,15,2.7080502011022096,0.5,2.4643814641901203e-4,0,1,0.6666666666666666
1,0,1,0,0,6,1,1,7,7,87,0.1,0.1,0.6,0.1,0.1,15,2.7080502011022096,0.5,0.19167437692507686,0,0,0.5714285714285714
0,0,0,0,1,17,0,1,8,8,87,0.1,0.1,0.6,0.1,0.1,15,2.7080502011022096,0.5,4.1073961176175935e-5,0,1,0.625
0,1,0,1,1,27,0,1,9,9,87,0.1,0.1,0.6,0.1,0.1,15,2.7080502011022096,0.5,1.1612431279837097e-4,0,1,0.6666666666666666
1,1,0,0,1,20,0,1,10,10,87,0.1,0.1,0.6,0.1,0.1,15,2.7080502011022096,0.5,3.4164537543356e-4,0,1,0.7
1,1,1,0,1,24,1,1,11,11,87,0.1,0.1,0.6,0.1,0.1,15,2.7080502011022096,0.5,0.9799076237766239,1,1,0.7272727272727273
0,1,0,0,0,3,0,1,12,12,87,0.1,0.1,0.6,0.1,0.1,15,2.7080502011022096,0.5,6.0025876214019325e-5,0,1,0.75
1,0,1,1,0,14,1,1,13,13,87,0.1,0.1,0.6,0.1,0.1,15,2.7080502011022096,0.5,0.8953501510458746,1,1,0.7692307692307693
0,1,1,0,1,23,0,1,14,14,87,0.1,0.1,0.6,0.1,0.1,15,2.7080502011022096,0.5,0.8659155723246802,1,0,0.7142857142857143
1,0,0,0,0,2,0,1,15,15,87,0.1,0.1,0.6,0.1,0.1,15,2.7080502011022096,0.5,0.0021345242200937246,0,1,0.7333333333333333
1,1,0,1,1,28,0,1,16,16,87,0.1,0.1,0.6,0.1,0.1,15,2.7080502011022096,0.5,6.923595166433969e-4,0,1,0.75
1,1,0,1,0,12,0,1,17,17,87,0.1,0.1,0.6,0.1,0.1,15,2.7080502011022096,0.5,3.014659175646806e-4,0,1,0.7647058823529411
1,1,0,0,0,4,0,1,18,18,87,0.1,0.1,0.6,0.1,0.1,15,2.7080502011022096,0.5,2.0521281248492577e-4,0,1,0.7777777777777778
1,1,1,1,0,16,1,1,19,19,87,0.1,0.1,0.6,0.1,0.1,15,2.7080502011022096,0.5,0.8860939127770507,1,1,0.7894736842105263
0,0,1,1,0,13,0,1,20,20,87,0.1,0.1,0.6,0.1,0.1,15,2.7080502011022096,0.5,0.6730276850661605,1,0,0.75
1,0,0,1,0,10,0,1,21,21,87,0.1,0.1,0.6,0.1,0.1,15,2.7080502011022096,0.5,8.052768714921008e-4,0,1,0.7619047619047619
0,0,1,1,1,29,0,1,22,22,87,0.1,0.1,0.6,0.1,0.1,15,2.7080502011022096,0.5,0.5329476541600823,1,0,0.7272727272727273
0,0,1,0,1,21,0,1,23,23,87,0.1,0.1,0.6,0.1,0.1,15,2.7080502011022096,0.5,0.366448388053385,0,1,0.7391304347826086
1,0,0,0,1,18,0,1,24,24,87,0.1,0.1,0.6,0.1,0.1,15,2.7080502011022096,0.5,2.592511618862533e-4,0,1,0.75
0,1,1,0,0,7,0,1,25,25,87,0.1,0.1,0.6,0.1,0.1,15,2.7080502011022096,0.5,0.4552072259766189,1,0,0.72
0,0,0,1,0,9,0,1,26,26,87,0.1,0.1,0.6,0.1,0.1,15,2.7080502011022096,0.5,1.7191635223773435e-4,0,1,0.7307692307692307
1,1,1,0,0,8,1,1,27,27,87,0.1,0.1,0.6,0.1,0.1,15,2.7080502011022096,0.5,0.8904204715604298,0,0,0.7037037037037037
0,1,1,1,1,31,0,1,28,28,87,0.1,0.1,0.6,0.1,0.1,15,2.7080502011022096,0.5,0.5942737153396237,1,0,0.6785714285714286
1,0,1,0,1,22,1,1,29,29,87,0.1,0.1,0.6,0.1,0.1,15,2.7080502011022096,0.5,0.8448515834006741,1,1,0.6896551724137931
1,0,1,1,1,30,1,1,30,30,87,0.1,0.1,0.6,0.1,0.1,15,2.7080502011022096,0.5,0.8645988996443653,1,1,0.7
1,0,0,1,1,26,0,1,31,31,87,0.1,0.1,0.6,0.1,0.1,15,2.7080502011022096,0.5,5.058258073044273e-4,0,1,0.7096774193548387
0,0,0,0,0,1,0,1,32,32,87,0.1,0.1,0.6,0.1,0.1,15,2.7080502011022096,0.5,1.1696550980493927e-4,0,1,0.71875
0,1,0,1,0,11,0,2,1,33,87,0.1,0.1,0.6,0.1,0.1,15,2.7080502011022096,0.5,6.752792032724224e-5,0,1,0.7272727272727273
1,0,1,1,1,30,1,2,2,34,87,0.1,0.1,0.6,0.1,0.1,15,2.7080502011022096,0.5,0.9333144982277073,1,1,0.7352941176470589
0,1,1,1,1,31,0,2,3,35,87,0.1,0.1,0.6,0.1,0.1,15,2.7080502011022096,0.5,0.4101230086982979,0,1,0.7428571428571429
0,0,0,0,1,17,0,2,4,36,87,0.1,0.1,0.6,0.1,0.1,15,2.7080502011022096,0.5,7.25953001331994e-5,0,1,0.75
0,0,1,0,1,21,0,2,5,37,87,0.1,0.1,0.6,0.1,0.1,15,2.7080502011022096,0.5,0.4222880468133266,1,0,0.7297297297297297
1,1,0,1,1,28,0,2,6,38,87,0.1,0.1,0.6,0.1,0.1,15,2.7080502011022096,0.5,3.4271980878148635e-4,0,1,0.7368421052631579
0,0,1,1,0,13,0,2,7,39,87,0.1,0.1,0.6,0.1,0.1,15,2.7080502011022096,0.5,0.43339336934332373,1,0,0.717948717948718
1,0,0,0,1,18,0,2,8,40,87,0.1,0.1,0.6,0.1,0.1,15,2.7080502011022096,0.5,3.358670603144938e-4,0,1,0.725
1,0,0,1,1,26,0,2,9,41,87,0.1,0.1,0.6,0.1,0.1,15,2.7080502011022096,0.5,4.3796632094324797e-4,0,1,0.7317073170731707
0,1,1,1,0,15,0,2,10,42,87,0.1,0.1,0.6,0.1,0.1,15,2.7080502011022096,0.5,0.3946220551128382,1,0,0.7142857142857143
1,1,1,1,0,16,1,2,11,43,87,0.1,0.1,0.6,0.1,0.1,15,2.7080502011022096,0.5,0.9037722744354156,1,1,0.7209302325581395
1,0,0,0,0,2,0,2,12,44,87,0.1,0.1,0.6,0.1,0.1,15,2.7080502011022096,0.5,3.040975608137202e-4,0,1,0.7272727272727273
1,0,1,0,0,6,1,2,13,45,87,0.1,0.1,0.6,0.1,0.1,15,2.7080502011022096,0.5,0.9263057489773667,1,1,0.7333333333333333
1,0,1,1,0,14,1,2,14,46,87,0.1,0.1,0.6,0.1,0.1,15,2.7080502011022096,0.5,0.9165019580685703,1,1,0.7391304347826086
0,1,1,0,0,7,0,2,15,47,87,0.1,0.1,0.6,0.1,0.1,15,2.7080502011022096,0.5,0.40147055207569887,0,1,0.7446808510638298
0,0,0,1,1,25,0,2,16,48,87,0.1,0.1,0.6,0.1,0.1,15,2.7080502011022096,0.5,8.898292725719027e-5,0,1,0.75
1,1,0,0,0,4,0,2,17,49,87,0.1,0.1,0.6,0.1,0.1,15,2.7080502011022096,0.5,3.2819962848494886e-4,0,1,0.7551020408163265
0,0,0,0,0,1,0,2,18,50,87,0.1,0.1,0.6,0.1,0.1,15,2.7080502011022096,0.5,9.237051970384333e-5,0,1,0.76
1,1,1,0,1,24,1,2,19,51,87,0.1,0.1,0.6,0.1,0.1,15,2.7080502011022096,0.5,0.9168462326485384,1,1,0.7647058823529411
0,1,0,0,0,3,0,2,20,52,87,0.1,0.1,0.6,0.1,0.1,15,2.7080502011022096,0.5,6.770731963227768e-5,0,1,0.7692307692307693
1,1,0,1,0,12,0,2,21,53,87,0.1,0.1,0.6,0.1,0.1,15,2.7080502011022096,0.5,3.831951778805714e-4,0,1,0.7735849056603774
0,0,1,0,0,5,0,2,22,54,87,0.1,0.1,0.6,0.1,0.1,15,2.7080502011022096,0.5,0.4619615789802561,0,1,0.7777777777777778
1,1,1,0,0,8,1,2,23,55,87,0.1,0.1,0.6,0.1,0.1,15,2.7080502011022096,0.5,0.9134715037668684,1,1,0.7818181818181819
1,1,1,1,1,32,1,2,24,56,87,0.1,0.1,0.6,0.1,0.1,15,2.7080502011022096,0.5,0.9141832524665418,1,1,0.7857142857142857
0,1,0,0,1,19,0,2,25,57,87,0.1,0.1,0.6,0.1,0.1,15,2.7080502011022096,0.5,8.573263158795447e-5,0,1,0.7894736842105263
1,0,1,0,1,22,1,2,26,58,87,0.1,0.1,0.6,0.1,0.1,15,2.7080502011022096,0.5,0.9121178777213969,1,1,0.7931034482758621
0,1,1,0,1,23,0,2,27,59,87,0.1,0.1,0.6,0.1,0.1,15,2.7080502011022096,0.5,0.4508970173501008,0,1,0.7966101694915254
1,1,0,0,1,20,0,2,28,60,87,0.1,0.1,0.6,0.1,0.1,15,2.7080502011022096,0.5,3.5550878320469943e-4,0,1,0.8
0,1,0,1,1,27,0,2,29,61,87,0.1,0.1,0.6,0.1,0.1,15,2.7080502011022096,0.5,8.11251365988858e-5,0,1,0.8032786885245902
0,0,1,1,1,29,0,2,30,62,87,0.1,0.1,0.6,0.1,0.1,15,2.7080502011022096,0.5,0.4633270747365342,0,1,0.8064516129032258
0,0,0,1,0,9,0,2,31,63,87,0.1,0.1,0.6,0.1,0.1,15,2.7080502011022096,0.5,8.904018061733182e-5,0,1,0.8095238095238095
1,0,0,1,0,10,0,2,32,64,87,0.1,0.1,0.6,0.1,0.1,15,2.7080502011022096,0.5,3.814855273269183e-4,0,1,0.8125
1,0,1,1,1,30,1,3,1,65,87,0.1,0.1,0.6,0.1,0.1,15,2.7080502011022096,0.5,0.9307286274354414,1,1,0.8153846153846154
1,1,1,1,1,32,1,3,2,66,87,0.1,0.1,0.6,0.1,0.1,15,2.7080502011022096,0.5,0.9306356112048598,0,0,0.803030303030303
1,0,0,1,1,26,0,3,3,67,87,0.1,0.1,0.6,0.1,0.1,15,2.7080502011022096,0.5,3.58843900115131e-4,0,1,0.8059701492537313
1,1,0,0,0,4,0,3,4,68,87,0.1,0.1,0.6,0.1,0.1,15,2.7080502011022096,0.5,2.784584421901341e-4,0,1,0.8088235294117647
0,1,1,1,1,31,0,3,5,69,87,0.1,0.1,0.6,0.1,0.1,15,2.7080502011022096,0.5,0.4526028953364012,0,1,0.8115942028985508
1,0,1,0,1,22,1,3,6,70,87,0.1,0.1,0.6,0.1,0.1,15,2.7080502011022096,0.5,0.9308073218363143,1,1,0.8142857142857143
0,0,1,0,1,21,0,3,7,71,87,0.1,0.1,0.6,0.1,0.1,15,2.7080502011022096,0.5,0.44329757130015107,1,0,0.8028169014084507
0,0,0,0,0,1,0,3,8,72,87,0.1,0.1,0.6,0.1,0.1,15,2.7080502011022096,0.5,6.54942715147211e-5,0,1,0.8055555555555556
0,1,0,0,0,3,0,3,9,73,87,0.1,0.1,0.6,0.1,0.1,15,2.7080502011022096,0.5,5.879503541284254e-5,0,1,0.8082191780821918
0,1,0,0,1,19,0,3,10,74,87,0.1,0.1,0.6,0.1,0.1,15,2.7080502011022096,0.5,6.760326191361826e-5,0,1,0.8108108108108109
0,1,1,0,0,7,0,3,11,75,87,0.1,0.1,0.6,0.1,0.1,15,2.7080502011022096,0.5,0.39308642798426163,0,1,0.8133333333333334
0,0,1,1,1,29,0,3,12,76,87,0.1,0.1,0.6,0.1,0.1,15,2.7080502011022096,0.5,0.4491846529353036,1,0,0.8026315789473685
0,0,0,1,1,25,0,3,13,77,87,0.1,0.1,0.6,0.1,0.1,15,2.7080502011022096,0.5,8.762599291719673e-5,0,1,0.8051948051948052
1,0,1,1,0,14,1,3,14,78,87,0.1,0.1,0.6,0.1,0.1,15,2.7080502011022096,0.5,0.9310488268420598,1,1,0.8076923076923077
1,1,1,1,0,16,1,3,15,79,87,0.1,0.1,0.6,0.1,0.1,15,2.7080502011022096,0.5,0.9285130505387935,1,1,0.810126582278481
1,0,0,1,0,10,0,3,16,80,87,0.1,0.1,0.6,0.1,0.1,15,2.7080502011022096,0.5,3.6475974375091836e-4,0,1,0.8125
0,1,0,1,1,27,0,3,17,81,87,0.1,0.1,0.6,0.1,0.1,15,2.7080502011022096,0.5,7.964494461132175e-5,0,1,0.8148148148148148
1,1,1,0,0,8,1,3,18,82,87,0.1,0.1,0.6,0.1,0.1,15,2.7080502011022096,0.5,0.9155818114092549,1,1,0.8170731707317073
0,1,0,1,0,11,0,3,19,83,87,0.1,0.1,0.6,0.1,0.1,15,2.7080502011022096,0.5,7.80907367303174e-5,0,1,0.8192771084337349
1,1,0,1,1,28,0,3,20,84,87,0.1,0.1,0.6,0.1,0.1,15,2.7080502011022096,0.5,3.4668794464901806e-4,0,1,0.8214285714285714
1,1,0,0,1,20,0,3,21,85,87,0.1,0.1,0.6,0.1,0.1,15,2.7080502011022096,0.5,2.8909817675182054e-4,0,1,0.8235294117647058
0,1,1,1,0,15,0,3,22,86,87,0.1,0.1,0.6,0.1,0.1,15,2.7080502011022096,0.5,0.45246579016529137,0,1,0.8255813953488372
0,0,0,1,0,9,0,3,23,87,87,0.1,0.1,0.6,0.1,0.1,15,2.7080502011022096,0.5,7.578551231128279e-5,0,1,0.8275862068965517
0,0,0,0,1,17,0,3,24,88,87,0.1,0.1,0.6,0.1,0.1,15,2.7080502011022096,0.5,7.542374476967417e-5,0,1,0.8295454545454546
1,1,0,1,0,12,0,3,25,89,87,0.1,0.1,0.6,0.1,0.1,15,2.7080502011022096,0.5,3.5283592229935757e-4,0,1,0.8314606741573034
1,0,1,0,0,6,1,3,26,90,87,0.1,0.1,0.6,0.1,0.1,15,2.7080502011022096,0.5,0.934898711831701,1,1,0.8333333333333334
0,0,1,1,0,13,0,3,27,91,87,0.1,0.1,0.6,0.1,0.1,15,2.7080502011022096,0.5,0.455531936224508,1,0,0.8241758241758241
0,1,1,0,1,23,0,3,28,92,87,0.1,0.1,0.6,0.1,0.1,15,2.7080502011022096,0.5,0.40010682454234653,0,1,0.8260869565217391
0,0,1,0,0,5,0,3,29,93,87,0.1,0.1,0.6,0.1,0.1,15,2.7080502011022096,0.5,0.44779520144365814,1,0,0.8172043010752689
1,0,0,0,1,18,0,3,30,94,87,0.1,0.1,0.6,0.1,0.1,15,2.7080502011022096,0.5,3.600733994684668e-4,0,1,0.8191489361702128
1,0,0,0,0,2,0,3,31,95,87,0.1,0.1,0.6,0.1,0.1,15,2.7080502011022096,0.5,3.625079559292762e-4,0,1,0.8210526315789474
1,1,1,0,1,24,1,3,32,96,87,0.1,0.1,0.6,0.1,0.1,15,2.7080502011022096,0.5,0.9197830602653178,1,1,0.8229166666666666
0,0,1,1,0,13,0,1,1,1,88,0.1,0.1,0.6,0.1,0.1,15,2.7080502011022096,0.5,0.5,0,1,1
0,0,1,0,1,21,0,1,2,2,88,0.1,0.1,0.6,0.1,0.1,15,2.7080502011022096,0.5,0.5,1,0,0.5
0,0,1,0,0,5,0,1,3,3,88,0.1,0.1,0.6,0.1,0.1,15,2.7080502011022096,0.5,0.5,1,0,0.3333333333333333
1,0,0,0,0,2,0,1,4,4,88,0.1,0.1,0.6,0.1,0.1,15,2.7080502011022096,0.5,0.5,0,1,0.5
0,0,0,0,1,17,0,1,5,5,88,0.1,0.1,0.6,0.1,0.1,15,2.7080502011022096,0.5,0.5,0,1,0.6
0,0,0,0,0,1,0,1,6,6,88,0.1,0.1,0.6,0.1,0.1,15,2.7080502011022096,0.5,0.5,1,0,0.5
1,0,0,1,1,26,0,1,7,7,88,0.1,0.1,0.6,0.1,0.1,15,2.7080502011022096,0.5,0.5,1,0,0.42857142857142855
0,1,1,1,1,31,0,1,8,8,88,0.1,0.1,0.6,0.1,0.1,15,2.7080502011022096,0.5,0.5,1,0,0.375
1,1,1,0,0,8,1,1,9,9,88,0.1,0.1,0.6,0.1,0.1,15,2.7080502011022096,0.5,0.5,1,1,0.4444444444444444
1,0,1,0,1,22,1,1,10,10,88,0.1,0.1,0.6,0.1,0.1,15,2.7080502011022096,0.5,0.5743111187814635,0,0,0.4
0,1,0,0,1,19,0,1,11,11,88,0.1,0.1,0.6,0.1,0.1,15,2.7080502011022096,0.5,1.6648333404330852e-4,0,1,0.45454545454545453
0,0,0,1,0,9,0,1,12,12,88,0.1,0.1,0.6,0.1,0.1,15,2.7080502011022096,0.5,3.215061354546834e-5,0,1,0.5
0,1,1,0,1,23,0,1,13,13,88,0.1,0.1,0.6,0.1,0.1,15,2.7080502011022096,0.5,0.49530092763295597,1,0,0.46153846153846156
1,0,0,1,0,10,0,1,14,14,88,0.1,0.1,0.6,0.1,0.1,15,2.7080502011022096,0.5,9.222150127120896e-5,0,1,0.5
1,1,1,1,1,32,1,1,15,15,88,0.1,0.1,0.6,0.1,0.1,15,2.7080502011022096,0.5,0.6674592702285791,0,0,0.4666666666666667
0,0,0,1,1,25,0,1,16,16,88,0.1,0.1,0.6,0.1,0.1,15,2.7080502011022096,0.5,6.0695116310396516e-5,0,1,0.5
1,1,0,1,0,12,0,1,17,17,88,0.1,0.1,0.6,0.1,0.1,15,2.7080502011022096,0.5,5.986680694406561e-4,0,1,0.5294117647058824
1,0,1,1,1,30,1,1,18,18,88,0.1,0.1,0.6,0.1,0.1,15,2.7080502011022096,0.5,0.9255108615528339,1,1,0.5555555555555556
0,0,1,1,1,29,0,1,19,19,88,0.1,0.1,0.6,0.1,0.1,15,2.7080502011022096,0.5,0.5967185491229395,0,1,0.5789473684210527
0,1,1,1,0,15,0,1,20,20,88,0.1,0.1,0.6,0.1,0.1,15,2.7080502011022096,0.5,0.41152914923462,0,1,0.6
0,1,0,0,0,3,0,1,21,21,88,0.1,0.1,0.6,0.1,0.1,15,2.7080502011022096,0.5,1.825027421137436e-4,0,1,0.6190476190476191
0,1,1,0,0,7,0,1,22,22,88,0.1,0.1,0.6,0.1,0.1,15,2.7080502011022096,0.5,0.559256058072473,0,1,0.6363636363636364
1,0,0,0,1,18,0,1,23,23,88,0.1,0.1,0.6,0.1,0.1,15,2.7080502011022096,0.5,8.137766489933472e-4,0,1,0.6521739130434783
1,0,1,1,0,14,1,1,24,24,88,0.1,0.1,0.6,0.1,0.1,15,2.7080502011022096,0.5,0.8124088592876342,1,1,0.6666666666666666
1,1,0,1,1,28,0,1,25,25,88,0.1,0.1,0.6,0.1,0.1,15,2.7080502011022096,0.5,9.28749871605769e-4,0,1,0.68
1,1,1,1,0,16,1,1,26,26,88,0.1,0.1,0.6,0.1,0.1,15,2.7080502011022096,0.5,0.8773127223399468,1,1,0.6923076923076923
0,1,0,1,1,27,0,1,27,27,88,0.1,0.1,0.6,0.1,0.1,15,2.7080502011022096,0.5,1.534401057327624e-4,0,1,0.7037037037037037
1,1,0,0,1,20,0,1,28,28,88,0.1,0.1,0.6,0.1,0.1,15,2.7080502011022096,0.5,3.354959291047801e-4,0,1,0.7142857142857143
0,1,0,1,0,11,0,1,29,29,88,0.1,0.1,0.6,0.1,0.1,15,2.7080502011022096,0.5,1.4695998860063324e-4,0,1,0.7241379310344828
1,1,0,0,0,4,0,1,30,30,88,0.1,0.1,0.6,0.1,0.1,15,2.7080502011022096,0.5,5.283402918753673e-4,0,1,0.7333333333333333
1,0,1,0,0,6,1,1,31,31,88,0.1,0.1,0.6,0.1,0.1,15,2.7080502011022096,0.5,0.8842197146524945,1,1,0.7419354838709677
1,1,1,0,1,24,1,1,32,32,88,0.1,0.1,0.6,0.1,0.1,15,2.7080502011022096,0.5,0.8744323347257257,1,1,0.75
1,1,0,0,0,4,0,2,1,33,88,0.1,0.1,0.6,0.1,0.1,15,2.7080502011022096,0.5,3.025917140014676e-4,0,1,0.7575757575757576
0,0,0,0,0,1,0,2,2,34,88,0.1,0.1,0.6,0.1,0.1,15,2.7080502011022096,0.5,6.881097090238366e-5,0,1,0.7647058823529411
1,1,1,0,0,8,1,2,3,35,88,0.1,0.1,0.6,0.1,0.1,15,2.7080502011022096,0.5,0.9356955723579543,1,1,0.7714285714285715
1,0,0,1,1,26,0,2,4,36,88,0.1,0.1,0.6,0.1,0.1,15,2.7080502011022096,0.5,2.902757306203216e-4,0,1,0.7777777777777778
1,0,1,0,1,22,1,2,5,37,88,0.1,0.1,0.6,0.1,0.1,15,2.7080502011022096,0.5,0.9324333473030326,1,1,0.7837837837837838
1,0,1,1,1,30,1,2,6,38,88,0.1,0.1,0.6,0.1,0.1,15,2.7080502011022096,0.5,0.9316758191344071,1,1,0.7894736842105263
1,0,0,0,1,18,0,2,7,39,88,0.1,0.1,0.6,0.1,0.1,15,2.7080502011022096,0.5,3.6687433935708437e-4,0,1,0.7948717948717948
1,1,1,0,1,24,1,2,8,40,88,0.1,0.1,0.6,0.1,0.1,15,2.7080502011022096,0.5,0.935435682490085,1,1,0.8
0,1,1,0,0,7,0,2,9,41,88,0.1,0.1,0.6,0.1,0.1,15,2.7080502011022096,0.5,0.46972404391948064,1,0,0.7804878048780488
0,0,1,1,0,13,0,2,10,42,88,0.1,0.1,0.6,0.1,0.1,15,2.7080502011022096,0.5,0.3829480606973353,0,1,0.7857142857142857
0,0,0,0,1,17,0,2,11,43,88,0.1,0.1,0.6,0.1,0.1,15,2.7080502011022096,0.5,8.338582990463971e-5,0,1,0.7906976744186046
0,0,0,1,1,25,0,2,12,44,88,0.1,0.1,0.6,0.1,0.1,15,2.7080502011022096,0.5,7.948084515771884e-5,0,1,0.7954545454545454
0,1,1,0,1,23,0,2,13,45,88,0.1,0.1,0.6,0.1,0.1,15,2.7080502011022096,0.5,0.48943108962757476,1,0,0.7777777777777778
0,0,1,0,0,5,0,2,14,46,88,0.1,0.1,0.6,0.1,0.1,15,2.7080502011022096,0.5,0.3852290464614984,0,1,0.782608695652174
0,1,1,1,1,31,0,2,15,47,88,0.1,0.1,0.6,0.1,0.1,15,2.7080502011022096,0.5,0.40969855176893943,0,1,0.7872340425531915
1,0,0,1,0,10,0,2,16,48,88,0.1,0.1,0.6,0.1,0.1,15,2.7080502011022096,0.5,2.9142379487009056e-4,0,1,0.7916666666666666
1,1,0,1,0,12,0,2,17,49,88,0.1,0.1,0.6,0.1,0.1,15,2.7080502011022096,0.5,2.890975868747914e-4,0,1,0.7959183673469388
1,1,1,1,0,16,1,2,18,50,88,0.1,0.1,0.6,0.1,0.1,15,2.7080502011022096,0.5,0.9199713184235498,1,1,0.8
1,1,0,1,1,28,0,2,19,51,88,0.1,0.1,0.6,0.1,0.1,15,2.7080502011022096,0.5,3.1496598286532884e-4,0,1,0.803921568627451
0,1,1,1,0,15,0,2,20,52,88,0.1,0.1,0.6,0.1,0.1,15,2.7080502011022096,0.5,0.44255018915874145,0,1,0.8076923076923077
1,1,0,0,1,20,0,2,21,53,88,0.1,0.1,0.6,0.1,0.1,15,2.7080502011022096,0.5,4.042534324946147e-4,0,1,0.8113207547169812
1,1,1,1,1,32,1,2,22,54,88,0.1,0.1,0.6,0.1,0.1,15,2.7080502011022096,0.5,0.9136019800685187,1,1,0.8148148148148148
1,0,1,0,0,6,1,2,23,55,88,0.1,0.1,0.6,0.1,0.1,15,2.7080502011022096,0.5,0.9020301473898028,1,1,0.8181818181818182
1,0,1,1,0,14,1,2,24,56,88,0.1,0.1,0.6,0.1,0.1,15,2.7080502011022096,0.5,0.9036555194449251,1,1,0.8214285714285714
0,0,0,1,0,9,0,2,25,57,88,0.1,0.1,0.6,0.1,0.1,15,2.7080502011022096,0.5,8.144454056698945e-5,0,1,0.8245614035087719
0,1,0,1,0,11,0,2,26,58,88,0.1,0.1,0.6,0.1,0.1,15,2.7080502011022096,0.5,8.695281173024428e-5,0,1,0.8275862068965517
0,1,0,0,1,19,0,2,27,59,88,0.1,0.1,0.6,0.1,0.1,15,2.7080502011022096,0.5,8.760556917607443e-5,0,1,0.8305084745762712
0,0,1,0,1,21,0,2,28,60,88,0.1,0.1,0.6,0.1,0.1,15,2.7080502011022096,0.5,0.4738187832978326,0,1,0.8333333333333334
0,1,0,1,1,27,0,2,29,61,88,0.1,0.1,0.6,0.1,0.1,15,2.7080502011022096,0.5,8.092070429046128e-5,0,1,0.8360655737704918
0,1,0,0,0,3,0,2,30,62,88,0.1,0.1,0.6,0.1,0.1,15,2.7080502011022096,0.5,8.269917161648178e-5,0,1,0.8387096774193549
1,0,0,0,0,2,0,2,31,63,88,0.1,0.1,0.6,0.1,0.1,15,2.7080502011022096,0.5,3.7337199171972327e-4,0,1,0.8412698412698413
0,0,1,1,1,29,0,2,32,64,88,0.1,0.1,0.6,0.1,0.1,15,2.7080502011022096,0.5,0.4741522747228148,1,0,0.828125
1,0,1,0,1,22,1,3,1,65,88,0.1,0.1,0.6,0.1,0.1,15,2.7080502011022096,0.5,0.9307286274354414,1,1,0.8307692307692308
0,0,0,0,1,17,0,3,2,66,88,0.1,0.1,0.6,0.1,0.1,15,2.7080502011022096,0.5,8.092087050309497e-5,0,1,0.8333333333333334
1,0,0,1,0,10,0,3,3,67,88,0.1,0.1,0.6,0.1,0.1,15,2.7080502011022096,0.5,2.9395346787250003e-4,0,1,0.835820895522388
1,0,0,0,0,2,0,3,4,68,88,0.1,0.1,0.6,0.1,0.1,15,2.7080502011022096,0.5,2.9666068695050903e-4,0,1,0.8382352941176471
1,1,0,0,1,20,0,3,5,69,88,0.1,0.1,0.6,0.1,0.1,15,2.7080502011022096,0.5,3.132906691983883e-4,0,1,0.8405797101449275
1,0,0,0,1,18,0,3,6,70,88,0.1,0.1,0.6,0.1,0.1,15,2.7080502011022096,0.5,3.3844010974725324e-4,0,1,0.8428571428571429
0,0,1,0,0,5,0,3,7,71,88,0.1,0.1,0.6,0.1,0.1,15,2.7080502011022096,0.5,0.4246023348939107,1,0,0.8309859154929577
1,1,1,1,1,32,1,3,8,72,88,0.1,0.1,0.6,0.1,0.1,15,2.7080502011022096,0.5,0.9349615046935448,1,1,0.8333333333333334
1,0,1,1,1,30,1,3,9,73,88,0.1,0.1,0.6,0.1,0.1,15,2.7080502011022096,0.5,0.9369913387346748,1,1,0.8356164383561644
0,0,0,1,1,25,0,3,10,74,88,0.1,0.1,0.6,0.1,0.1,15,2.7080502011022096,0.5,8.286889845567107e-5,0,1,0.8378378378378378
1,1,0,1,0,12,0,3,11,75,88,0.1,0.1,0.6,0.1,0.1,15,2.7080502011022096,0.5,2.9197795117877795e-4,0,1,0.84
1,1,0,0,0,4,0,3,12,76,88,0.1,0.1,0.6,0.1,0.1,15,2.7080502011022096,0.5,2.607100056116913e-4,0,1,0.8421052631578947
0,0,0,0,0,1,0,3,13,77,88,0.1,0.1,0.6,0.1,0.1,15,2.7080502011022096,0.5,6.332368481050994e-5,0,1,0.8441558441558441
0,1,1,0,0,7,0,3,14,78,88,0.1,0.1,0.6,0.1,0.1,15,2.7080502011022096,0.5,0.3980618454596986,0,1,0.8461538461538461
0,1,0,0,0,3,0,3,15,79,88,0.1,0.1,0.6,0.1,0.1,15,2.7080502011022096,0.5,6.252927532164605e-5,0,1,0.8481012658227848
0,0,0,1,0,9,0,3,16,80,88,0.1,0.1,0.6,0.1,0.1,15,2.7080502011022096,0.5,6.448341533743962e-5,0,1,0.85
0,1,0,0,1,19,0,3,17,81,88,0.1,0.1,0.6,0.1,0.1,15,2.7080502011022096,0.5,6.827019919664519e-5,0,1,0.8518518518518519
1,1,1,0,0,8,1,3,18,82,88,0.1,0.1,0.6,0.1,0.1,15,2.7080502011022096,0.5,0.9185944919046064,1,1,0.8536585365853658
0,0,1,1,0,13,0,3,19,83,88,0.1,0.1,0.6,0.1,0.1,15,2.7080502011022096,0.5,0.41488830820496886,0,1,0.8554216867469879
0,1,0,1,1,27,0,3,20,84,88,0.1,0.1,0.6,0.1,0.1,15,2.7080502011022096,0.5,8.280281645615137e-5,0,1,0.8571428571428571
1,0,1,0,0,6,1,3,21,85,88,0.1,0.1,0.6,0.1,0.1,15,2.7080502011022096,0.5,0.9212306032429209,1,1,0.8588235294117647
0,1,1,1,0,15,0,3,22,86,88,0.1,0.1,0.6,0.1,0.1,15,2.7080502011022096,0.5,0.4082365549730374,0,1,0.8604651162790697
0,0,1,1,1,29,0,3,23,87,88,0.1,0.1,0.6,0.1,0.1,15,2.7080502011022096,0.5,0.47184461656578214,1,0,0.8505747126436781
1,0,1,1,0,14,1,3,24,88,88,0.1,0.1,0.6,0.1,0.1,15,2.7080502011022096,0.5,0.9175993053185754,1,1,0.8522727272727273
1,1,0,1,1,28,0,3,25,89,88,0.1,0.1,0.6,0.1,0.1,15,2.7080502011022096,0.5,3.430095547371585e-4,0,1,0.8539325842696629
0,1,1,0,1,23,0,3,26,90,88,0.1,0.1,0.6,0.1,0.1,15,2.7080502011022096,0.5,0.427266821750139,1,0,0.8444444444444444
1,0,0,1,1,26,0,3,27,91,88,0.1,0.1,0.6,0.1,0.1,15,2.7080502011022096,0.5,3.6035211637872044e-4,0,1,0.8461538461538461
1,1,1,0,1,24,1,3,28,92,88,0.1,0.1,0.6,0.1,0.1,15,2.7080502011022096,0.5,0.925177879215224,1,1,0.8478260869565217
0,1,1,1,1,31,0,3,29,93,88,0.1,0.1,0.6,0.1,0.1,15,2.7080502011022096,0.5,0.44254997550486885,0,1,0.8494623655913979
0,1,0,1,0,11,0,3,30,94,88,0.1,0.1,0.6,0.1,0.1,15,2.7080502011022096,0.5,6.583060905083822e-5,0,1,0.851063829787234
0,0,1,0,1,21,0,3,31,95,88,0.1,0.1,0.6,0.1,0.1,15,2.7080502011022096,0.5,0.45662627142170226,1,0,0.8421052631578947
1,1,1,1,0,16,1,3,32,96,88,0.1,0.1,0.6,0.1,0.1,15,2.7080502011022096,0.5,0.9197830602653178,1,1,0.84375
0,1,0,0,1,19,0,1,1,1,89,0.1,0.1,0.6,0.1,0.1,15,2.7080502011022096,0.5,0.5,0,1,1
0,1,1,1,1,31,0,1,2,2,89,0.1,0.1,0.6,0.1,0.1,15,2.7080502011022096,0.5,0.5,1,0,0.5
1,1,0,0,0,4,0,1,3,3,89,0.1,0.1,0.6,0.1,0.1,15,2.7080502011022096,0.5,0.5,1,0,0.3333333333333333
1,0,0,1,1,26,0,1,4,4,89,0.1,0.1,0.6,0.1,0.1,15,2.7080502011022096,0.5,0.5,1,0,0.25
0,1,1,0,0,7,0,1,5,5,89,0.1,0.1,0.6,0.1,0.1,15,2.7080502011022096,0.5,0.5,0,1,0.4
1,0,0,1,0,10,0,1,6,6,89,0.1,0.1,0.6,0.1,0.1,15,2.7080502011022096,0.5,0.5,1,0,0.3333333333333333
0,0,1,1,0,13,0,1,7,7,89,0.1,0.1,0.6,0.1,0.1,15,2.7080502011022096,0.5,0.5,0,1,0.42857142857142855
0,0,0,1,1,25,0,1,8,8,89,0.1,0.1,0.6,0.1,0.1,15,2.7080502011022096,0.5,0.5,1,0,0.375
1,1,1,0,0,8,1,1,9,9,89,0.1,0.1,0.6,0.1,0.1,15,2.7080502011022096,0.5,0.5,0,0,0.3333333333333333
0,0,0,0,1,17,0,1,10,10,89,0.1,0.1,0.6,0.1,0.1,15,2.7080502011022096,0.5,2.1161071017678744e-5,0,1,0.4
1,0,1,1,0,14,1,1,11,11,89,0.1,0.1,0.6,0.1,0.1,15,2.7080502011022096,0.5,0.646029065857363,0,0,0.36363636363636365
1,1,1,1,0,16,1,1,12,12,89,0.1,0.1,0.6,0.1,0.1,15,2.7080502011022096,0.5,0.9307444920561235,1,1,0.4166666666666667
0,0,0,1,0,9,0,1,13,13,89,0.1,0.1,0.6,0.1,0.1,15,2.7080502011022096,0.5,1.8503625113338324e-4,0,1,0.46153846153846156
1,1,0,1,1,28,0,1,14,14,89,0.1,0.1,0.6,0.1,0.1,15,2.7080502011022096,0.5,2.985421288169143e-4,0,1,0.5
0,0,0,0,0,1,0,1,15,15,89,0.1,0.1,0.6,0.1,0.1,15,2.7080502011022096,0.5,7.598875602573222e-5,0,1,0.5333333333333333
1,1,1,0,1,24,1,1,16,16,89,0.1,0.1,0.6,0.1,0.1,15,2.7080502011022096,0.5,0.9175032349938385,1,1,0.5625
1,0,1,0,1,22,1,1,17,17,89,0.1,0.1,0.6,0.1,0.1,15,2.7080502011022096,0.5,0.9677054935300723,1,1,0.5882352941176471
0,1,0,1,0,11,0,1,18,18,89,0.1,0.1,0.6,0.1,0.1,15,2.7080502011022096,0.5,1.830108532857573e-4,0,1,0.6111111111111112
1,0,0,0,1,18,0,1,19,19,89,0.1,0.1,0.6,0.1,0.1,15,2.7080502011022096,0.5,5.638645711403568e-4,0,1,0.631578947368421
0,0,1,0,0,5,0,1,20,20,89,0.1,0.1,0.6,0.1,0.1,15,2.7080502011022096,0.5,0.5121722900442518,1,0,0.6
0,1,1,1,0,15,0,1,21,21,89,0.1,0.1,0.6,0.1,0.1,15,2.7080502011022096,0.5,0.5837577440879365,1,0,0.5714285714285714
0,1,0,0,0,3,0,1,22,22,89,0.1,0.1,0.6,0.1,0.1,15,2.7080502011022096,0.5,1.310583579668138e-4,0,1,0.5909090909090909
1,0,1,0,0,6,1,1,23,23,89,0.1,0.1,0.6,0.1,0.1,15,2.7080502011022096,0.5,0.8859904132261609,1,1,0.6086956521739131
1,0,1,1,1,30,1,1,24,24,89,0.1,0.1,0.6,0.1,0.1,15,2.7080502011022096,0.5,0.9324565882226927,1,1,0.625
0,1,1,0,1,23,0,1,25,25,89,0.1,0.1,0.6,0.1,0.1,15,2.7080502011022096,0.5,0.6097839336850226,1,0,0.6
1,1,1,1,1,32,1,1,26,26,89,0.1,0.1,0.6,0.1,0.1,15,2.7080502011022096,0.5,0.859927315235411,1,1,0.6153846153846154
1,0,0,0,0,2,0,1,27,27,89,0.1,0.1,0.6,0.1,0.1,15,2.7080502011022096,0.5,4.470140833425997e-4,0,1,0.6296296296296297
0,0,1,0,1,21,0,1,28,28,89,0.1,0.1,0.6,0.1,0.1,15,2.7080502011022096,0.5,0.6150223709323731,1,0,0.6071428571428571
1,1,0,1,0,12,0,1,29,29,89,0.1,0.1,0.6,0.1,0.1,15,2.7080502011022096,0.5,4.955743024432872e-4,0,1,0.6206896551724138
0,0,1,1,1,29,0,1,30,30,89,0.1,0.1,0.6,0.1,0.1,15,2.7080502011022096,0.5,0.563534744030867,0,1,0.6333333333333333
1,1,0,0,1,20,0,1,31,31,89,0.1,0.1,0.6,0.1,0.1,15,2.7080502011022096,0.5,5.222796961613464e-4,0,1,0.6451612903225806
0,1,0,1,1,27,0,1,32,32,89,0.1,0.1,0.6,0.1,0.1,15,2.7080502011022096,0.5,1.1696550980493926e-4,0,1,0.65625
1,0,0,0,1,18,0,2,1,33,89,0.1,0.1,0.6,0.1,0.1,15,2.7080502011022096,0.5,3.025917140014676e-4,0,1,0.6666666666666666
1,1,0,1,1,28,0,2,2,34,89,0.1,0.1,0.6,0.1,0.1,15,2.7080502011022096,0.5,3.08339143660337e-4,0,1,0.6764705882352942
0,1,1,0,1,23,0,2,3,35,89,0.1,0.1,0.6,0.1,0.1,15,2.7080502011022096,0.5,0.4203095835192215,0,1,0.6857142857142857
1,1,1,0,0,8,1,2,4,36,89,0.1,0.1,0.6,0.1,0.1,15,2.7080502011022096,0.5,0.9309071239959688,1,1,0.6944444444444444
0,0,0,1,0,9,0,2,5,37,89,0.1,0.1,0.6,0.1,0.1,15,2.7080502011022096,0.5,6.868336101977417e-5,0,1,0.7027027027027027
1,0,1,1,1,30,1,2,6,38,89,0.1,0.1,0.6,0.1,0.1,15,2.7080502011022096,0.5,0.9317179843318962,1,1,0.7105263157894737
1,1,1,1,0,16,1,2,7,39,89,0.1,0.1,0.6,0.1,0.1,15,2.7080502011022096,0.5,0.9334573659569176,1,1,0.717948717948718
1,1,0,1,0,12,0,2,8,40,89,0.1,0.1,0.6,0.1,0.1,15,2.7080502011022096,0.5,3.8628889514593306e-4,0,1,0.725
1,1,1,1,1,32,1,2,9,41,89,0.1,0.1,0.6,0.1,0.1,15,2.7080502011022096,0.5,0.9304268647016676,0,0,0.7073170731707317
0,0,0,0,1,17,0,2,10,42,89,0.1,0.1,0.6,0.1,0.1,15,2.7080502011022096,0.5,5.70223080758022e-5,0,1,0.7142857142857143
1,0,0,0,0,2,0,2,11,43,89,0.1,0.1,0.6,0.1,0.1,15,2.7080502011022096,0.5,2.5454802365779664e-4,0,1,0.7209302325581395
0,0,1,0,1,21,0,2,12,44,89,0.1,0.1,0.6,0.1,0.1,15,2.7080502011022096,0.5,0.3778640234074673,0,1,0.7272727272727273
0,0,0,0,0,1,0,2,13,45,89,0.1,0.1,0.6,0.1,0.1,15,2.7080502011022096,0.5,5.3470707370448554e-5,0,1,0.7333333333333333
0,1,0,1,0,11,0,2,14,46,89,0.1,0.1,0.6,0.1,0.1,15,2.7080502011022096,0.5,8.965452338354467e-5,0,1,0.7391304347826086
0,0,0,1,1,25,0,2,15,47,89,0.1,0.1,0.6,0.1,0.1,15,2.7080502011022096,0.5,8.359301189885257e-5,0,1,0.7446808510638298
1,1,1,0,1,24,1,2,16,48,89,0.1,0.1,0.6,0.1,0.1,15,2.7080502011022096,0.5,0.9104457770118889,1,1,0.75
0,0,1,1,1,29,0,2,17,49,89,0.1,0.1,0.6,0.1,0.1,15,2.7080502011022096,0.5,0.47468272535483513,1,0,0.7346938775510204
1,0,0,1,0,10,0,2,18,50,89,0.1,0.1,0.6,0.1,0.1,15,2.7080502011022096,0.5,2.5744026407059e-4,0,1,0.74
0,1,1,1,0,15,0,2,19,51,89,0.1,0.1,0.6,0.1,0.1,15,2.7080502011022096,0.5,0.52481785291635,0,1,0.7450980392156863
0,1,0,0,1,19,0,2,20,52,89,0.1,0.1,0.6,0.1,0.1,15,2.7080502011022096,0.5,9.892402700158478e-5,0,1,0.75
1,1,0,0,0,4,0,2,21,53,89,0.1,0.1,0.6,0.1,0.1,15,2.7080502011022096,0.5,4.105701517468134e-4,0,1,0.7547169811320755
0,1,0,0,0,3,0,2,22,54,89,0.1,0.1,0.6,0.1,0.1,15,2.7080502011022096,0.5,8.3778120304917907e-05,0,1,0.7592592592592593
1,0,1,1,0,14,1,2,23,55,89,0.1,0.1,0.6,0.1,0.1,15,2.7080502011022096,0.5,0.9351543538997523,1,1,0.7636363636363637
0,0,1,0,0,5,0,2,24,56,89,0.1,0.1,0.6,0.1,0.1,15,2.7080502011022096,0.5,0.41954047150393803,0,1,0.7678571428571429
0,0,1,1,0,13,0,2,25,57,89,0.1,0.1,0.6,0.1,0.1,15,2.7080502011022096,0.5,0.4695934243623699,0,1,0.7719298245614035
1,0,0,1,1,26,0,2,26,58,89,0.1,0.1,0.6,0.1,0.1,15,2.7080502011022096,0.5,3.800188624055447e-4,0,1,0.7758620689655172
0,1,1,1,1,31,0,2,27,59,89,0.1,0.1,0.6,0.1,0.1,15,2.7080502011022096,0.5,0.49156398429652154,0,1,0.7796610169491526
1,1,0,0,1,20,0,2,28,60,89,0.1,0.1,0.6,0.1,0.1,15,2.7080502011022096,0.5,3.9191116910046485e-4,0,1,0.7833333333333333
1,0,1,0,0,6,1,2,29,61,89,0.1,0.1,0.6,0.1,0.1,15,2.7080502011022096,0.5,0.912534724150728,1,1,0.7868852459016393
0,1,0,1,1,27,0,2,30,62,89,0.1,0.1,0.6,0.1,0.1,15,2.7080502011022096,0.5,8.767199428368544e-5,0,1,0.7903225806451613
1,0,1,0,1,22,1,2,31,63,89,0.1,0.1,0.6,0.1,0.1,15,2.7080502011022096,0.5,0.9118104462723252,1,1,0.7936507936507936
0,1,1,0,0,7,0,2,32,64,89,0.1,0.1,0.6,0.1,0.1,15,2.7080502011022096,0.5,0.4741522747228148,1,0,0.78125
0,0,1,1,1,29,0,3,1,65,89,0.1,0.1,0.6,0.1,0.1,15,2.7080502011022096,0.5,0.4009427198035518,1,0,0.7692307692307693
1,1,0,0,0,4,0,3,2,66,89,0.1,0.1,0.6,0.1,0.1,15,2.7080502011022096,0.5,3.088937396765617e-4,0,1,0.7727272727272727
1,0,0,1,1,26,0,3,3,67,89,0.1,0.1,0.6,0.1,0.1,15,2.7080502011022096,0.5,3.144137687433842e-4,0,1,0.7761194029850746
1,0,1,1,0,14,1,3,4,68,89,0.1,0.1,0.6,0.1,0.1,15,2.7080502011022096,0.5,0.930821528205129,1,1,0.7794117647058824
1,1,0,1,1,28,0,3,5,69,89,0.1,0.1,0.6,0.1,0.1,15,2.7080502011022096,0.5,2.890869431694118e-4,0,1,0.782608695652174
1,1,1,0,0,8,1,3,6,70,89,0.1,0.1,0.6,0.1,0.1,15,2.7080502011022096,0.5,0.9326217793299226,1,1,0.7857142857142857
1,0,0,0,1,18,0,3,7,71,89,0.1,0.1,0.6,0.1,0.1,15,2.7080502011022096,0.5,2.791923237383442e-4,0,1,0.7887323943661971
1,0,1,1,1,30,1,3,8,72,89,0.1,0.1,0.6,0.1,0.1,15,2.7080502011022096,0.5,0.9168034494812165,1,1,0.7916666666666666
0,0,1,0,0,5,0,3,9,73,89,0.1,0.1,0.6,0.1,0.1,15,2.7080502011022096,0.5,0.41078971986915286,0,1,0.7945205479452054
0,0,0,1,0,9,0,3,10,74,89,0.1,0.1,0.6,0.1,0.1,15,2.7080502011022096,0.5,8.465095253063337e-5,0,1,0.7972972972972973
0,0,0,0,1,17,0,3,11,75,89,0.1,0.1,0.6,0.1,0.1,15,2.7080502011022096,0.5,6.583122151217813e-5,0,1,0.8
0,1,0,1,1,27,0,3,12,76,89,0.1,0.1,0.6,0.1,0.1,15,2.7080502011022096,0.5,6.634344723876607e-5,0,1,0.8026315789473685
0,1,1,0,1,23,0,3,13,77,89,0.1,0.1,0.6,0.1,0.1,15,2.7080502011022096,0.5,0.4124963588851793,0,1,0.8051948051948052
0,0,0,0,0,1,0,3,14,78,89,0.1,0.1,0.6,0.1,0.1,15,2.7080502011022096,0.5,6.920428568921977e-5,0,1,0.8076923076923077
0,0,1,0,1,21,0,3,15,79,89,0.1,0.1,0.6,0.1,0.1,15,2.7080502011022096,0.5,0.38923082579621954,0,1,0.810126582278481
0,1,0,0,1,19,0,3,16,80,89,0.1,0.1,0.6,0.1,0.1,15,2.7080502011022096,0.5,6.665577221002553e-5,0,1,0.8125
1,0,1,0,1,22,1,3,17,81,89,0.1,0.1,0.6,0.1,0.1,15,2.7080502011022096,0.5,0.9148623253199231,1,1,0.8148148148148148
0,1,0,1,0,11,0,3,18,82,89,0.1,0.1,0.6,0.1,0.1,15,2.7080502011022096,0.5,6.798982503333054e-5,0,1,0.8170731707317073
1,1,0,0,1,20,0,3,19,83,89,0.1,0.1,0.6,0.1,0.1,15,2.7080502011022096,0.5,2.8750797672493915e-4,0,1,0.8192771084337349
0,1,1,0,0,7,0,3,20,84,89,0.1,0.1,0.6,0.1,0.1,15,2.7080502011022096,0.5,0.4458385736330752,0,1,0.8214285714285714
0,1,1,1,0,15,0,3,21,85,89,0.1,0.1,0.6,0.1,0.1,15,2.7080502011022096,0.5,0.4238626406624697,0,1,0.8235294117647058
1,0,0,1,0,10,0,3,22,86,89,0.1,0.1,0.6,0.1,0.1,15,2.7080502011022096,0.5,3.8360389770370395e-4,0,1,0.8255813953488372
1,1,1,1,1,32,1,3,23,87,89,0.1,0.1,0.6,0.1,0.1,15,2.7080502011022096,0.5,0.9306572974999069,1,1,0.8275862068965517
0,0,0,1,1,25,0,3,24,88,89,0.1,0.1,0.6,0.1,0.1,15,2.7080502011022096,0.5,8.133414734989194e-5,0,1,0.8295454545454546
0,1,1,1,1,31,0,3,25,89,89,0.1,0.1,0.6,0.1,0.1,15,2.7080502011022096,0.5,0.44651491339484656,0,1,0.8314606741573034
1,0,0,0,0,2,0,3,26,90,89,0.1,0.1,0.6,0.1,0.1,15,2.7080502011022096,0.5,3.1233146294772367e-4,0,1,0.8333333333333334
1,0,1,0,0,6,1,3,27,91,89,0.1,0.1,0.6,0.1,0.1,15,2.7080502011022096,0.5,0.9246215970602673,1,1,0.8351648351648352
0,1,0,0,0,3,0,3,28,92,89,0.1,0.1,0.6,0.1,0.1,15,2.7080502011022096,0.5,7.687591641708238e-5,0,1,0.8369565217391305
1,1,1,1,0,16,1,3,29,93,89,0.1,0.1,0.6,0.1,0.1,15,2.7080502011022096,0.5,0.9231619105178271,1,1,0.8387096774193549
0,0,1,1,0,13,0,3,30,94,89,0.1,0.1,0.6,0.1,0.1,15,2.7080502011022096,0.5,0.4531093599428094,1,0,0.8297872340425532
1,1,0,1,0,12,0,3,31,95,89,0.1,0.1,0.6,0.1,0.1,15,2.7080502011022096,0.5,3.6250795592927625e-4,0,1,0.8315789473684211
1,1,1,0,1,24,1,3,32,96,89,0.1,0.1,0.6,0.1,0.1,15,2.7080502011022096,0.5,0.9197830602653178,1,1,0.8333333333333334
1,0,1,0,0,6,1,1,1,1,90,0.1,0.1,0.6,0.1,0.1,15,2.7080502011022096,0.5,0.5,1,1,1
1,0,0,1,0,10,0,1,2,2,90,0.1,0.1,0.6,0.1,0.1,15,2.7080502011022096,0.5,0.5,0,1,1
1,0,0,1,1,26,0,1,3,3,90,0.1,0.1,0.6,0.1,0.1,15,2.7080502011022096,0.5,2.7535691114583524e-5,0,1,1
0,0,0,1,1,25,0,1,4,4,90,0.1,0.1,0.6,0.1,0.1,15,2.7080502011022096,0.5,1.0046601457574766e-5,0,1,1
0,1,0,1,1,27,0,1,5,5,90,0.1,0.1,0.6,0.1,0.1,15,2.7080502011022096,0.5,3.231053738677685e-6,0,1,1
0,0,0,0,1,17,0,1,6,6,90,0.1,0.1,0.6,0.1,0.1,15,2.7080502011022096,0.5,7.361911754739577e-5,0,1,1
0,1,1,0,0,7,0,1,7,7,90,0.1,0.1,0.6,0.1,0.1,15,2.7080502011022096,0.5,0.9999383964513857,1,0,0.8571428571428571
0,0,0,1,0,9,0,1,8,8,90,0.1,0.1,0.6,0.1,0.1,15,2.7080502011022096,0.5,6.188932185960589e-5,0,1,0.875
0,0,1,1,0,13,0,1,9,9,90,0.1,0.1,0.6,0.1,0.1,15,2.7080502011022096,0.5,0.8745676191991247,1,0,0.7777777777777778
1,1,1,1,1,32,1,1,10,10,90,0.1,0.1,0.6,0.1,0.1,15,2.7080502011022096,0.5,0.799495478961489,1,1,0.8
1,1,0,0,0,4,0,1,11,11,90,0.1,0.1,0.6,0.1,0.1,15,2.7080502011022096,0.5,0.0013908226848363397,0,1,0.8181818181818182
0,1,1,1,1,31,0,1,12,12,90,0.1,0.1,0.6,0.1,0.1,15,2.7080502011022096,0.5,0.9105403789196466,1,0,0.75
1,0,1,0,1,22,1,1,13,13,90,0.1,0.1,0.6,0.1,0.1,15,2.7080502011022096,0.5,0.9761062297361524,1,1,0.7692307692307693
1,1,0,1,1,28,0,1,14,14,90,0.1,0.1,0.6,0.1,0.1,15,2.7080502011022096,0.5,7.058259736180067e-4,0,1,0.7857142857142857
1,1,0,1,0,12,0,1,15,15,90,0.1,0.1,0.6,0.1,0.1,15,2.7080502011022096,0.5,1.5438403700141696e-4,0,1,0.8
0,0,0,0,0,1,0,1,16,16,90,0.1,0.1,0.6,0.1,0.1,15,2.7080502011022096,0.5,2.1523436536824932e-4,0,1,0.8125
1,1,1,0,1,24,1,1,17,17,90,0.1,0.1,0.6,0.1,0.1,15,2.7080502011022096,0.5,0.9546395779433554,1,1,0.8235294117647058
0,0,1,1,1,29,0,1,18,18,90,0.1,0.1,0.6,0.1,0.1,15,2.7080502011022096,0.5,0.4637947460098817,1,0,0.7777777777777778
0,1,1,0,1,23,0,1,19,19,90,0.1,0.1,0.6,0.1,0.1,15,2.7080502011022096,0.5,0.69727596384402,1,0,0.7368421052631579
0,1,0,1,0,11,0,1,20,20,90,0.1,0.1,0.6,0.1,0.1,15,2.7080502011022096,0.5,3.6644101041971424e-5,0,1,0.75
0,0,1,0,0,5,0,1,21,21,90,0.1,0.1,0.6,0.1,0.1,15,2.7080502011022096,0.5,0.6728743126955256,1,0,0.7142857142857143
0,0,1,0,1,21,0,1,22,22,90,0.1,0.1,0.6,0.1,0.1,15,2.7080502011022096,0.5,0.6340131808447556,1,0,0.6818181818181818
1,0,0,0,0,2,0,1,23,23,90,0.1,0.1,0.6,0.1,0.1,15,2.7080502011022096,0.5,7.878369471480738e-4,0,1,0.6956521739130435
1,1,1,1,0,16,1,1,24,24,90,0.1,0.1,0.6,0.1,0.1,15,2.7080502011022096,0.5,0.89529994009131,0,0,0.6666666666666666
1,0,1,1,0,14,1,1,25,25,90,0.1,0.1,0.6,0.1,0.1,15,2.7080502011022096,0.5,0.8550490711128966,1,1,0.68
1,1,0,0,1,20,0,1,26,26,90,0.1,0.1,0.6,0.1,0.1,15,2.7080502011022096,0.5,8.191656742433203e-4,0,1,0.6923076923076923
0,1,0,0,1,19,0,1,27,27,90,0.1,0.1,0.6,0.1,0.1,15,2.7080502011022096,0.5,1.4799970578876828e-4,0,1,0.7037037037037037
1,0,0,0,1,18,0,1,28,28,90,0.1,0.1,0.6,0.1,0.1,15,2.7080502011022096,0.5,5.477382177505974e-4,0,1,0.7142857142857143
1,0,1,1,1,30,1,1,29,29,90,0.1,0.1,0.6,0.1,0.1,15,2.7080502011022096,0.5,0.8830834661555812,1,1,0.7241379310344828
0,1,1,1,0,15,0,1,30,30,90,0.1,0.1,0.6,0.1,0.1,15,2.7080502011022096,0.5,0.5757941826213154,1,0,0.7
1,1,1,0,0,8,1,1,31,31,90,0.1,0.1,0.6,0.1,0.1,15,2.7080502011022096,0.5,0.8696919630766733,1,1,0.7096774193548387
0,1,0,0,0,3,0,1,32,32,90,0.1,0.1,0.6,0.1,0.1,15,2.7080502011022096,0.5,1.1696550980493927e-4,0,1,0.71875
1,1,1,1,1,32,1,2,1,33,90,0.1,0.1,0.6,0.1,0.1,15,2.7080502011022096,0.5,0.9307286274354414,1,1,0.7272727272727273
0,0,1,1,0,13,0,2,2,34,90,0.1,0.1,0.6,0.1,0.1,15,2.7080502011022096,0.5,0.37931019457510096,0,1,0.7352941176470589
1,1,1,1,0,16,1,2,3,35,90,0.1,0.1,0.6,0.1,0.1,15,2.7080502011022096,0.5,0.9256042850630951,1,1,0.7428571428571429
0,0,1,0,1,21,0,2,4,36,90,0.1,0.1,0.6,0.1,0.1,15,2.7080502011022096,0.5,0.3594013374362371,1,0,0.7222222222222222
0,1,1,1,0,15,0,2,5,37,90,0.1,0.1,0.6,0.1,0.1,15,2.7080502011022096,0.5,0.4617760097060104,0,1,0.7297297297297297
0,0,1,1,1,29,0,2,6,38,90,0.1,0.1,0.6,0.1,0.1,15,2.7080502011022096,0.5,0.35257987843369154,0,1,0.7368421052631579
0,1,1,1,1,31,0,2,7,39,90,0.1,0.1,0.6,0.1,0.1,15,2.7080502011022096,0.5,0.4453034588130896,0,1,0.7435897435897436
0,1,0,0,1,19,0,2,8,40,90,0.1,0.1,0.6,0.1,0.1,15,2.7080502011022096,0.5,7.500995649955203e-5,0,1,0.75
1,1,0,1,1,28,0,2,9,41,90,0.1,0.1,0.6,0.1,0.1,15,2.7080502011022096,0.5,4.937632127997802e-4,0,1,0.7560975609756098
1,0,0,0,1,18,0,2,10,42,90,0.1,0.1,0.6,0.1,0.1,15,2.7080502011022096,0.5,3.0931556096817773e-4,0,1,0.7619047619047619
0,0,0,1,1,25,0,2,11,43,90,0.1,0.1,0.6,0.1,0.1,15,2.7080502011022096,0.5,7.758738752525875e-5,0,1,0.7674418604651163
1,1,0,1,0,12,0,2,12,44,90,0.1,0.1,0.6,0.1,0.1,15,2.7080502011022096,0.5,4.981420392556537e-4,0,1,0.7727272727272727
0,1,1,0,1,23,0,2,13,45,90,0.1,0.1,0.6,0.1,0.1,15,2.7080502011022096,0.5,0.4005686523754676,1,0,0.7555555555555555
1,1,1,0,0,8,1,2,14,46,90,0.1,0.1,0.6,0.1,0.1,15,2.7080502011022096,0.5,0.931171736521221,1,1,0.7608695652173914
1,0,1,0,1,22,1,2,15,47,90,0.1,0.1,0.6,0.1,0.1,15,2.7080502011022096,0.5,0.8909011799283116,1,1,0.7659574468085106
1,0,0,0,0,2,0,2,16,48,90,0.1,0.1,0.6,0.1,0.1,15,2.7080502011022096,0.5,3.3048945749896373e-4,0,1,0.7708333333333334
1,0,1,0,0,6,1,2,17,49,90,0.1,0.1,0.6,0.1,0.1,15,2.7080502011022096,0.5,0.9279811418789861,1,1,0.7755102040816326
0,1,0,1,0,11,0,2,18,50,90,0.1,0.1,0.6,0.1,0.1,15,2.7080502011022096,0.5,9.694182906314434e-5,0,1,0.78
0,0,0,1,0,9,0,2,19,51,90,0.1,0.1,0.6,0.1,0.1,15,2.7080502011022096,0.5,6.745818025140167e-5,0,1,0.7843137254901961
0,1,1,0,0,7,0,2,20,52,90,0.1,0.1,0.6,0.1,0.1,15,2.7080502011022096,0.5,0.47464498046720316,1,0,0.7692307692307693
1,0,1,1,0,14,1,2,21,53,90,0.1,0.1,0.6,0.1,0.1,15,2.7080502011022096,0.5,0.904621404034065,1,1,0.7735849056603774
0,1,0,1,1,27,0,2,22,54,90,0.1,0.1,0.6,0.1,0.1,15,2.7080502011022096,0.5,7.597396766610209e-5,0,1,0.7777777777777778
1,1,0,0,0,4,0,2,23,55,90,0.1,0.1,0.6,0.1,0.1,15,2.7080502011022096,0.5,4.151214587107364e-4,0,1,0.7818181818181819
1,1,0,0,1,20,0,2,24,56,90,0.1,0.1,0.6,0.1,0.1,15,2.7080502011022096,0.5,2.853390656255672e-4,0,1,0.7857142857142857
0,0,0,0,1,17,0,2,25,57,90,0.1,0.1,0.6,0.1,0.1,15,2.7080502011022096,0.5,8.445616239614816e-5,0,1,0.7894736842105263
0,1,0,0,0,3,0,2,26,58,90,0.1,0.1,0.6,0.1,0.1,15,2.7080502011022096,0.5,8.940942765784118e-5,0,1,0.7931034482758621
1,0,0,1,0,10,0,2,27,59,90,0.1,0.1,0.6,0.1,0.1,15,2.7080502011022096,0.5,4.1456455028651446e-4,0,1,0.7966101694915254
1,0,1,1,1,30,1,2,28,60,90,0.1,0.1,0.6,0.1,0.1,15,2.7080502011022096,0.5,0.9123530218491551,1,1,0.8
1,1,1,0,1,24,1,2,29,61,90,0.1,0.1,0.6,0.1,0.1,15,2.7080502011022096,0.5,0.9082513028424655,1,1,0.8032786885245902
0,0,0,0,0,1,0,2,30,62,90,0.1,0.1,0.6,0.1,0.1,15,2.7080502011022096,0.5,8.177917184747563e-5,0,1,0.8064516129032258
0,0,1,0,0,5,0,2,31,63,90,0.1,0.1,0.6,0.1,0.1,15,2.7080502011022096,0.5,0.4687934056979743,0,1,0.8095238095238095
1,0,0,1,1,26,0,2,32,64,90,0.1,0.1,0.6,0.1,0.1,15,2.7080502011022096,0.5,3.814855273269182e-4,0,1,0.8125
1,1,1,1,1,32,1,3,1,65,90,0.1,0.1,0.6,0.1,0.1,15,2.7080502011022096,0.5,0.9307286274354414,1,1,0.8153846153846154
0,0,1,1,1,29,0,3,2,66,90,0.1,0.1,0.6,0.1,0.1,15,2.7080502011022096,0.5,0.40059646107112323,1,0,0.803030303030303
1,0,0,1,0,10,0,3,3,67,90,0.1,0.1,0.6,0.1,0.1,15,2.7080502011022096,0.5,2.946823446004105e-4,0,1,0.8059701492537313
1,0,1,0,0,6,1,3,4,68,90,0.1,0.1,0.6,0.1,0.1,15,2.7080502011022096,0.5,0.9287488730347271,1,1,0.8088235294117647
1,0,0,0,1,18,0,3,5,69,90,0.1,0.1,0.6,0.1,0.1,15,2.7080502011022096,0.5,2.9776058270031145e-4,0,1,0.8115942028985508
0,1,0,1,0,11,0,3,6,70,90,0.1,0.1,0.6,0.1,0.1,15,2.7080502011022096,0.5,6.774139698960661e-5,0,1,0.8142857142857143
1,1,0,0,0,4,0,3,7,71,90,0.1,0.1,0.6,0.1,0.1,15,2.7080502011022096,0.5,3.030038535022013e-4,0,1,0.8169014084507042
1,0,1,0,1,22,1,3,8,72,90,0.1,0.1,0.6,0.1,0.1,15,2.7080502011022096,0.5,0.9303362937210762,1,1,0.8194444444444444
0,1,1,0,0,7,0,3,9,73,90,0.1,0.1,0.6,0.1,0.1,15,2.7080502011022096,0.5,0.4030337947952898,1,0,0.8082191780821918
1,1,0,0,1,20,0,3,10,74,90,0.1,0.1,0.6,0.1,0.1,15,2.7080502011022096,0.5,0.00029468327773644513,0,1,0.8108108108108109
1,1,0,1,1,28,0,3,11,75,90,0.1,0.1,0.6,0.1,0.1,15,2.7080502011022096,0.5,3.441335606263191e-4,0,1,0.8133333333333334
1,1,1,1,0,16,1,3,12,76,90,0.1,0.1,0.6,0.1,0.1,15,2.7080502011022096,0.5,0.9297574965633254,1,1,0.8157894736842105
0,0,1,1,0,13,0,3,13,77,90,0.1,0.1,0.6,0.1,0.1,15,2.7080502011022096,0.5,0.40048605176692686,1,0,0.8051948051948052
1,1,0,1,0,12,0,3,14,78,90,0.1,0.1,0.6,0.1,0.1,15,2.7080502011022096,0.5,3.201283895006583e-4,0,1,0.8076923076923077
1,0,0,1,1,26,0,3,15,79,90,0.1,0.1,0.6,0.1,0.1,15,2.7080502011022096,0.5,2.8564819478072096e-4,0,1,0.810126582278481
0,1,1,1,1,31,0,3,16,80,90,0.1,0.1,0.6,0.1,0.1,15,2.7080502011022096,0.5,0.449641210964737,1,0,0.8
0,1,1,1,0,15,0,3,17,81,90,0.1,0.1,0.6,0.1,0.1,15,2.7080502011022096,0.5,0.4303981572735522,0,1,0.8024691358024691
1,0,1,1,1,30,1,3,18,82,90,0.1,0.1,0.6,0.1,0.1,15,2.7080502011022096,0.5,0.9174814157441841,1,1,0.8048780487804879
0,0,0,1,1,25,0,3,19,83,90,0.1,0.1,0.6,0.1,0.1,15,2.7080502011022096,0.5,8.455457985931655e-5,0,1,0.8072289156626506
1,0,1,1,0,14,1,3,20,84,90,0.1,0.1,0.6,0.1,0.1,15,2.7080502011022096,0.5,0.9183646163440591,1,1,0.8095238095238095
0,0,0,1,0,9,0,3,21,85,90,0.1,0.1,0.6,0.1,0.1,15,2.7080502011022096,0.5,7.975556017420204e-5,0,1,0.8117647058823529
0,1,0,0,0,3,0,3,22,86,90,0.1,0.1,0.6,0.1,0.1,15,2.7080502011022096,0.5,6.571118232746597e-5,0,1,0.813953488372093
0,0,1,0,0,5,0,3,23,87,90,0.1,0.1,0.6,0.1,0.1,15,2.7080502011022096,0.5,0.4453447678692432,0,1,0.8160919540229885
1,1,1,0,0,8,1,3,24,88,90,0.1,0.1,0.6,0.1,0.1,15,2.7080502011022096,0.5,0.915412942463222,0,0,0.8068181818181818
0,0,0,0,0,1,0,3,25,89,90,0.1,0.1,0.6,0.1,0.1,15,2.7080502011022096,0.5,8.127799621907115e-5,0,1,0.8089887640449438
0,1,1,0,1,23,0,3,26,90,90,0.1,0.1,0.6,0.1,0.1,15,2.7080502011022096,0.5,0.4025107572655396,1,0,0.8
1,0,0,0,0,2,0,3,27,91,90,0.1,0.1,0.6,0.1,0.1,15,2.7080502011022096,0.5,3.459273302256143e-4,0,1,0.8021978021978022
0,1,0,1,1,27,0,3,28,92,90,0.1,0.1,0.6,0.1,0.1,15,2.7080502011022096,0.5,7.877641893219111e-5,0,1,0.8043478260869565
0,0,1,0,1,21,0,3,29,93,90,0.1,0.1,0.6,0.1,0.1,15,2.7080502011022096,0.5,0.4398079816038812,0,1,0.8064516129032258
1,1,1,0,1,24,1,3,30,94,90,0.1,0.1,0.6,0.1,0.1,15,2.7080502011022096,0.5,0.9176818941711891,1,1,0.8085106382978723
0,0,0,0,1,17,0,3,31,95,90,0.1,0.1,0.6,0.1,0.1,15,2.7080502011022096,0.5,8.027253752129174e-5,0,1,0.8105263157894737
0,1,0,0,1,19,0,3,32,96,90,0.1,0.1,0.6,0.1,0.1,15,2.7080502011022096,0.5,7.824068600856779e-5,0,1,0.8125
